                                                                        S      1
,,,22HT SLOT Extrusion 300mm,22HAutoCAD 2018 - English,62HAutodesk TransG      1
lation Framework DWG producer (atf_dwg_producer),32,38,7,99,15,,1.,2,2HMG      2
M,1,0.08,15H20260618.151801,0.01,10000.,,7Hunknown,11,0,15H20260618.1340G      3
48;                                                                     G      4
     186       1                       0                        00000000D      1
     186            -619       1       0                               0D      2
     514       2                                                00010000D      3
     514                       5       1                               0D      4
     510       7                                                00010000D      5
     510            -619       1       1                               0D      6
     510       8                                                00010000D      7
     510            -619       1       1                               0D      8
     510       9                                                00010000D      9
     510            -619       1       1                               0D     10
     510      10                                                00010000D     11
     510            -619       1       1                               0D     12
     510      11                                                00010000D     13
     510            -619       1       1                               0D     14
     510      12                                                00010000D     15
     510            -619       1       1                               0D     16
     510      13                                                00010000D     17
     510            -619       1       1                               0D     18
     510      14                                                00010000D     19
     510            -619       1       1                               0D     20
     510      15                                                00010000D     21
     510            -619       1       1                               0D     22
     510      16                                                00010000D     23
     510            -619       1       1                               0D     24
     510      17                                                00010000D     25
     510            -619       1       1                               0D     26
     510      18                                                00010000D     27
     510            -619       1       1                               0D     28
     510      19                                                00010000D     29
     510            -619       1       1                               0D     30
     510      20                                                00010000D     31
     510            -619       1       1                               0D     32
     510      21                                                00010000D     33
     510            -619       1       1                               0D     34
     510      22                                                00010000D     35
     510            -619       1       1                               0D     36
     510      23                                                00010000D     37
     510            -619       1       1                               0D     38
     510      24                                                00010000D     39
     510            -619       1       1                               0D     40
     510      25                                                00010000D     41
     510            -619       1       1                               0D     42
     510      26                                                00010000D     43
     510            -619       1       1                               0D     44
     510      27                                                00010000D     45
     510            -619       1       1                               0D     46
     510      28                                                00010000D     47
     510            -619       1       1                               0D     48
     510      29                                                00010000D     49
     510            -619       1       1                               0D     50
     510      30                                                00010000D     51
     510            -619       1       1                               0D     52
     510      31                                                00010000D     53
     510            -619       1       1                               0D     54
     510      32                                                00010000D     55
     510            -619       1       1                               0D     56
     510      33                                                00010000D     57
     510            -619       1       1                               0D     58
     510      34                                                00010000D     59
     510            -619       1       1                               0D     60
     510      35                                                00010000D     61
     510            -619       1       1                               0D     62
     510      36                                                00010000D     63
     510            -619       1       1                               0D     64
     510      37                                                00010000D     65
     510            -619       1       1                               0D     66
     510      38                                                00010000D     67
     510            -619       1       1                               0D     68
     510      39                                                00010000D     69
     510            -619       1       1                               0D     70
     510      40                                                00010000D     71
     510            -619       1       1                               0D     72
     510      41                                                00010000D     73
     510            -619       1       1                               0D     74
     510      42                                                00010000D     75
     510            -619       1       1                               0D     76
     510      43                                                00010000D     77
     510            -619       1       1                               0D     78
     510      44                                                00010000D     79
     510            -619       1       1                               0D     80
     510      45                                                00010000D     81
     510            -619       1       1                               0D     82
     510      46                                                00010000D     83
     510            -619       1       1                               0D     84
     510      47                                                00010000D     85
     510            -619       1       1                               0D     86
     510      48                                                00010000D     87
     510            -619       1       1                               0D     88
     510      49                                                00010000D     89
     510            -619       1       1                               0D     90
     510      50                                                00010000D     91
     510            -619       1       1                               0D     92
     510      51                                                00010000D     93
     510            -619       1       1                               0D     94
     510      52                                                00010000D     95
     510            -619       1       1                               0D     96
     510      53                                                00010000D     97
     510            -619       1       1                               0D     98
     510      54                                                00010000D     99
     510            -619       1       1                               0D    100
     510      55                                                00010000D    101
     510            -619       1       1                               0D    102
     510      56                                                00010000D    103
     510            -619       1       1                               0D    104
     510      57                                                00010000D    105
     510            -619       1       1                               0D    106
     508      58                                                00010000D    107
     508                       1       1                               0D    108
     508      59                                                00010000D    109
     508                       1       1                               0D    110
     508      60                                                00010000D    111
     508                       1       1                               0D    112
     508      61                                                00010000D    113
     508                       1       1                               0D    114
     508      62                                                00010000D    115
     508                       1       1                               0D    116
     508      63                                                00010000D    117
     508                       1       1                               0D    118
     508      64                                                00010000D    119
     508                       1       1                               0D    120
     508      65                                                00010000D    121
     508                       1       1                               0D    122
     508      66                                                00010000D    123
     508                       1       1                               0D    124
     508      67                                                00010000D    125
     508                       1       1                               0D    126
     508      68                                                00010000D    127
     508                       1       1                               0D    128
     508      69                                                00010000D    129
     508                       1       1                               0D    130
     508      70                                                00010000D    131
     508                       1       1                               0D    132
     508      71                                                00010000D    133
     508                       1       1                               0D    134
     508      72                                                00010000D    135
     508                       1       1                               0D    136
     508      73                                                00010000D    137
     508                       1       1                               0D    138
     508      74                                                00010000D    139
     508                       1       1                               0D    140
     508      75                                                00010000D    141
     508                       1       1                               0D    142
     508      76                                                00010000D    143
     508                       1       1                               0D    144
     508      77                                                00010000D    145
     508                       1       1                               0D    146
     508      78                                                00010000D    147
     508                       1       1                               0D    148
     508      79                                                00010000D    149
     508                       1       1                               0D    150
     508      80                                                00010000D    151
     508                       1       1                               0D    152
     508      81                                                00010000D    153
     508                       1       1                               0D    154
     508      82                                                00010000D    155
     508                       1       1                               0D    156
     508      83                                                00010000D    157
     508                       1       1                               0D    158
     508      84                                                00010000D    159
     508                       1       1                               0D    160
     508      85                                                00010000D    161
     508                       1       1                               0D    162
     508      86                                                00010000D    163
     508                       1       1                               0D    164
     508      87                                                00010000D    165
     508                       1       1                               0D    166
     508      88                                                00010000D    167
     508                       1       1                               0D    168
     508      89                                                00010000D    169
     508                       1       1                               0D    170
     508      90                                                00010000D    171
     508                       1       1                               0D    172
     508      91                                                00010000D    173
     508                       1       1                               0D    174
     508      92                                                00010000D    175
     508                       1       1                               0D    176
     508      93                                                00010000D    177
     508                       1       1                               0D    178
     508      94                                                00010000D    179
     508                       1       1                               0D    180
     508      95                                                00010000D    181
     508                       1       1                               0D    182
     508      96                                                00010000D    183
     508                       1       1                               0D    184
     508      97                                                00010000D    185
     508                       1       1                               0D    186
     508      98                                                00010000D    187
     508                       1       1                               0D    188
     508      99                                                00010000D    189
     508                       1       1                               0D    190
     508     100                                                00010000D    191
     508                       1       1                               0D    192
     508     101                                                00010000D    193
     508                       1       1                               0D    194
     508     102                                                00010000D    195
     508                       1       1                               0D    196
     508     103                                                00010000D    197
     508                       1       1                               0D    198
     508     104                                                00010000D    199
     508                       1       1                               0D    200
     508     105                                                00010000D    201
     508                       1       1                               0D    202
     508     106                                                00010000D    203
     508                       1       1                               0D    204
     508     107                                                00010000D    205
     508                      11       1                               0D    206
     508     118                                                00010000D    207
     508                       1       1                               0D    208
     508     119                                                00010000D    209
     508                      11       1                               0D    210
     508     130                                                00010000D    211
     508                       1       1                               0D    212
     126     131                                                00010000D    213
     126       0              12       0                               0D    214
     126     143                                                00010000D    215
     126       0               3       0                               0D    216
     126     146                                                00010000D    217
     126       0              12       0                               0D    218
     126     158                                                00010000D    219
     126       0               3       0                               0D    220
     126     161                                                00010000D    221
     126       0               3       0                               0D    222
     126     164                                                00010000D    223
     126       0               3       0                               0D    224
     126     167                                                00010000D    225
     126       0               3       0                               0D    226
     126     170                                                00010000D    227
     126       0               3       0                               0D    228
     126     173                                                00010000D    229
     126       0               3       0                               0D    230
     126     176                                                00010000D    231
     126       0               3       0                               0D    232
     126     179                                                00010000D    233
     126       0               3       0                               0D    234
     126     182                                                00010000D    235
     126       0               3       0                               0D    236
     126     185                                                00010000D    237
     126       0               3       0                               0D    238
     126     188                                                00010000D    239
     126       0               3       0                               0D    240
     126     191                                                00010000D    241
     126       0               3       0                               0D    242
     126     194                                                00010000D    243
     126       0               3       0                               0D    244
     126     197                                                00010000D    245
     126       0               3       0                               0D    246
     126     200                                                00010000D    247
     126       0               3       0                               0D    248
     126     203                                                00010000D    249
     126       0               3       0                               0D    250
     126     206                                                00010000D    251
     126       0               3       0                               0D    252
     126     209                                                00010000D    253
     126       0               3       0                               0D    254
     126     212                                                00010000D    255
     126       0               3       0                               0D    256
     126     215                                                00010000D    257
     126       0               3       0                               0D    258
     126     218                                                00010000D    259
     126       0               3       0                               0D    260
     126     221                                                00010000D    261
     126       0               3       0                               0D    262
     126     224                                                00010000D    263
     126       0               3       0                               0D    264
     126     227                                                00010000D    265
     126       0               3       0                               0D    266
     126     230                                                00010000D    267
     126       0               3       0                               0D    268
     126     233                                                00010000D    269
     126       0               5       0                               0D    270
     126     238                                                00010000D    271
     126       0               5       0                               0D    272
     126     243                                                00010000D    273
     126       0               3       0                               0D    274
     126     246                                                00010000D    275
     126       0               3       0                               0D    276
     126     249                                                00010000D    277
     126       0               3       0                               0D    278
     126     252                                                00010000D    279
     126       0               3       0                               0D    280
     126     255                                                00010000D    281
     126       0               3       0                               0D    282
     126     258                                                00010000D    283
     126       0               3       0                               0D    284
     126     261                                                00010000D    285
     126       0               3       0                               0D    286
     126     264                                                00010000D    287
     126       0               3       0                               0D    288
     126     267                                                00010000D    289
     126       0               3       0                               0D    290
     126     270                                                00010000D    291
     126       0               3       0                               0D    292
     126     273                                                00010000D    293
     126       0               3       0                               0D    294
     126     276                                                00010000D    295
     126       0               3       0                               0D    296
     126     279                                                00010000D    297
     126       0               3       0                               0D    298
     126     282                                                00010000D    299
     126       0               3       0                               0D    300
     126     285                                                00010000D    301
     126       0               3       0                               0D    302
     126     288                                                00010000D    303
     126       0               3       0                               0D    304
     126     291                                                00010000D    305
     126       0               3       0                               0D    306
     126     294                                                00010000D    307
     126       0               3       0                               0D    308
     126     297                                                00010000D    309
     126       0               3       0                               0D    310
     126     300                                                00010000D    311
     126       0               3       0                               0D    312
     126     303                                                00010000D    313
     126       0               3       0                               0D    314
     126     306                                                00010000D    315
     126       0               3       0                               0D    316
     126     309                                                00010000D    317
     126       0               3       0                               0D    318
     126     312                                                00010000D    319
     126       0               3       0                               0D    320
     126     315                                                00010000D    321
     126       0               3       0                               0D    322
     126     318                                                00010000D    323
     126       0               3       0                               0D    324
     126     321                                                00010000D    325
     126       0               3       0                               0D    326
     126     324                                                00010000D    327
     126       0               3       0                               0D    328
     126     327                                                00010000D    329
     126       0               3       0                               0D    330
     126     330                                                00010000D    331
     126       0               3       0                               0D    332
     126     333                                                00010000D    333
     126       0               3       0                               0D    334
     126     336                                                00010000D    335
     126       0               3       0                               0D    336
     126     339                                                00010000D    337
     126       0               3       0                               0D    338
     126     342                                                00010000D    339
     126       0               3       0                               0D    340
     126     345                                                00010000D    341
     126       0               5       0                               0D    342
     126     350                                                00010000D    343
     126       0               5       0                               0D    344
     126     355                                                00010000D    345
     126       0               3       0                               0D    346
     126     358                                                00010000D    347
     126       0               3       0                               0D    348
     126     361                                                00010000D    349
     126       0               3       0                               0D    350
     126     364                                                00010000D    351
     126       0               3       0                               0D    352
     126     367                                                00010000D    353
     126       0               3       0                               0D    354
     126     370                                                00010000D    355
     126       0               3       0                               0D    356
     126     373                                                00010000D    357
     126       0               3       0                               0D    358
     126     376                                                00010000D    359
     126       0               3       0                               0D    360
     126     379                                                00010000D    361
     126       0               3       0                               0D    362
     126     382                                                00010000D    363
     126       0               3       0                               0D    364
     126     385                                                00010000D    365
     126       0               3       0                               0D    366
     126     388                                                00010000D    367
     126       0               3       0                               0D    368
     126     391                                                00010000D    369
     126       0               3       0                               0D    370
     126     394                                                00010000D    371
     126       0               3       0                               0D    372
     126     397                                                00010000D    373
     126       0               3       0                               0D    374
     126     400                                                00010000D    375
     126       0               3       0                               0D    376
     126     403                                                00010000D    377
     126       0               3       0                               0D    378
     126     406                                                00010000D    379
     126       0               3       0                               0D    380
     126     409                                                00010000D    381
     126       0               3       0                               0D    382
     126     412                                                00010000D    383
     126       0               3       0                               0D    384
     126     415                                                00010000D    385
     126       0               3       0                               0D    386
     126     418                                                00010000D    387
     126       0               3       0                               0D    388
     126     421                                                00010000D    389
     126       0               3       0                               0D    390
     126     424                                                00010000D    391
     126       0               3       0                               0D    392
     126     427                                                00010000D    393
     126       0               3       0                               0D    394
     126     430                                                00010000D    395
     126       0               3       0                               0D    396
     126     433                                                00010000D    397
     126       0               3       0                               0D    398
     126     436                                                00010000D    399
     126       0               3       0                               0D    400
     126     439                                                00010000D    401
     126       0               3       0                               0D    402
     126     442                                                00010000D    403
     126       0               3       0                               0D    404
     126     445                                                00010000D    405
     126       0               3       0                               0D    406
     126     448                                                00010000D    407
     126       0               3       0                               0D    408
     126     451                                                00010000D    409
     126       0               3       0                               0D    410
     126     454                                                00010000D    411
     126       0               3       0                               0D    412
     126     457                                                00010000D    413
     126       0               5       0                               0D    414
     126     462                                                00010000D    415
     126       0               5       0                               0D    416
     126     467                                                00010000D    417
     126       0               3       0                               0D    418
     126     470                                                00010000D    419
     126       0               3       0                               0D    420
     126     473                                                00010000D    421
     126       0               3       0                               0D    422
     126     476                                                00010000D    423
     126       0               3       0                               0D    424
     126     479                                                00010000D    425
     126       0               3       0                               0D    426
     126     482                                                00010000D    427
     126       0               3       0                               0D    428
     126     485                                                00010000D    429
     126       0               3       0                               0D    430
     126     488                                                00010000D    431
     126       0               3       0                               0D    432
     126     491                                                00010000D    433
     126       0               3       0                               0D    434
     126     494                                                00010000D    435
     126       0               3       0                               0D    436
     126     497                                                00010000D    437
     126       0               3       0                               0D    438
     126     500                                                00010000D    439
     126       0               3       0                               0D    440
     126     503                                                00010000D    441
     126       0               3       0                               0D    442
     126     506                                                00010000D    443
     126       0               3       0                               0D    444
     126     509                                                00010000D    445
     126       0               3       0                               0D    446
     126     512                                                00010000D    447
     126       0               3       0                               0D    448
     126     515                                                00010000D    449
     126       0               3       0                               0D    450
     126     518                                                00010000D    451
     126       0               3       0                               0D    452
     126     521                                                00010000D    453
     126       0               3       0                               0D    454
     126     524                                                00010000D    455
     126       0               3       0                               0D    456
     126     527                                                00010000D    457
     126       0               3       0                               0D    458
     126     530                                                00010000D    459
     126       0               3       0                               0D    460
     126     533                                                00010000D    461
     126       0               3       0                               0D    462
     126     536                                                00010000D    463
     126       0               3       0                               0D    464
     126     539                                                00010000D    465
     126       0               3       0                               0D    466
     126     542                                                00010000D    467
     126       0               3       0                               0D    468
     126     545                                                00010000D    469
     126       0               3       0                               0D    470
     126     548                                                00010000D    471
     126       0               3       0                               0D    472
     126     551                                                00010000D    473
     126       0               3       0                               0D    474
     126     554                                                00010000D    475
     126       0               3       0                               0D    476
     126     557                                                00010000D    477
     126       0               3       0                               0D    478
     126     560                                                00010000D    479
     126       0               3       0                               0D    480
     126     563                                                00010000D    481
     126       0               3       0                               0D    482
     126     566                                                00010000D    483
     126       0               3       0                               0D    484
     126     569                                                00010000D    485
     126       0               5       0                               0D    486
     126     574                                                00010000D    487
     126       0               5       0                               0D    488
     126     579                                                00010000D    489
     126       0               3       0                               0D    490
     126     582                                                00010000D    491
     126       0               3       0                               0D    492
     126     585                                                00010000D    493
     126       0               3       0                               0D    494
     126     588                                                00010000D    495
     126       0               3       0                               0D    496
     126     591                                                00010000D    497
     126       0               3       0                               0D    498
     126     594                                                00010000D    499
     126       0               3       0                               0D    500
     126     597                                                00010000D    501
     126       0               3       0                               0D    502
     126     600                                                00010000D    503
     126       0               3       0                               0D    504
     126     603                                                00010000D    505
     126       0               3       0                               0D    506
     128     606                                                00010000D    507
     128       0    -619      20       0                               0D    508
     128     626                                                00010000D    509
     128       0    -619       6       0                               0D    510
     128     632                                                00010000D    511
     128       0    -619       5       0                               0D    512
     128     637                                                00010000D    513
     128       0    -619       6       0                               0D    514
     128     643                                                00010000D    515
     128       0    -619       6       0                               0D    516
     128     649                                                00010000D    517
     128       0    -619       6       0                               0D    518
     128     655                                                00010000D    519
     128       0    -619       6       0                               0D    520
     128     661                                                00010000D    521
     128       0    -619       5       0                               0D    522
     128     666                                                00010000D    523
     128       0    -619       6       0                               0D    524
     128     672                                                00010000D    525
     128       0    -619       8       0                               0D    526
     128     680                                                00010000D    527
     128       0    -619       5       0                               0D    528
     128     685                                                00010000D    529
     128       0    -619       6       0                               0D    530
     128     691                                                00010000D    531
     128       0    -619       6       0                               0D    532
     128     697                                                00010000D    533
     128       0    -619       6       0                               0D    534
     128     703                                                00010000D    535
     128       0    -619       5       0                               0D    536
     128     708                                                00010000D    537
     128       0    -619       6       0                               0D    538
     128     714                                                00010000D    539
     128       0    -619       5       0                               0D    540
     128     719                                                00010000D    541
     128       0    -619       6       0                               0D    542
     128     725                                                00010000D    543
     128       0    -619       6       0                               0D    544
     128     731                                                00010000D    545
     128       0    -619       6       0                               0D    546
     128     737                                                00010000D    547
     128       0    -619       5       0                               0D    548
     128     742                                                00010000D    549
     128       0    -619       7       0                               0D    550
     128     749                                                00010000D    551
     128       0    -619       5       0                               0D    552
     128     754                                                00010000D    553
     128       0    -619       5       0                               0D    554
     128     759                                                00010000D    555
     128       0    -619       6       0                               0D    556
     128     765                                                00010000D    557
     128       0    -619       6       0                               0D    558
     128     771                                                00010000D    559
     128       0    -619       6       0                               0D    560
     128     777                                                00010000D    561
     128       0    -619       6       0                               0D    562
     128     783                                                00010000D    563
     128       0    -619       6       0                               0D    564
     128     789                                                00010000D    565
     128       0    -619       6       0                               0D    566
     128     795                                                00010000D    567
     128       0    -619       6       0                               0D    568
     128     801                                                00010000D    569
     128       0    -619       5       0                               0D    570
     128     806                                                00010000D    571
     128       0    -619       6       0                               0D    572
     128     812                                                00010000D    573
     128       0    -619       8       0                               0D    574
     128     820                                                00010000D    575
     128       0    -619       5       0                               0D    576
     128     825                                                00010000D    577
     128       0    -619       5       0                               0D    578
     128     830                                                00010000D    579
     128       0    -619       6       0                               0D    580
     128     836                                                00010000D    581
     128       0    -619       6       0                               0D    582
     128     842                                                00010000D    583
     128       0    -619       6       0                               0D    584
     128     848                                                00010000D    585
     128       0    -619       6       0                               0D    586
     128     854                                                00010000D    587
     128       0    -619       5       0                               0D    588
     128     859                                                00010000D    589
     128       0    -619       6       0                               0D    590
     128     865                                                00010000D    591
     128       0    -619       6       0                               0D    592
     128     871                                                00010000D    593
     128       0    -619       5       0                               0D    594
     128     876                                                00010000D    595
     128       0    -619       5       0                               0D    596
     128     881                                                00010000D    597
     128       0    -619       7       0                               0D    598
     128     888                                                00010000D    599
     128       0    -619       6       0                               0D    600
     128     894                                                00010000D    601
     128       0    -619       5       0                               0D    602
     128     899                                                00010000D    603
     128       0    -619       6       0                               0D    604
     128     905                                                00010000D    605
     128       0    -619       7       0                               0D    606
     128     912                                                00010000D    607
     128       0    -619       7       0                               0D    608
     502     919                                                00010000D    609
     502                      66       1                               0D    610
     504     985                                                00010001D    611
     504                      42       1                               0D    612
     406    1027                                                00000000D    613
     406                       1      15                               0D    614
     406    1028                       0                        00000000D    615
     406                       1       3                               0D    616
     314    1029                                                00000200D    617
     314                       1       0                               0D    618
     314    1030                                                00000200D    619
     314                       1       0                               0D    620
186,3,1,0,0,1,613;                                                     1P      1
514,51,5,1,7,1,9,1,11,1,13,1,15,1,17,1,19,1,21,1,23,1,25,1,27,1,       3P      2
29,1,31,1,33,1,35,1,37,1,39,1,41,1,43,1,45,1,47,1,49,1,51,1,53,        3P      3
1,55,1,57,1,59,1,61,1,63,1,65,1,67,1,69,1,71,1,73,1,75,1,77,1,         3P      4
79,1,81,1,83,1,85,1,87,1,89,1,91,1,93,1,95,1,97,1,99,1,101,1,          3P      5
103,1,105,1;                                                           3P      6
510,507,1,1,107;                                                       5P      7
510,509,1,1,109;                                                       7P      8
510,511,1,1,111;                                                       9P      9
510,513,1,1,113;                                                      11P     10
510,515,1,1,115;                                                      13P     11
510,517,1,1,117;                                                      15P     12
510,519,1,1,119;                                                      17P     13
510,521,1,1,121;                                                      19P     14
510,523,1,1,123;                                                      21P     15
510,525,1,1,125;                                                      23P     16
510,527,1,1,127;                                                      25P     17
510,529,1,1,129;                                                      27P     18
510,531,1,1,131;                                                      29P     19
510,533,1,1,133;                                                      31P     20
510,535,1,1,135;                                                      33P     21
510,537,1,1,137;                                                      35P     22
510,539,1,1,139;                                                      37P     23
510,541,1,1,141;                                                      39P     24
510,543,1,1,143;                                                      41P     25
510,545,1,1,145;                                                      43P     26
510,547,1,1,147;                                                      45P     27
510,549,1,1,149;                                                      47P     28
510,551,1,1,151;                                                      49P     29
510,553,1,1,153;                                                      51P     30
510,555,1,1,155;                                                      53P     31
510,557,1,1,157;                                                      55P     32
510,559,1,1,159;                                                      57P     33
510,561,1,1,161;                                                      59P     34
510,563,1,1,163;                                                      61P     35
510,565,1,1,165;                                                      63P     36
510,567,1,1,167;                                                      65P     37
510,569,1,1,169;                                                      67P     38
510,571,1,1,171;                                                      69P     39
510,573,1,1,173;                                                      71P     40
510,575,1,1,175;                                                      73P     41
510,577,1,1,177;                                                      75P     42
510,579,1,1,179;                                                      77P     43
510,581,1,1,181;                                                      79P     44
510,583,1,1,183;                                                      81P     45
510,585,1,1,185;                                                      83P     46
510,587,1,1,187;                                                      85P     47
510,589,1,1,189;                                                      87P     48
510,591,1,1,191;                                                      89P     49
510,593,1,1,193;                                                      91P     50
510,595,1,1,195;                                                      93P     51
510,597,1,1,197;                                                      95P     52
510,599,1,1,199;                                                      97P     53
510,601,1,1,201;                                                      99P     54
510,603,1,1,203;                                                     101P     55
510,605,2,1,205,207;                                                 103P     56
510,607,2,1,209,211;                                                 105P     57
508,4,0,611,1,0,0,0,611,2,1,0,0,611,3,1,0,0,611,2,0,0;               107P     58
508,4,0,611,4,1,0,0,611,5,1,0,0,611,6,0,0,0,611,7,0,0;               109P     59
508,4,0,611,8,1,0,0,611,7,1,0,0,611,9,0,0,0,611,10,0,0;              111P     60
508,4,0,611,11,1,0,0,611,10,1,0,0,611,12,0,0,0,611,13,0,0;           113P     61
508,4,0,611,14,1,0,0,611,13,1,0,0,611,15,0,0,0,611,16,0,0;           115P     62
508,4,0,611,17,1,0,0,611,16,1,0,0,611,18,0,0,0,611,19,0,0;           117P     63
508,4,0,611,20,1,0,0,611,19,1,0,0,611,21,0,0,0,611,22,0,0;           119P     64
508,4,0,611,23,1,0,0,611,22,1,0,0,611,24,0,0,0,611,25,0,0;           121P     65
508,4,0,611,26,1,0,0,611,25,1,0,0,611,27,0,0,0,611,28,0,0;           123P     66
508,4,0,611,29,1,0,0,611,28,1,0,0,611,30,0,0,0,611,31,0,0;           125P     67
508,4,0,611,32,1,0,0,611,31,1,0,0,611,33,0,0,0,611,34,0,0;           127P     68
508,4,0,611,35,1,0,0,611,34,1,0,0,611,36,0,0,0,611,37,0,0;           129P     69
508,4,0,611,38,1,0,0,611,37,1,0,0,611,39,0,0,0,611,40,0,0;           131P     70
508,4,0,611,41,1,0,0,611,40,1,0,0,611,42,0,0,0,611,43,0,0;           133P     71
508,4,0,611,44,1,0,0,611,43,1,0,0,611,45,0,0,0,611,46,0,0;           135P     72
508,4,0,611,47,1,0,0,611,46,1,0,0,611,48,0,0,0,611,49,0,0;           137P     73
508,4,0,611,50,1,0,0,611,49,1,0,0,611,51,0,0,0,611,52,0,0;           139P     74
508,4,0,611,53,1,0,0,611,52,1,0,0,611,54,0,0,0,611,55,0,0;           141P     75
508,4,0,611,56,1,0,0,611,55,1,0,0,611,57,0,0,0,611,58,0,0;           143P     76
508,4,0,611,59,1,0,0,611,58,1,0,0,611,60,0,0,0,611,61,0,0;           145P     77
508,4,0,611,62,1,0,0,611,61,1,0,0,611,63,0,0,0,611,64,0,0;           147P     78
508,4,0,611,65,1,0,0,611,64,1,0,0,611,66,0,0,0,611,67,0,0;           149P     79
508,4,0,611,68,1,0,0,611,67,1,0,0,611,69,0,0,0,611,70,0,0;           151P     80
508,4,0,611,71,1,0,0,611,70,1,0,0,611,72,0,0,0,611,73,0,0;           153P     81
508,4,0,611,74,1,0,0,611,73,1,0,0,611,75,0,0,0,611,76,0,0;           155P     82
508,4,0,611,77,1,0,0,611,76,1,0,0,611,78,0,0,0,611,79,0,0;           157P     83
508,4,0,611,80,1,0,0,611,79,1,0,0,611,81,0,0,0,611,82,0,0;           159P     84
508,4,0,611,83,1,0,0,611,82,1,0,0,611,84,0,0,0,611,85,0,0;           161P     85
508,4,0,611,86,1,0,0,611,85,1,0,0,611,87,0,0,0,611,88,0,0;           163P     86
508,4,0,611,89,1,0,0,611,88,1,0,0,611,90,0,0,0,611,91,0,0;           165P     87
508,4,0,611,92,1,0,0,611,91,1,0,0,611,93,0,0,0,611,94,0,0;           167P     88
508,4,0,611,95,1,0,0,611,94,1,0,0,611,96,0,0,0,611,97,0,0;           169P     89
508,4,0,611,98,1,0,0,611,97,1,0,0,611,99,0,0,0,611,100,0,0;          171P     90
508,4,0,611,101,1,0,0,611,100,1,0,0,611,102,0,0,0,611,103,0,0;       173P     91
508,4,0,611,104,1,0,0,611,103,1,0,0,611,105,0,0,0,611,106,0,0;       175P     92
508,4,0,611,107,1,0,0,611,106,1,0,0,611,108,0,0,0,611,109,0,0;       177P     93
508,4,0,611,110,1,0,0,611,109,1,0,0,611,111,0,0,0,611,112,0,0;       179P     94
508,4,0,611,113,1,0,0,611,112,1,0,0,611,114,0,0,0,611,115,0,0;       181P     95
508,4,0,611,116,1,0,0,611,115,1,0,0,611,117,0,0,0,611,118,0,0;       183P     96
508,4,0,611,119,1,0,0,611,118,1,0,0,611,120,0,0,0,611,121,0,0;       185P     97
508,4,0,611,122,1,0,0,611,121,1,0,0,611,123,0,0,0,611,124,0,0;       187P     98
508,4,0,611,125,1,0,0,611,124,1,0,0,611,126,0,0,0,611,127,0,0;       189P     99
508,4,0,611,128,1,0,0,611,127,1,0,0,611,129,0,0,0,611,130,0,0;       191P    100
508,4,0,611,131,1,0,0,611,130,1,0,0,611,132,0,0,0,611,133,0,0;       193P    101
508,4,0,611,134,1,0,0,611,133,1,0,0,611,135,0,0,0,611,136,0,0;       195P    102
508,4,0,611,137,1,0,0,611,136,1,0,0,611,138,0,0,0,611,139,0,0;       197P    103
508,4,0,611,140,1,0,0,611,139,1,0,0,611,141,0,0,0,611,142,0,0;       199P    104
508,4,0,611,143,1,0,0,611,142,1,0,0,611,144,0,0,0,611,145,0,0;       201P    105
508,4,0,611,146,1,0,0,611,145,1,0,0,611,147,0,0,0,611,5,0,0;         203P    106
508,48,0,611,147,1,0,0,611,144,1,0,0,611,141,1,0,0,611,138,1,0,      205P    107
0,611,135,1,0,0,611,132,1,0,0,611,129,1,0,0,611,126,1,0,0,611,       205P    108
123,1,0,0,611,120,1,0,0,611,117,1,0,0,611,114,1,0,0,611,111,1,0,     205P    109
0,611,108,1,0,0,611,105,1,0,0,611,102,1,0,0,611,99,1,0,0,611,96,     205P    110
1,0,0,611,93,1,0,0,611,90,1,0,0,611,87,1,0,0,611,84,1,0,0,611,       205P    111
81,1,0,0,611,78,1,0,0,611,75,1,0,0,611,72,1,0,0,611,69,1,0,0,        205P    112
611,66,1,0,0,611,63,1,0,0,611,60,1,0,0,611,57,1,0,0,611,54,1,0,      205P    113
0,611,51,1,0,0,611,48,1,0,0,611,45,1,0,0,611,42,1,0,0,611,39,1,      205P    114
0,0,611,36,1,0,0,611,33,1,0,0,611,30,1,0,0,611,27,1,0,0,611,24,      205P    115
1,0,0,611,21,1,0,0,611,18,1,0,0,611,15,1,0,0,611,12,1,0,0,611,9,     205P    116
1,0,0,611,6,1,0;                                                     205P    117
508,1,0,611,1,1,0;                                                   207P    118
508,48,0,611,146,0,0,0,611,4,0,0,0,611,8,0,0,0,611,11,0,0,0,611,     209P    119
14,0,0,0,611,17,0,0,0,611,20,0,0,0,611,23,0,0,0,611,26,0,0,0,        209P    120
611,29,0,0,0,611,32,0,0,0,611,35,0,0,0,611,38,0,0,0,611,41,0,0,      209P    121
0,611,44,0,0,0,611,47,0,0,0,611,50,0,0,0,611,53,0,0,0,611,56,0,      209P    122
0,0,611,59,0,0,0,611,62,0,0,0,611,65,0,0,0,611,68,0,0,0,611,71,      209P    123
0,0,0,611,74,0,0,0,611,77,0,0,0,611,80,0,0,0,611,83,0,0,0,611,       209P    124
86,0,0,0,611,89,0,0,0,611,92,0,0,0,611,95,0,0,0,611,98,0,0,0,        209P    125
611,101,0,0,0,611,104,0,0,0,611,107,0,0,0,611,110,0,0,0,611,113,     209P    126
0,0,0,611,116,0,0,0,611,119,0,0,0,611,122,0,0,0,611,125,0,0,0,       209P    127
611,128,0,0,0,611,131,0,0,0,611,134,0,0,0,611,137,0,0,0,611,140,     209P    128
0,0,0,611,143,0,0;                                                   209P    129
508,1,0,611,3,0,0;                                                   211P    130
126,8,2,0,1,0,0,-3.14159265358979,-3.14159265358979,                 213P    131
-3.14159265358979,-1.5707963267949,-1.5707963267949,0.,0.,           213P    132
1.5707963267949,1.5707963267949,3.14159265358979,                    213P    133
3.14159265358979,3.14159265358979,1.,0.707106781186548,1.,           213P    134
0.707106781186552,1.,0.70710678118654,1.,0.707106781186555,1.,       213P    135
75.8186111848676,10.1550090878948,300.,75.8186111848676,             213P    136
8.0550090878948,300.,73.7186111848676,8.0550090878948,300.,          213P    137
71.6186111848676,8.0550090878948,300.,71.6186111848676,              213P    138
10.1550090878948,300.,71.6186111848676,12.2550090878948,300.,        213P    139
73.7186111848676,12.2550090878948,300.,75.8186111848676,             213P    140
12.2550090878948,300.,75.8186111848676,10.1550090878948,300.,        213P    141
-3.14159265358979,3.14159265358979,0.,0.,0.;                         213P    142
126,1,1,0,0,1,0,-142.857142857143,-142.857142857143,0.,0.,1.,1.,     215P    143
75.8186111848676,10.1550090878948,300.,75.8186111848676,             215P    144
10.1550090878948,0.,-142.857142857143,0.,0.,0.,0.;                   215P    145
126,8,2,0,1,0,0,-3.14159265358979,-3.14159265358979,                 217P    146
-3.14159265358979,-1.5707963267949,-1.5707963267949,0.,0.,           217P    147
1.5707963267949,1.5707963267949,3.14159265358979,                    217P    148
3.14159265358979,3.14159265358979,1.,0.707106781186548,1.,           217P    149
0.707106781186552,1.,0.70710678118654,1.,0.707106781186555,1.,       217P    150
75.8186111848676,10.1550090878948,0.,75.8186111848676,               217P    151
8.0550090878948,0.,73.7186111848676,8.0550090878948,0.,              217P    152
71.6186111848676,8.0550090878948,0.,71.6186111848676,                217P    153
10.1550090878948,0.,71.6186111848676,12.2550090878948,0.,            217P    154
73.7186111848676,12.2550090878948,0.,75.8186111848676,               217P    155
12.2550090878948,0.,75.8186111848676,10.1550090878948,0.,            217P    156
-3.14159265358979,3.14159265358979,0.,0.,0.;                         217P    157
126,1,1,0,0,1,0,0.,0.,1.16961623612066,1.16961623612066,1.,1.,       219P    158
66.8901840601214,4.7407955255217,0.,65.7205678240007,                219P    159
4.74079552552169,0.,0.,1.16961623612066,0.,0.,0.;                    219P    160
126,1,1,0,0,1,0,0.,0.,300.,300.,1.,1.,65.7205678240007,              221P    161
4.74079552552169,0.,65.7205678240007,4.74079552552169,300.,0.,       221P    162
300.,0.,0.,0.;                                                       221P    163
126,1,1,0,0,1,0,0.,0.,1.16961623612066,1.16961623612066,1.,1.,       223P    164
66.8901840601214,4.7407955255217,300.,65.7205678240007,              223P    165
4.74079552552169,300.,0.,1.16961623612066,0.,0.,0.;                  223P    166
126,1,1,0,0,1,0,0.,0.,300.,300.,1.,1.,66.8901840601214,              225P    167
4.7407955255217,0.,66.8901840601214,4.7407955255217,300.,0.,         225P    168
300.,0.,0.,0.;                                                       225P    169
126,1,1,0,0,1,0,0.,0.,4.,4.,1.,1.,69.7186111848676,                  227P    170
7.56922265026789,0.,66.8901840601214,4.7407955255217,0.,0.,4.,       227P    171
0.,0.,0.;                                                            227P    172
126,1,1,0,0,1,0,0.,0.,4.,4.,1.,1.,69.7186111848676,                  229P    173
7.56922265026789,300.,66.8901840601214,4.7407955255217,300.,0.,      229P    174
4.,0.,0.,0.;                                                         229P    175
126,1,1,0,0,1,0,0.,0.,300.,300.,1.,1.,69.7186111848676,              231P    176
7.56922265026789,0.,69.7186111848676,7.56922265026789,300.,0.,       231P    177
300.,0.,0.,0.;                                                       231P    178
126,1,1,0,0,1,0,0.,0.,5.17157287525383,5.17157287525383,1.,1.,       233P    179
69.7186111848676,12.7407955255217,0.,69.7186111848676,               233P    180
7.56922265026789,0.,0.,5.17157287525383,0.,0.,0.;                    233P    181
126,1,1,0,0,1,0,0.,0.,5.17157287525383,5.17157287525383,1.,1.,       235P    182
69.7186111848676,12.7407955255217,300.,69.7186111848676,             235P    183
7.56922265026789,300.,0.,5.17157287525383,0.,0.,0.;                  235P    184
126,1,1,0,0,1,0,0.,0.,300.,300.,1.,1.,69.7186111848676,              237P    185
12.7407955255217,0.,69.7186111848676,12.7407955255217,300.,0.,       237P    186
300.,0.,0.,0.;                                                       237P    187
126,1,1,0,0,1,0,0.,0.,3.99999999999998,3.99999999999998,1.,1.,       239P    188
66.8901840601214,15.5692226502679,0.,69.7186111848676,               239P    189
12.7407955255217,0.,0.,3.99999999999998,0.,0.,0.;                    239P    190
126,1,1,0,0,1,0,0.,0.,3.99999999999998,3.99999999999998,1.,1.,       241P    191
66.8901840601214,15.5692226502679,300.,69.7186111848676,             241P    192
12.7407955255217,300.,0.,3.99999999999998,0.,0.,0.;                  241P    193
126,1,1,0,0,1,0,0.,0.,300.,300.,1.,1.,66.8901840601214,              243P    194
15.5692226502679,0.,66.8901840601214,15.5692226502679,300.,0.,       243P    195
300.,0.,0.,0.;                                                       243P    196
126,1,1,0,0,1,0,0.,0.,1.17157287525382,1.17157287525382,1.,1.,       245P    197
65.7186111848676,15.5692226502679,0.,66.8901840601214,               245P    198
15.5692226502679,0.,0.,1.17157287525382,0.,0.,0.;                    245P    199
126,1,1,0,0,1,0,0.,0.,1.17157287525382,1.17157287525382,1.,1.,       247P    200
65.7186111848676,15.5692226502679,300.,66.8901840601214,             247P    201
15.5692226502679,300.,0.,1.17157287525382,0.,0.,0.;                  247P    202
126,1,1,0,0,1,0,0.,0.,300.,300.,1.,1.,65.7186111848676,              249P    203
15.5692226502679,0.,65.7186111848676,15.5692226502679,300.,0.,       249P    204
300.,0.,0.,0.;                                                       249P    205
126,1,1,0,0,1,0,0.,0.,2.4142135623731,2.4142135623731,1.,1.,         251P    206
65.7186111848676,13.1550090878948,0.,65.7186111848676,               251P    207
15.5692226502679,0.,0.,2.4142135623731,0.,0.,0.;                     251P    208
126,1,1,0,0,1,0,0.,0.,2.4142135623731,2.4142135623731,1.,1.,         253P    209
65.7186111848676,13.1550090878948,300.,65.7186111848676,             253P    210
15.5692226502679,300.,0.,2.4142135623731,0.,0.,0.;                   253P    211
126,1,1,0,0,1,0,0.,0.,300.,300.,1.,1.,65.7186111848676,              255P    212
13.1550090878948,0.,65.7186111848676,13.1550090878948,300.,0.,       255P    213
300.,0.,0.,0.;                                                       255P    214
126,1,1,0,0,1,0,0.,0.,2.,2.,1.,1.,63.7186111848676,                  257P    215
13.1550090878948,0.,65.7186111848676,13.1550090878948,0.,0.,2.,      257P    216
0.,0.,0.;                                                            257P    217
126,1,1,0,0,1,0,0.,0.,2.,2.,1.,1.,63.7186111848676,                  259P    218
13.1550090878948,300.,65.7186111848676,13.1550090878948,300.,0.,     259P    219
2.,0.,0.,0.;                                                         259P    220
126,1,1,0,0,1,0,0.,0.,300.,300.,1.,1.,63.7186111848676,              261P    221
13.1550090878948,0.,63.7186111848676,13.1550090878948,300.,0.,       261P    222
300.,0.,0.,0.;                                                       261P    223
126,1,1,0,0,1,0,0.,0.,6.00000000000001,6.00000000000001,1.,1.,       263P    224
63.7186111848676,19.1550090878948,0.,63.7186111848676,               263P    225
13.1550090878948,0.,0.,6.00000000000001,0.,0.,0.;                    263P    226
126,1,1,0,0,1,0,0.,0.,6.00000000000001,6.00000000000001,1.,1.,       265P    227
63.7186111848676,19.1550090878948,300.,63.7186111848676,             265P    228
13.1550090878948,300.,0.,6.00000000000001,0.,0.,0.;                  265P    229
126,1,1,0,0,1,0,0.,0.,300.,300.,1.,1.,63.7186111848676,              267P    230
19.1550090878948,0.,63.7186111848676,19.1550090878948,300.,0.,       267P    231
300.,0.,0.,0.;                                                       267P    232
126,2,2,0,0,0,0,0.,0.,0.,1.57079632679489,1.57079632679489,          269P    233
1.57079632679489,1.,0.707106781186557,1.,64.7186111848676,           269P    234
20.1550090878948,0.,63.7186111848676,20.1550090878948,0.,            269P    235
63.7186111848676,19.1550090878948,0.,0.,1.57079632679489,0.,0.,      269P    236
0.;                                                                  269P    237
126,2,2,0,0,0,0,0.,0.,0.,1.57079632679489,1.57079632679489,          271P    238
1.57079632679489,1.,0.707106781186557,1.,64.7186111848676,           271P    239
20.1550090878948,300.,63.7186111848676,20.1550090878948,300.,        271P    240
63.7186111848676,19.1550090878948,300.,0.,1.57079632679489,0.,       271P    241
0.,0.;                                                               271P    242
126,1,1,0,0,1,0,0.,0.,300.,300.,1.,1.,64.7186111848676,              273P    243
20.1550090878948,0.,64.7186111848676,20.1550090878948,300.,0.,       273P    244
300.,0.,0.,0.;                                                       273P    245
126,1,1,0,0,1,0,0.,0.,6.,6.,1.,1.,70.7186111848676,                  275P    246
20.1550090878948,0.,64.7186111848676,20.1550090878948,0.,0.,6.,      275P    247
0.,0.,0.;                                                            275P    248
126,1,1,0,0,1,0,0.,0.,6.,6.,1.,1.,70.7186111848676,                  277P    249
20.1550090878948,300.,64.7186111848676,20.1550090878948,300.,0.,     277P    250
6.,0.,0.,0.;                                                         277P    251
126,1,1,0,0,1,0,0.,0.,300.,300.,1.,1.,70.7186111848676,              279P    252
20.1550090878948,0.,70.7186111848676,20.1550090878948,300.,0.,       279P    253
300.,0.,0.,0.;                                                       279P    254
126,1,1,0,0,1,0,0.,0.,1.99999999999999,1.99999999999999,1.,1.,       281P    255
70.7186111848676,18.1550090878948,0.,70.7186111848676,               281P    256
20.1550090878948,0.,0.,1.99999999999999,0.,0.,0.;                    281P    257
126,1,1,0,0,1,0,0.,0.,1.99999999999999,1.99999999999999,1.,1.,       283P    258
70.7186111848676,18.1550090878948,300.,70.7186111848676,             283P    259
20.1550090878948,300.,0.,1.99999999999999,0.,0.,0.;                  283P    260
126,1,1,0,0,1,0,0.,0.,300.,300.,1.,1.,70.7186111848676,              285P    261
18.1550090878948,0.,70.7186111848676,18.1550090878948,300.,0.,       285P    262
300.,0.,0.,0.;                                                       285P    263
126,1,1,0,0,1,0,0.,0.,2.41421356237311,2.41421356237311,1.,1.,       287P    264
68.3043976224945,18.1550090878948,0.,70.7186111848676,               287P    265
18.1550090878948,0.,0.,2.41421356237311,0.,0.,0.;                    287P    266
126,1,1,0,0,1,0,0.,0.,2.41421356237311,2.41421356237311,1.,1.,       289P    267
68.3043976224945,18.1550090878948,300.,70.7186111848676,             289P    268
18.1550090878948,300.,0.,2.41421356237311,0.,0.,0.;                  289P    269
126,1,1,0,0,1,0,0.,0.,300.,300.,1.,1.,68.3043976224945,              291P    270
18.1550090878948,0.,68.3043976224945,18.1550090878948,300.,0.,       291P    271
300.,0.,0.,0.;                                                       291P    272
126,1,1,0,0,1,0,0.,0.,1.17157287525382,1.17157287525382,1.,1.,       293P    273
68.3043976224945,16.983436212641,0.,68.3043976224945,                293P    274
18.1550090878948,0.,0.,1.17157287525382,0.,0.,0.;                    293P    275
126,1,1,0,0,1,0,0.,0.,1.17157287525382,1.17157287525382,1.,1.,       295P    276
68.3043976224945,16.983436212641,300.,68.3043976224945,              295P    277
18.1550090878948,300.,0.,1.17157287525382,0.,0.,0.;                  295P    278
126,1,1,0,0,1,0,0.,0.,300.,300.,1.,1.,68.3043976224945,              297P    279
16.983436212641,0.,68.3043976224945,16.983436212641,300.,0.,         297P    280
300.,0.,0.,0.;                                                       297P    281
126,1,1,0,0,1,0,0.,0.,4.,4.,1.,1.,71.1328247472407,                  299P    282
14.1550090878948,0.,68.3043976224945,16.983436212641,0.,0.,4.,       299P    283
0.,0.,0.;                                                            299P    284
126,1,1,0,0,1,0,0.,0.,4.,4.,1.,1.,71.1328247472407,                  301P    285
14.1550090878948,300.,68.3043976224945,16.983436212641,300.,0.,      301P    286
4.,0.,0.,0.;                                                         301P    287
126,1,1,0,0,1,0,0.,0.,300.,300.,1.,1.,71.1328247472407,              303P    288
14.1550090878948,0.,71.1328247472407,14.1550090878948,300.,0.,       303P    289
300.,0.,0.,0.;                                                       303P    290
126,1,1,0,0,1,0,0.,0.,5.17157287525382,5.17157287525382,1.,1.,       305P    291
76.3043976224945,14.1550090878948,0.,71.1328247472407,               305P    292
14.1550090878948,0.,0.,5.17157287525382,0.,0.,0.;                    305P    293
126,1,1,0,0,1,0,0.,0.,5.17157287525382,5.17157287525382,1.,1.,       307P    294
76.3043976224945,14.1550090878948,300.,71.1328247472407,             307P    295
14.1550090878948,300.,0.,5.17157287525382,0.,0.,0.;                  307P    296
126,1,1,0,0,1,0,0.,0.,300.,300.,1.,1.,76.3043976224945,              309P    297
14.1550090878948,0.,76.3043976224945,14.1550090878948,300.,0.,       309P    298
300.,0.,0.,0.;                                                       309P    299
126,1,1,0,0,1,0,0.,0.,4.,4.,1.,1.,79.1328247472407,                  311P    300
16.983436212641,0.,76.3043976224945,14.1550090878948,0.,0.,4.,       311P    301
0.,0.,0.;                                                            311P    302
126,1,1,0,0,1,0,0.,0.,4.,4.,1.,1.,79.1328247472407,                  313P    303
16.983436212641,300.,76.3043976224945,14.1550090878948,300.,0.,      313P    304
4.,0.,0.,0.;                                                         313P    305
126,1,1,0,0,1,0,0.,0.,300.,300.,1.,1.,79.1328247472407,              315P    306
16.983436212641,0.,79.1328247472407,16.983436212641,300.,0.,         315P    307
300.,0.,0.,0.;                                                       315P    308
126,1,1,0,0,1,0,0.,0.,1.17157287525381,1.17157287525381,1.,1.,       317P    309
79.1328247472407,18.1550090878948,0.,79.1328247472407,               317P    310
16.983436212641,0.,0.,1.17157287525381,0.,0.,0.;                     317P    311
126,1,1,0,0,1,0,0.,0.,1.17157287525381,1.17157287525381,1.,1.,       319P    312
79.1328247472407,18.1550090878948,300.,79.1328247472407,             319P    313
16.983436212641,300.,0.,1.17157287525381,0.,0.,0.;                   319P    314
126,1,1,0,0,1,0,0.,0.,300.,300.,1.,1.,79.1328247472407,              321P    315
18.1550090878948,0.,79.1328247472407,18.1550090878948,300.,0.,       321P    316
300.,0.,0.,0.;                                                       321P    317
126,1,1,0,0,1,0,0.,0.,2.4142135623731,2.4142135623731,1.,1.,         323P    318
76.7186111848676,18.1550090878948,0.,79.1328247472407,               323P    319
18.1550090878948,0.,0.,2.4142135623731,0.,0.,0.;                     323P    320
126,1,1,0,0,1,0,0.,0.,2.4142135623731,2.4142135623731,1.,1.,         325P    321
76.7186111848676,18.1550090878948,300.,79.1328247472407,             325P    322
18.1550090878948,300.,0.,2.4142135623731,0.,0.,0.;                   325P    323
126,1,1,0,0,1,0,0.,0.,300.,300.,1.,1.,76.7186111848676,              327P    324
18.1550090878948,0.,76.7186111848676,18.1550090878948,300.,0.,       327P    325
300.,0.,0.,0.;                                                       327P    326
126,1,1,0,0,1,0,0.,0.,1.99999999999999,1.99999999999999,1.,1.,       329P    327
76.7186111848676,20.1550090878948,0.,76.7186111848676,               329P    328
18.1550090878948,0.,0.,1.99999999999999,0.,0.,0.;                    329P    329
126,1,1,0,0,1,0,0.,0.,1.99999999999999,1.99999999999999,1.,1.,       331P    330
76.7186111848676,20.1550090878948,300.,76.7186111848676,             331P    331
18.1550090878948,300.,0.,1.99999999999999,0.,0.,0.;                  331P    332
126,1,1,0,0,1,0,0.,0.,300.,300.,1.,1.,76.7186111848676,              333P    333
20.1550090878948,0.,76.7186111848676,20.1550090878948,300.,0.,       333P    334
300.,0.,0.,0.;                                                       333P    335
126,1,1,0,0,1,0,0.,0.,6.,6.,1.,1.,82.7186111848676,                  335P    336
20.1550090878948,0.,76.7186111848676,20.1550090878948,0.,0.,6.,      335P    337
0.,0.,0.;                                                            335P    338
126,1,1,0,0,1,0,0.,0.,6.,6.,1.,1.,82.7186111848676,                  337P    339
20.1550090878948,300.,76.7186111848676,20.1550090878948,300.,0.,     337P    340
6.,0.,0.,0.;                                                         337P    341
126,1,1,0,0,1,0,0.,0.,300.,300.,1.,1.,82.7186111848676,              339P    342
20.1550090878948,0.,82.7186111848676,20.1550090878948,300.,0.,       339P    343
300.,0.,0.,0.;                                                       339P    344
126,2,2,0,0,0,0,0.,0.,0.,1.57079632679489,1.57079632679489,          341P    345
1.57079632679489,1.,0.707106781186547,1.,83.7186111848676,           341P    346
19.1550090878948,0.,83.7186111848676,20.1550090878948,0.,            341P    347
82.7186111848676,20.1550090878948,0.,0.,1.57079632679489,0.,0.,      341P    348
0.;                                                                  341P    349
126,2,2,0,0,0,0,0.,0.,0.,1.57079632679489,1.57079632679489,          343P    350
1.57079632679489,1.,0.707106781186547,1.,83.7186111848676,           343P    351
19.1550090878948,300.,83.7186111848676,20.1550090878948,300.,        343P    352
82.7186111848676,20.1550090878948,300.,0.,1.57079632679489,0.,       343P    353
0.,0.;                                                               343P    354
126,1,1,0,0,1,0,0.,0.,300.,300.,1.,1.,83.7186111848676,              345P    355
19.1550090878948,0.,83.7186111848676,19.1550090878948,300.,0.,       345P    356
300.,0.,0.,0.;                                                       345P    357
126,1,1,0,0,1,0,0.,0.,6.,6.,1.,1.,83.7186111848676,                  347P    358
13.1550090878948,0.,83.7186111848676,19.1550090878948,0.,0.,6.,      347P    359
0.,0.,0.;                                                            347P    360
126,1,1,0,0,1,0,0.,0.,6.,6.,1.,1.,83.7186111848676,                  349P    361
13.1550090878948,300.,83.7186111848676,19.1550090878948,300.,0.,     349P    362
6.,0.,0.,0.;                                                         349P    363
126,1,1,0,0,1,0,0.,0.,300.,300.,1.,1.,83.7186111848676,              351P    364
13.1550090878948,0.,83.7186111848676,13.1550090878948,300.,0.,       351P    365
300.,0.,0.,0.;                                                       351P    366
126,1,1,0,0,1,0,0.,0.,2.,2.,1.,1.,81.7186111848676,                  353P    367
13.1550090878948,0.,83.7186111848676,13.1550090878948,0.,0.,2.,      353P    368
0.,0.,0.;                                                            353P    369
126,1,1,0,0,1,0,0.,0.,2.,2.,1.,1.,81.7186111848676,                  355P    370
13.1550090878948,300.,83.7186111848676,13.1550090878948,300.,0.,     355P    371
2.,0.,0.,0.;                                                         355P    372
126,1,1,0,0,1,0,0.,0.,300.,300.,1.,1.,81.7186111848676,              357P    373
13.1550090878948,0.,81.7186111848676,13.1550090878948,300.,0.,       357P    374
300.,0.,0.,0.;                                                       357P    375
126,1,1,0,0,1,0,0.,0.,2.4142135623731,2.4142135623731,1.,1.,         359P    376
81.7186111848676,15.5692226502679,0.,81.7186111848676,               359P    377
13.1550090878948,0.,0.,2.4142135623731,0.,0.,0.;                     359P    378
126,1,1,0,0,1,0,0.,0.,2.4142135623731,2.4142135623731,1.,1.,         361P    379
81.7186111848676,15.5692226502679,300.,81.7186111848676,             361P    380
13.1550090878948,300.,0.,2.4142135623731,0.,0.,0.;                   361P    381
126,1,1,0,0,1,0,0.,0.,300.,300.,1.,1.,81.7186111848676,              363P    382
15.5692226502679,0.,81.7186111848676,15.5692226502679,300.,0.,       363P    383
300.,0.,0.,0.;                                                       363P    384
126,1,1,0,0,1,0,0.,0.,1.17157287525381,1.17157287525381,1.,1.,       365P    385
80.5470383096138,15.5692226502679,0.,81.7186111848676,               365P    386
15.5692226502679,0.,0.,1.17157287525381,0.,0.,0.;                    365P    387
126,1,1,0,0,1,0,0.,0.,1.17157287525381,1.17157287525381,1.,1.,       367P    388
80.5470383096138,15.5692226502679,300.,81.7186111848676,             367P    389
15.5692226502679,300.,0.,1.17157287525381,0.,0.,0.;                  367P    390
126,1,1,0,0,1,0,0.,0.,300.,300.,1.,1.,80.5470383096138,              369P    391
15.5692226502679,0.,80.5470383096138,15.5692226502679,300.,0.,       369P    392
300.,0.,0.,0.;                                                       369P    393
126,1,1,0,0,1,0,0.,0.,4.00000000000001,4.00000000000001,1.,1.,       371P    394
77.7186111848676,12.7407955255217,0.,80.5470383096138,               371P    395
15.5692226502679,0.,0.,4.00000000000001,0.,0.,0.;                    371P    396
126,1,1,0,0,1,0,0.,0.,4.00000000000001,4.00000000000001,1.,1.,       373P    397
77.7186111848676,12.7407955255217,300.,80.5470383096138,             373P    398
15.5692226502679,300.,0.,4.00000000000001,0.,0.,0.;                  373P    399
126,1,1,0,0,1,0,0.,0.,300.,300.,1.,1.,77.7186111848676,              375P    400
12.7407955255217,0.,77.7186111848676,12.7407955255217,300.,0.,       375P    401
300.,0.,0.,0.;                                                       375P    402
126,1,1,0,0,1,0,0.,0.,5.17157287525381,5.17157287525381,1.,1.,       377P    403
77.7186111848676,7.5692226502679,0.,77.7186111848676,                377P    404
12.7407955255217,0.,0.,5.17157287525381,0.,0.,0.;                    377P    405
126,1,1,0,0,1,0,0.,0.,5.17157287525381,5.17157287525381,1.,1.,       379P    406
77.7186111848676,7.5692226502679,300.,77.7186111848676,              379P    407
12.7407955255217,300.,0.,5.17157287525381,0.,0.,0.;                  379P    408
126,1,1,0,0,1,0,0.,0.,300.,300.,1.,1.,77.7186111848676,              381P    409
7.5692226502679,0.,77.7186111848676,7.5692226502679,300.,0.,         381P    410
300.,0.,0.,0.;                                                       381P    411
126,1,1,0,0,1,0,0.,0.,4.00000000000002,4.00000000000002,1.,1.,       383P    412
80.5470383096138,4.7407955255217,0.,77.7186111848676,                383P    413
7.5692226502679,0.,0.,4.00000000000002,0.,0.,0.;                     383P    414
126,1,1,0,0,1,0,0.,0.,4.00000000000002,4.00000000000002,1.,1.,       385P    415
80.5470383096138,4.7407955255217,300.,77.7186111848676,              385P    416
7.5692226502679,300.,0.,4.00000000000002,0.,0.,0.;                   385P    417
126,1,1,0,0,1,0,0.,0.,300.,300.,1.,1.,80.5470383096138,              387P    418
4.7407955255217,0.,80.5470383096138,4.7407955255217,300.,0.,         387P    419
300.,0.,0.,0.;                                                       387P    420
126,1,1,0,0,1,0,0.,0.,1.17157287525379,1.17157287525379,1.,1.,       389P    421
81.7186111848676,4.7407955255217,0.,80.5470383096138,                389P    422
4.7407955255217,0.,0.,1.17157287525379,0.,0.,0.;                     389P    423
126,1,1,0,0,1,0,0.,0.,1.17157287525379,1.17157287525379,1.,1.,       391P    424
81.7186111848676,4.7407955255217,300.,80.5470383096138,              391P    425
4.7407955255217,300.,0.,1.17157287525379,0.,0.,0.;                   391P    426
126,1,1,0,0,1,0,0.,0.,300.,300.,1.,1.,81.7186111848676,              393P    427
4.7407955255217,0.,81.7186111848676,4.7407955255217,300.,0.,         393P    428
300.,0.,0.,0.;                                                       393P    429
126,1,1,0,0,1,0,0.,0.,2.41421356237309,2.41421356237309,1.,1.,       395P    430
81.7186111848676,7.15500908789479,0.,81.7186111848676,               395P    431
4.7407955255217,0.,0.,2.41421356237309,0.,0.,0.;                     395P    432
126,1,1,0,0,1,0,0.,0.,2.41421356237309,2.41421356237309,1.,1.,       397P    433
81.7186111848676,7.15500908789479,300.,81.7186111848676,             397P    434
4.7407955255217,300.,0.,2.41421356237309,0.,0.,0.;                   397P    435
126,1,1,0,0,1,0,0.,0.,300.,300.,1.,1.,81.7186111848676,              399P    436
7.15500908789479,0.,81.7186111848676,7.15500908789479,300.,0.,       399P    437
300.,0.,0.,0.;                                                       399P    438
126,1,1,0,0,1,0,0.,0.,2.,2.,1.,1.,83.7186111848676,                  401P    439
7.15500908789479,0.,81.7186111848676,7.15500908789479,0.,0.,2.,      401P    440
0.,0.,0.;                                                            401P    441
126,1,1,0,0,1,0,0.,0.,2.,2.,1.,1.,83.7186111848676,                  403P    442
7.15500908789479,300.,81.7186111848676,7.15500908789479,300.,0.,     403P    443
2.,0.,0.,0.;                                                         403P    444
126,1,1,0,0,1,0,0.,0.,300.,300.,1.,1.,83.7186111848676,              405P    445
7.15500908789479,0.,83.7186111848676,7.15500908789479,300.,0.,       405P    446
300.,0.,0.,0.;                                                       405P    447
126,1,1,0,0,1,0,0.,0.,5.99999999999999,5.99999999999999,1.,1.,       407P    448
83.7186111848676,1.1550090878948,0.,83.7186111848676,                407P    449
7.15500908789479,0.,0.,5.99999999999999,0.,0.,0.;                    407P    450
126,1,1,0,0,1,0,0.,0.,5.99999999999999,5.99999999999999,1.,1.,       409P    451
83.7186111848676,1.1550090878948,300.,83.7186111848676,              409P    452
7.15500908789479,300.,0.,5.99999999999999,0.,0.,0.;                  409P    453
126,1,1,0,0,1,0,0.,0.,300.,300.,1.,1.,83.7186111848676,              411P    454
1.1550090878948,0.,83.7186111848676,1.1550090878948,300.,0.,         411P    455
300.,0.,0.,0.;                                                       411P    456
126,2,2,0,0,0,0,0.,0.,0.,1.57079632679489,1.57079632679489,          413P    457
1.57079632679489,1.,0.707106781186544,1.,82.7186111848676,           413P    458
0.155009087894797,0.,83.7186111848676,0.155009087894797,0.,          413P    459
83.7186111848676,1.1550090878948,0.,0.,1.57079632679489,0.,0.,       413P    460
0.;                                                                  413P    461
126,2,2,0,0,0,0,0.,0.,0.,1.57079632679489,1.57079632679489,          415P    462
1.57079632679489,1.,0.707106781186544,1.,82.7186111848676,           415P    463
0.155009087894797,300.,83.7186111848676,0.155009087894797,300.,      415P    464
83.7186111848676,1.1550090878948,300.,0.,1.57079632679489,0.,0.,     415P    465
0.;                                                                  415P    466
126,1,1,0,0,1,0,0.,0.,300.,300.,1.,1.,82.7186111848676,              417P    467
0.155009087894797,0.,82.7186111848676,0.155009087894797,300.,0.,     417P    468
300.,0.,0.,0.;                                                       417P    469
126,1,1,0,0,1,0,0.,0.,6.,6.,1.,1.,76.7186111848676,                  419P    470
0.155009087894797,0.,82.7186111848676,0.155009087894797,0.,0.,       419P    471
6.,0.,0.,0.;                                                         419P    472
126,1,1,0,0,1,0,0.,0.,6.,6.,1.,1.,76.7186111848676,                  421P    473
0.155009087894797,300.,82.7186111848676,0.155009087894797,300.,      421P    474
0.,6.,0.,0.,0.;                                                      421P    475
126,1,1,0,0,1,0,0.,0.,300.,300.,1.,1.,76.7186111848676,              423P    476
0.155009087894797,0.,76.7186111848676,0.155009087894797,300.,0.,     423P    477
300.,0.,0.,0.;                                                       423P    478
126,1,1,0,0,1,0,0.,0.,2.,2.,1.,1.,76.7186111848676,                  425P    479
2.1550090878948,0.,76.7186111848676,0.155009087894797,0.,0.,2.,      425P    480
0.,0.,0.;                                                            425P    481
126,1,1,0,0,1,0,0.,0.,2.,2.,1.,1.,76.7186111848676,                  427P    482
2.1550090878948,300.,76.7186111848676,0.155009087894797,300.,0.,     427P    483
2.,0.,0.,0.;                                                         427P    484
126,1,1,0,0,1,0,0.,0.,300.,300.,1.,1.,76.7186111848676,              429P    485
2.1550090878948,0.,76.7186111848676,2.1550090878948,300.,0.,         429P    486
300.,0.,0.,0.;                                                       429P    487
126,1,1,0,0,1,0,0.,0.,2.41421356237309,2.41421356237309,1.,1.,       431P    488
79.1328247472407,2.1550090878948,0.,76.7186111848676,                431P    489
2.1550090878948,0.,0.,2.41421356237309,0.,0.,0.;                     431P    490
126,1,1,0,0,1,0,0.,0.,2.41421356237309,2.41421356237309,1.,1.,       433P    491
79.1328247472407,2.1550090878948,300.,76.7186111848676,              433P    492
2.1550090878948,300.,0.,2.41421356237309,0.,0.,0.;                   433P    493
126,1,1,0,0,1,0,0.,0.,300.,300.,1.,1.,79.1328247472407,              435P    494
2.1550090878948,0.,79.1328247472407,2.1550090878948,300.,0.,         435P    495
300.,0.,0.,0.;                                                       435P    496
126,1,1,0,0,1,0,0.,0.,1.17157287525383,1.17157287525383,1.,1.,       437P    497
79.1328247472407,3.32658196314863,0.,79.1328247472407,               437P    498
2.1550090878948,0.,0.,1.17157287525383,0.,0.,0.;                     437P    499
126,1,1,0,0,1,0,0.,0.,1.17157287525383,1.17157287525383,1.,1.,       439P    500
79.1328247472407,3.32658196314863,300.,79.1328247472407,             439P    501
2.1550090878948,300.,0.,1.17157287525383,0.,0.,0.;                   439P    502
126,1,1,0,0,1,0,0.,0.,300.,300.,1.,1.,79.1328247472407,              441P    503
3.32658196314863,0.,79.1328247472407,3.32658196314863,300.,0.,       441P    504
300.,0.,0.,0.;                                                       441P    505
126,1,1,0,0,1,0,0.,0.,3.99999999999999,3.99999999999999,1.,1.,       443P    506
76.3043976224945,6.1550090878948,0.,79.1328247472407,                443P    507
3.32658196314863,0.,0.,3.99999999999999,0.,0.,0.;                    443P    508
126,1,1,0,0,1,0,0.,0.,3.99999999999999,3.99999999999999,1.,1.,       445P    509
76.3043976224945,6.1550090878948,300.,79.1328247472407,              445P    510
3.32658196314863,300.,0.,3.99999999999999,0.,0.,0.;                  445P    511
126,1,1,0,0,1,0,0.,0.,300.,300.,1.,1.,76.3043976224945,              447P    512
6.1550090878948,0.,76.3043976224945,6.1550090878948,300.,0.,         447P    513
300.,0.,0.,0.;                                                       447P    514
126,1,1,0,0,1,0,0.,0.,5.17157287525381,5.17157287525381,1.,1.,       449P    515
71.1328247472407,6.1550090878948,0.,76.3043976224945,                449P    516
6.1550090878948,0.,0.,5.17157287525381,0.,0.,0.;                     449P    517
126,1,1,0,0,1,0,0.,0.,5.17157287525381,5.17157287525381,1.,1.,       451P    518
71.1328247472407,6.1550090878948,300.,76.3043976224945,              451P    519
6.1550090878948,300.,0.,5.17157287525381,0.,0.,0.;                   451P    520
126,1,1,0,0,1,0,0.,0.,300.,300.,1.,1.,71.1328247472407,              453P    521
6.1550090878948,0.,71.1328247472407,6.1550090878948,300.,0.,         453P    522
300.,0.,0.,0.;                                                       453P    523
126,1,1,0,0,1,0,0.,0.,4.,4.,1.,1.,68.3043976224945,                  455P    524
3.32658196314861,0.,71.1328247472407,6.1550090878948,0.,0.,4.,       455P    525
0.,0.,0.;                                                            455P    526
126,1,1,0,0,1,0,0.,0.,4.,4.,1.,1.,68.3043976224945,                  457P    527
3.32658196314861,300.,71.1328247472407,6.1550090878948,300.,0.,      457P    528
4.,0.,0.,0.;                                                         457P    529
126,1,1,0,0,1,0,0.,0.,300.,300.,1.,1.,68.3043976224945,              459P    530
3.32658196314861,0.,68.3043976224945,3.32658196314861,300.,0.,       459P    531
300.,0.,0.,0.;                                                       459P    532
126,1,1,0,0,1,0,0.,0.,1.17157287525382,1.17157287525382,1.,1.,       461P    533
68.3043976224945,2.1550090878948,0.,68.3043976224945,                461P    534
3.32658196314861,0.,0.,1.17157287525382,0.,0.,0.;                    461P    535
126,1,1,0,0,1,0,0.,0.,1.17157287525382,1.17157287525382,1.,1.,       463P    536
68.3043976224945,2.1550090878948,300.,68.3043976224945,              463P    537
3.32658196314861,300.,0.,1.17157287525382,0.,0.,0.;                  463P    538
126,1,1,0,0,1,0,0.,0.,300.,300.,1.,1.,68.3043976224945,              465P    539
2.1550090878948,0.,68.3043976224945,2.1550090878948,300.,0.,         465P    540
300.,0.,0.,0.;                                                       465P    541
126,1,1,0,0,1,0,0.,0.,2.4142135623731,2.4142135623731,1.,1.,         467P    542
70.7186111848676,2.1550090878948,0.,68.3043976224945,                467P    543
2.1550090878948,0.,0.,2.4142135623731,0.,0.,0.;                      467P    544
126,1,1,0,0,1,0,0.,0.,2.4142135623731,2.4142135623731,1.,1.,         469P    545
70.7186111848676,2.1550090878948,300.,68.3043976224945,              469P    546
2.1550090878948,300.,0.,2.4142135623731,0.,0.,0.;                    469P    547
126,1,1,0,0,1,0,0.,0.,300.,300.,1.,1.,70.7186111848676,              471P    548
2.1550090878948,0.,70.7186111848676,2.1550090878948,300.,0.,         471P    549
300.,0.,0.,0.;                                                       471P    550
126,1,1,0,0,1,0,0.,0.,2.,2.,1.,1.,70.7186111848676,                  473P    551
0.155009087894797,0.,70.7186111848676,2.1550090878948,0.,0.,2.,      473P    552
0.,0.,0.;                                                            473P    553
126,1,1,0,0,1,0,0.,0.,2.,2.,1.,1.,70.7186111848676,                  475P    554
0.155009087894797,300.,70.7186111848676,2.1550090878948,300.,0.,     475P    555
2.,0.,0.,0.;                                                         475P    556
126,1,1,0,0,1,0,0.,0.,300.,300.,1.,1.,70.7186111848676,              477P    557
0.155009087894797,0.,70.7186111848676,0.155009087894797,300.,0.,     477P    558
300.,0.,0.,0.;                                                       477P    559
126,1,1,0,0,1,0,0.,0.,6.,6.,1.,1.,64.7186111848676,                  479P    560
0.155009087894797,0.,70.7186111848676,0.155009087894797,0.,0.,       479P    561
6.,0.,0.,0.;                                                         479P    562
126,1,1,0,0,1,0,0.,0.,6.,6.,1.,1.,64.7186111848676,                  481P    563
0.155009087894797,300.,70.7186111848676,0.155009087894797,300.,      481P    564
0.,6.,0.,0.,0.;                                                      481P    565
126,1,1,0,0,1,0,0.,0.,300.,300.,1.,1.,64.7186111848676,              483P    566
0.155009087894801,0.,64.7186111848676,0.155009087894801,300.,0.,     483P    567
300.,0.,0.,0.;                                                       483P    568
126,2,2,0,0,0,0,0.,0.,0.,1.57079632679489,1.57079632679489,          485P    569
1.57079632679489,1.,0.707106781186544,1.,63.7186111848676,           485P    570
1.1550090878948,0.,63.7186111848676,0.155009087894801,0.,            485P    571
64.7186111848676,0.155009087894801,0.,0.,1.57079632679489,0.,0.,     485P    572
0.;                                                                  485P    573
126,2,2,0,0,0,0,0.,0.,0.,1.57079632679489,1.57079632679489,          487P    574
1.57079632679489,1.,0.707106781186544,1.,63.7186111848676,           487P    575
1.1550090878948,300.,63.7186111848676,0.155009087894801,300.,        487P    576
64.7186111848676,0.155009087894801,300.,0.,1.57079632679489,0.,      487P    577
0.,0.;                                                               487P    578
126,1,1,0,0,1,0,0.,0.,300.,300.,1.,1.,63.7186111848676,              489P    579
1.1550090878948,0.,63.7186111848676,1.1550090878948,300.,0.,         489P    580
300.,0.,0.,0.;                                                       489P    581
126,1,1,0,0,1,0,0.,0.,5.99999999999999,5.99999999999999,1.,1.,       491P    582
63.7186111848676,7.15500908789479,0.,63.7186111848676,               491P    583
1.1550090878948,0.,0.,5.99999999999999,0.,0.,0.;                     491P    584
126,1,1,0,0,1,0,0.,0.,5.99999999999999,5.99999999999999,1.,1.,       493P    585
63.7186111848676,7.15500908789479,300.,63.7186111848676,             493P    586
1.1550090878948,300.,0.,5.99999999999999,0.,0.,0.;                   493P    587
126,1,1,0,0,1,0,0.,0.,300.,300.,1.,1.,63.7186111848676,              495P    588
7.15500908789479,0.,63.7186111848676,7.15500908789479,300.,0.,       495P    589
300.,0.,0.,0.;                                                       495P    590
126,1,1,0,0,1,0,0.,0.,2.,2.,1.,1.,65.7186111848676,                  497P    591
7.1550090878948,0.,63.7186111848676,7.15500908789479,0.,0.,2.,       497P    592
0.,0.,0.;                                                            497P    593
126,1,1,0,0,1,0,0.,0.,2.,2.,1.,1.,65.7186111848676,                  499P    594
7.1550090878948,300.,63.7186111848676,7.15500908789479,300.,0.,      499P    595
2.,0.,0.,0.;                                                         499P    596
126,1,1,0,0,1,0,0.,0.,300.,300.,1.,1.,65.7186111848676,              501P    597
7.1550090878948,0.,65.7186111848676,7.1550090878948,300.,0.,         501P    598
300.,0.,0.,0.;                                                       501P    599
126,1,1,0,0,1,0,0.,0.,2.41421435526818,2.41421435526818,1.,1.,       503P    600
65.7205678240007,4.74079552552169,0.,65.7186111848676,               503P    601
7.1550090878948,0.,0.,2.41421435526818,0.,0.,0.;                     503P    602
126,1,1,0,0,1,0,0.,0.,2.41421435526818,2.41421435526818,1.,1.,       505P    603
65.7205678240007,4.74079552552169,300.,65.7186111848676,             505P    604
7.1550090878948,300.,0.,2.41421435526818,0.,0.,0.;                   505P    605
128,1,8,1,2,0,1,0,0,1,0.,0.,142.857142857143,142.857142857143,       507P    606
-3.14159265358979,-3.14159265358979,-3.14159265358979,               507P    607
-1.5707963267949,-1.5707963267949,0.,0.,1.5707963267949,             507P    608
1.5707963267949,3.14159265358979,3.14159265358979,                   507P    609
3.14159265358979,1.,1.,0.707106781186548,0.707106781186548,1.,       507P    610
1.,0.707106781186548,0.707106781186548,1.,1.,0.707106781186548,      507P    611
0.707106781186548,1.,1.,0.707106781186548,0.707106781186548,1.,      507P    612
1.,75.8186111848676,10.1550090878948,0.,75.8186111848676,            507P    613
10.1550090878948,300.,75.8186111848676,12.2550090878948,0.,          507P    614
75.8186111848676,12.2550090878948,300.,73.7186111848676,             507P    615
12.2550090878948,0.,73.7186111848676,12.2550090878948,300.,          507P    616
71.6186111848676,12.2550090878948,0.,71.6186111848676,               507P    617
12.2550090878948,300.,71.6186111848676,10.1550090878948,0.,          507P    618
71.6186111848676,10.1550090878948,300.,71.6186111848676,             507P    619
8.0550090878948,0.,71.6186111848676,8.0550090878948,300.,            507P    620
73.7186111848676,8.0550090878948,0.,73.7186111848676,                507P    621
8.0550090878948,300.,75.8186111848676,8.0550090878948,0.,            507P    622
75.8186111848676,8.0550090878948,300.,75.8186111848676,              507P    623
10.1550090878948,0.,75.8186111848676,10.1550090878948,300.,0.,       507P    624
142.857142857143,-3.14159265358979,3.14159265358979;                 507P    625
128,1,1,1,1,0,0,1,0,0,-0.001,-0.001,1.17061623612066,                509P    626
1.17061623612066,-0.001,-0.001,300.001,300.001,1.,1.,1.,1.,          509P    627
66.8911840601214,4.7407955255217,-0.001,65.7195678240007,            509P    628
4.74079552552169,-0.001,66.8911840601214,4.7407955255217,            509P    629
300.001,65.7195678240007,4.74079552552169,300.001,-0.001,            509P    630
1.17061623612066,-0.001,300.001;                                     509P    631
128,1,1,1,1,0,0,1,0,0,-0.001,-0.001,4.001,4.001,-0.001,-0.001,       511P    632
300.001,300.001,1.,1.,1.,1.,69.7193182916488,7.56992975704908,       511P    633
-0.001,66.8894769533402,4.74008841874052,-0.001,                     511P    634
69.7193182916488,7.56992975704908,300.001,66.8894769533402,          511P    635
4.74008841874052,300.001,-0.001,4.001,-0.001,300.001;                511P    636
128,1,1,1,1,0,0,1,0,0,-0.001,-0.001,5.17257287525383,                513P    637
5.17257287525383,-0.001,-0.001,300.001,300.001,1.,1.,1.,1.,          513P    638
69.7186111848676,12.7417955255217,-0.001,69.7186111848676,           513P    639
7.56822265026789,-0.001,69.7186111848676,12.7417955255217,           513P    640
300.001,69.7186111848676,7.56822265026789,300.001,-0.001,            513P    641
5.17257287525383,-0.001,300.001;                                     513P    642
128,1,1,1,1,0,0,1,0,0,-0.001,-0.001,4.00099999999999,                515P    643
4.00099999999999,-0.001,-0.001,300.001,300.001,1.,1.,1.,1.,          515P    644
66.8894769533402,15.5699297570491,-0.001,69.7193182916488,           515P    645
12.7400884187405,-0.001,66.8894769533402,15.5699297570491,           515P    646
300.001,69.7193182916488,12.7400884187405,300.001,-0.001,            515P    647
4.00099999999999,-0.001,300.001;                                     515P    648
128,1,1,1,1,0,0,1,0,0,-0.001,-0.001,1.17257287525382,                517P    649
1.17257287525382,-0.001,-0.001,300.001,300.001,1.,1.,1.,1.,          517P    650
65.7176111848676,15.5692226502679,-0.001,66.8911840601214,           517P    651
15.5692226502679,-0.001,65.7176111848676,15.5692226502679,           517P    652
300.001,66.8911840601214,15.5692226502679,300.001,-0.001,            517P    653
1.17257287525382,-0.001,300.001;                                     517P    654
128,1,1,1,1,0,0,1,0,0,-0.001,-0.001,2.4152135623731,                 519P    655
2.4152135623731,-0.001,-0.001,300.001,300.001,1.,1.,1.,1.,           519P    656
65.7186111848676,13.1540090878948,-0.001,65.7186111848676,           519P    657
15.5702226502679,-0.001,65.7186111848676,13.1540090878948,           519P    658
300.001,65.7186111848676,15.5702226502679,300.001,-0.001,            519P    659
2.4152135623731,-0.001,300.001;                                      519P    660
128,1,1,1,1,0,0,1,0,0,-0.001,-0.001,2.001,2.001,-0.001,-0.001,       521P    661
300.001,300.001,1.,1.,1.,1.,63.7176111848676,13.1550090878948,       521P    662
-0.001,65.7196111848676,13.1550090878948,-0.001,                     521P    663
63.7176111848676,13.1550090878948,300.001,65.7196111848676,          521P    664
13.1550090878948,300.001,-0.001,2.001,-0.001,300.001;                521P    665
128,1,1,1,1,0,0,1,0,0,-0.001,-0.001,6.00100000000001,                523P    666
6.00100000000001,-0.001,-0.001,300.001,300.001,1.,1.,1.,1.,          523P    667
63.7186111848676,19.1560090878948,-0.001,63.7186111848676,           523P    668
13.1540090878948,-0.001,63.7186111848676,19.1560090878948,           523P    669
300.001,63.7186111848676,13.1540090878948,300.001,-0.001,            523P    670
6.00100000000001,-0.001,300.001;                                     523P    671
128,1,2,1,2,0,0,0,0,0,0.,0.,299.999999999999,299.999999999999,       525P    672
0.,0.,0.,1.57079632679489,1.57079632679489,1.57079632679489,1.,      525P    673
1.,0.707106781186551,0.707106781186551,1.,1.,64.7186111848676,       525P    674
20.1550090878948,300.,64.7186111848676,20.1550090878948,0.,          525P    675
63.7186111848676,20.1550090878948,300.,63.7186111848676,             525P    676
20.1550090878948,0.,63.7186111848676,19.1550090878948,300.,          525P    677
63.7186111848676,19.1550090878948,0.,0.,299.999999999999,0.,         525P    678
1.57079632679489;                                                    525P    679
128,1,1,1,1,0,0,1,0,0,-0.001,-0.001,6.001,6.001,-0.001,-0.001,       527P    680
300.001,300.001,1.,1.,1.,1.,70.7196111848676,20.1550090878948,       527P    681
-0.001,64.7176111848676,20.1550090878948,-0.001,                     527P    682
70.7196111848676,20.1550090878948,300.001,64.7176111848676,          527P    683
20.1550090878948,300.001,-0.001,6.001,-0.001,300.001;                527P    684
128,1,1,1,1,0,0,1,0,0,-0.001,-0.001,2.00099999999999,                529P    685
2.00099999999999,-0.001,-0.001,300.001,300.001,1.,1.,1.,1.,          529P    686
70.7186111848676,18.1540090878948,-0.001,70.7186111848676,           529P    687
20.1560090878948,-0.001,70.7186111848676,18.1540090878948,           529P    688
300.001,70.7186111848676,20.1560090878948,300.001,-0.001,            529P    689
2.00099999999999,-0.001,300.001;                                     529P    690
128,1,1,1,1,0,0,1,0,0,-0.001,-0.001,2.41521356237311,                531P    691
2.41521356237311,-0.001,-0.001,300.001,300.001,1.,1.,1.,1.,          531P    692
68.3033976224945,18.1550090878948,-0.001,70.7196111848676,           531P    693
18.1550090878948,-0.001,68.3033976224945,18.1550090878948,           531P    694
300.001,70.7196111848676,18.1550090878948,300.001,-0.001,            531P    695
2.41521356237311,-0.001,300.001;                                     531P    696
128,1,1,1,1,0,0,1,0,0,-0.001,-0.001,1.17257287525382,                533P    697
1.17257287525382,-0.001,-0.001,300.001,300.001,1.,1.,1.,1.,          533P    698
68.3043976224945,16.982436212641,-0.001,68.3043976224945,            533P    699
18.1560090878948,-0.001,68.3043976224945,16.982436212641,            533P    700
300.001,68.3043976224945,18.1560090878948,300.001,-0.001,            533P    701
1.17257287525382,-0.001,300.001;                                     533P    702
128,1,1,1,1,0,0,1,0,0,-0.001,-0.001,4.001,4.001,-0.001,-0.001,       535P    703
300.001,300.001,1.,1.,1.,1.,71.1335318540219,14.1543019811136,       535P    704
-0.001,68.3036905157133,16.9841433194222,-0.001,                     535P    705
71.1335318540219,14.1543019811136,300.001,68.3036905157133,          535P    706
16.9841433194222,300.001,-0.001,4.001,-0.001,300.001;                535P    707
128,1,1,1,1,0,0,1,0,0,-0.001,-0.001,5.17257287525382,                537P    708
5.17257287525382,-0.001,-0.001,300.001,300.001,1.,1.,1.,1.,          537P    709
76.3053976224945,14.1550090878948,-0.001,71.1318247472407,           537P    710
14.1550090878948,-0.001,76.3053976224945,14.1550090878948,           537P    711
300.001,71.1318247472407,14.1550090878948,300.001,-0.001,            537P    712
5.17257287525382,-0.001,300.001;                                     537P    713
128,1,1,1,1,0,0,1,0,0,-0.001,-0.001,4.001,4.001,-0.001,-0.001,       539P    714
300.001,300.001,1.,1.,1.,1.,79.1335318540219,16.9841433194222,       539P    715
-0.001,76.3036905157133,14.1543019811136,-0.001,                     539P    716
79.1335318540219,16.9841433194222,300.001,76.3036905157133,          539P    717
14.1543019811136,300.001,-0.001,4.001,-0.001,300.001;                539P    718
128,1,1,1,1,0,0,1,0,0,-0.001,-0.001,1.17257287525381,                541P    719
1.17257287525381,-0.001,-0.001,300.001,300.001,1.,1.,1.,1.,          541P    720
79.1328247472407,18.1560090878948,-0.001,79.1328247472407,           541P    721
16.982436212641,-0.001,79.1328247472407,18.1560090878948,            541P    722
300.001,79.1328247472407,16.982436212641,300.001,-0.001,             541P    723
1.17257287525381,-0.001,300.001;                                     541P    724
128,1,1,1,1,0,0,1,0,0,-0.001,-0.001,2.4152135623731,                 543P    725
2.4152135623731,-0.001,-0.001,300.001,300.001,1.,1.,1.,1.,           543P    726
76.7176111848676,18.1550090878948,-0.001,79.1338247472407,           543P    727
18.1550090878948,-0.001,76.7176111848676,18.1550090878948,           543P    728
300.001,79.1338247472407,18.1550090878948,300.001,-0.001,            543P    729
2.4152135623731,-0.001,300.001;                                      543P    730
128,1,1,1,1,0,0,1,0,0,-0.001,-0.001,2.00099999999999,                545P    731
2.00099999999999,-0.001,-0.001,300.001,300.001,1.,1.,1.,1.,          545P    732
76.7186111848676,20.1560090878948,-0.001,76.7186111848676,           545P    733
18.1540090878948,-0.001,76.7186111848676,20.1560090878948,           545P    734
300.001,76.7186111848676,18.1540090878948,300.001,-0.001,            545P    735
2.00099999999999,-0.001,300.001;                                     545P    736
128,1,1,1,1,0,0,1,0,0,-0.001,-0.001,6.001,6.001,-0.001,-0.001,       547P    737
300.001,300.001,1.,1.,1.,1.,82.7196111848676,20.1550090878948,       547P    738
-0.001,76.7176111848676,20.1550090878948,-0.001,                     547P    739
82.7196111848676,20.1550090878948,300.001,76.7176111848676,          547P    740
20.1550090878948,300.001,-0.001,6.001,-0.001,300.001;                547P    741
128,1,2,1,2,0,0,0,0,0,0.,0.,300.,300.,0.,0.,0.,1.57079632679489,     549P    742
1.57079632679489,1.57079632679489,1.,1.,0.707106781186549,           549P    743
0.707106781186549,1.,1.,83.7186111848676,19.1550090878948,300.,      549P    744
83.7186111848676,19.1550090878948,0.,83.7186111848676,               549P    745
20.1550090878948,300.,83.7186111848676,20.1550090878948,0.,          549P    746
82.7186111848676,20.1550090878948,300.,82.7186111848676,             549P    747
20.1550090878948,0.,0.,300.,0.,1.57079632679489;                     549P    748
128,1,1,1,1,0,0,1,0,0,-0.001,-0.001,6.001,6.001,-0.001,-0.001,       551P    749
300.001,300.001,1.,1.,1.,1.,83.7186111848676,13.1540090878948,       551P    750
-0.001,83.7186111848676,19.1560090878948,-0.001,                     551P    751
83.7186111848676,13.1540090878948,300.001,83.7186111848676,          551P    752
19.1560090878948,300.001,-0.001,6.001,-0.001,300.001;                551P    753
128,1,1,1,1,0,0,1,0,0,-0.001,-0.001,2.001,2.001,-0.001,-0.001,       553P    754
300.001,300.001,1.,1.,1.,1.,81.7176111848676,13.1550090878948,       553P    755
-0.001,83.7196111848676,13.1550090878948,-0.001,                     553P    756
81.7176111848676,13.1550090878948,300.001,83.7196111848676,          553P    757
13.1550090878948,300.001,-0.001,2.001,-0.001,300.001;                553P    758
128,1,1,1,1,0,0,1,0,0,-0.001,-0.001,2.4152135623731,                 555P    759
2.4152135623731,-0.001,-0.001,300.001,300.001,1.,1.,1.,1.,           555P    760
81.7186111848676,15.5702226502679,-0.001,81.7186111848676,           555P    761
13.1540090878948,-0.001,81.7186111848676,15.5702226502679,           555P    762
300.001,81.7186111848676,13.1540090878948,300.001,-0.001,            555P    763
2.4152135623731,-0.001,300.001;                                      555P    764
128,1,1,1,1,0,0,1,0,0,-0.001,-0.001,1.17257287525381,                557P    765
1.17257287525381,-0.001,-0.001,300.001,300.001,1.,1.,1.,1.,          557P    766
80.5460383096138,15.5692226502679,-0.001,81.7196111848676,           557P    767
15.5692226502679,-0.001,80.5460383096138,15.5692226502679,           557P    768
300.001,81.7196111848676,15.5692226502679,300.001,-0.001,            557P    769
1.17257287525381,-0.001,300.001;                                     557P    770
128,1,1,1,1,0,0,1,0,0,-0.001,-0.001,4.00100000000001,                559P    771
4.00100000000001,-0.001,-0.001,300.001,300.001,1.,1.,1.,1.,          559P    772
77.7179040780864,12.7400884187405,-0.001,80.547745416395,            559P    773
15.5699297570491,-0.001,77.7179040780864,12.7400884187405,           559P    774
300.001,80.547745416395,15.5699297570491,300.001,-0.001,             559P    775
4.00100000000001,-0.001,300.001;                                     559P    776
128,1,1,1,1,0,0,1,0,0,-0.001,-0.001,5.17257287525381,                561P    777
5.17257287525381,-0.001,-0.001,300.001,300.001,1.,1.,1.,1.,          561P    778
77.7186111848676,7.5682226502679,-0.001,77.7186111848676,            561P    779
12.7417955255217,-0.001,77.7186111848676,7.5682226502679,            561P    780
300.001,77.7186111848676,12.7417955255217,300.001,-0.001,            561P    781
5.17257287525381,-0.001,300.001;                                     561P    782
128,1,1,1,1,0,0,1,0,0,-0.001,-0.001,4.00100000000002,                563P    783
4.00100000000002,-0.001,-0.001,300.001,300.001,1.,1.,1.,1.,          563P    784
80.547745416395,4.74008841874052,-0.001,77.7179040780864,            563P    785
7.56992975704908,-0.001,80.547745416395,4.74008841874052,            563P    786
300.001,77.7179040780864,7.56992975704908,300.001,-0.001,            563P    787
4.00100000000002,-0.001,300.001;                                     563P    788
128,1,1,1,1,0,0,1,0,0,-0.001,-0.001,1.17257287525379,                565P    789
1.17257287525379,-0.001,-0.001,300.001,300.001,1.,1.,1.,1.,          565P    790
81.7196111848676,4.7407955255217,-0.001,80.5460383096138,            565P    791
4.7407955255217,-0.001,81.7196111848676,4.7407955255217,300.001,     565P    792
80.5460383096138,4.7407955255217,300.001,-0.001,                     565P    793
1.17257287525379,-0.001,300.001;                                     565P    794
128,1,1,1,1,0,0,1,0,0,-0.001,-0.001,2.41521356237309,                567P    795
2.41521356237309,-0.001,-0.001,300.001,300.001,1.,1.,1.,1.,          567P    796
81.7186111848676,7.15600908789479,-0.001,81.7186111848676,           567P    797
4.73979552552171,-0.001,81.7186111848676,7.15600908789479,           567P    798
300.001,81.7186111848676,4.7397955255217,300.001,-0.001,             567P    799
2.41521356237309,-0.001,300.001;                                     567P    800
128,1,1,1,1,0,0,1,0,0,-0.001,-0.001,2.001,2.001,-0.001,-0.001,       569P    801
300.001,300.001,1.,1.,1.,1.,83.7196111848676,7.15500908789479,       569P    802
-0.001,81.7176111848676,7.15500908789479,-0.001,                     569P    803
83.7196111848676,7.15500908789479,300.001,81.7176111848676,          569P    804
7.15500908789479,300.001,-0.001,2.001,-0.001,300.001;                569P    805
128,1,1,1,1,0,0,1,0,0,-0.001,-0.001,6.00099999999999,                571P    806
6.00099999999999,-0.001,-0.001,300.001,300.001,1.,1.,1.,1.,          571P    807
83.7186111848676,1.1540090878948,-0.001,83.7186111848676,            571P    808
7.15600908789479,-0.001,83.7186111848676,1.1540090878948,            571P    809
300.001,83.7186111848676,7.15600908789479,300.001,-0.001,            571P    810
6.00099999999999,-0.001,300.001;                                     571P    811
128,1,2,1,2,0,0,0,0,0,0.,0.,299.999999999999,299.999999999999,       573P    812
0.,0.,0.,1.57079632679489,1.57079632679489,1.57079632679489,1.,      573P    813
1.,0.707106781186548,0.707106781186548,1.,1.,82.7186111848676,       573P    814
0.155009087894797,300.,82.7186111848676,0.155009087894797,0.,        573P    815
83.7186111848676,0.155009087894798,300.,83.7186111848676,            573P    816
0.155009087894798,0.,83.7186111848676,1.1550090878948,300.,          573P    817
83.7186111848676,1.1550090878948,0.,0.,299.999999999999,0.,          573P    818
1.57079632679489;                                                    573P    819
128,1,1,1,1,0,0,1,0,0,-0.001,-0.001,6.001,6.001,-0.001,-0.001,       575P    820
300.001,300.001,1.,1.,1.,1.,76.7176111848676,0.155009087894797,      575P    821
-0.001,82.7196111848676,0.155009087894797,-0.001,                    575P    822
76.7176111848676,0.155009087894797,300.001,82.7196111848676,         575P    823
0.155009087894797,300.001,-0.001,6.001,-0.001,300.001;               575P    824
128,1,1,1,1,0,0,1,0,0,-0.001,-0.001,2.001,2.001,-0.001,-0.001,       577P    825
300.001,300.001,1.,1.,1.,1.,76.7186111848676,2.1560090878948,        577P    826
-0.001,76.7186111848676,0.154009087894797,-0.001,                    577P    827
76.7186111848676,2.1560090878948,300.001,76.7186111848676,           577P    828
0.154009087894797,300.001,-0.001,2.001,-0.001,300.001;               577P    829
128,1,1,1,1,0,0,1,0,0,-0.001,-0.001,2.41521356237309,                579P    830
2.41521356237309,-0.001,-0.001,300.001,300.001,1.,1.,1.,1.,          579P    831
79.1338247472407,2.1550090878948,-0.001,76.7176111848676,            579P    832
2.1550090878948,-0.001,79.1338247472407,2.1550090878948,300.001,     579P    833
76.7176111848676,2.1550090878948,300.001,-0.001,                     579P    834
2.41521356237309,-0.001,300.001;                                     579P    835
128,1,1,1,1,0,0,1,0,0,-0.001,-0.001,1.17257287525383,                581P    836
1.17257287525383,-0.001,-0.001,300.001,300.001,1.,1.,1.,1.,          581P    837
79.1328247472407,3.32758196314863,-0.001,79.1328247472407,           581P    838
2.1540090878948,-0.001,79.1328247472407,3.32758196314863,            581P    839
300.001,79.1328247472407,2.1540090878948,300.001,-0.001,             581P    840
1.17257287525383,-0.001,300.001;                                     581P    841
128,1,1,1,1,0,0,1,0,0,-0.001,-0.001,4.00099999999999,                583P    842
4.00099999999999,-0.001,-0.001,300.001,300.001,1.,1.,1.,1.,          583P    843
76.3036905157133,6.15571619467598,-0.001,79.1335318540219,           583P    844
3.32587485636744,-0.001,76.3036905157133,6.15571619467598,           583P    845
300.001,79.1335318540219,3.32587485636744,300.001,-0.001,            583P    846
4.00099999999999,-0.001,300.001;                                     583P    847
128,1,1,1,1,0,0,1,0,0,-0.001,-0.001,5.17257287525381,                585P    848
5.17257287525381,-0.001,-0.001,300.001,300.001,1.,1.,1.,1.,          585P    849
71.1318247472407,6.1550090878948,-0.001,76.3053976224945,            585P    850
6.1550090878948,-0.001,71.1318247472407,6.1550090878948,300.001,     585P    851
76.3053976224945,6.1550090878948,300.001,-0.001,                     585P    852
5.17257287525381,-0.001,300.001;                                     585P    853
128,1,1,1,1,0,0,1,0,0,-0.001,-0.001,4.001,4.001,-0.001,-0.001,       587P    854
300.001,300.001,1.,1.,1.,1.,68.3036905157133,3.32587485636743,       587P    855
-0.001,71.1335318540219,6.15571619467599,-0.001,                     587P    856
68.3036905157133,3.32587485636743,300.001,71.1335318540219,          587P    857
6.15571619467599,300.001,-0.001,4.001,-0.001,300.001;                587P    858
128,1,1,1,1,0,0,1,0,0,-0.001,-0.001,1.17257287525382,                589P    859
1.17257287525382,-0.001,-0.001,300.001,300.001,1.,1.,1.,1.,          589P    860
68.3043976224945,2.1540090878948,-0.001,68.3043976224945,            589P    861
3.32758196314861,-0.001,68.3043976224945,2.1540090878948,            589P    862
300.001,68.3043976224945,3.32758196314861,300.001,-0.001,            589P    863
1.17257287525382,-0.001,300.001;                                     589P    864
128,1,1,1,1,0,0,1,0,0,-0.001,-0.001,2.4152135623731,                 591P    865
2.4152135623731,-0.001,-0.001,300.001,300.001,1.,1.,1.,1.,           591P    866
70.7196111848676,2.1550090878948,-0.001,68.3033976224945,            591P    867
2.1550090878948,-0.001,70.7196111848676,2.1550090878948,300.001,     591P    868
68.3033976224945,2.1550090878948,300.001,-0.001,2.4152135623731,     591P    869
-0.001,300.001;                                                      591P    870
128,1,1,1,1,0,0,1,0,0,-0.001,-0.001,2.001,2.001,-0.001,-0.001,       593P    871
300.001,300.001,1.,1.,1.,1.,70.7186111848676,0.154009087894797,      593P    872
-0.001,70.7186111848676,2.1560090878948,-0.001,70.7186111848676,     593P    873
0.154009087894797,300.001,70.7186111848676,2.1560090878948,          593P    874
300.001,-0.001,2.001,-0.001,300.001;                                 593P    875
128,1,1,1,1,0,0,1,0,0,-0.001,-0.001,6.001,6.001,-0.001,-0.001,       595P    876
300.001,300.001,1.,1.,1.,1.,64.7176111848676,0.155009087894797,      595P    877
-0.001,70.7196111848676,0.155009087894797,-0.001,                    595P    878
64.7176111848676,0.155009087894797,300.001,70.7196111848676,         595P    879
0.155009087894797,300.001,-0.001,6.001,-0.001,300.001;               595P    880
128,1,2,1,2,0,0,0,0,0,0.,0.,300.,300.,0.,0.,0.,1.57079632679489,     597P    881
1.57079632679489,1.57079632679489,1.,1.,0.707106781186549,           597P    882
0.707106781186549,1.,1.,63.7186111848676,1.1550090878948,300.,       597P    883
63.7186111848676,1.1550090878948,0.,63.7186111848676,                597P    884
0.155009087894799,300.,63.7186111848676,0.155009087894799,0.,        597P    885
64.7186111848676,0.155009087894801,300.,64.7186111848676,            597P    886
0.155009087894801,0.,0.,300.,0.,1.57079632679489;                    597P    887
128,1,1,1,1,0,0,1,0,0,-0.001,-0.001,6.00099999999999,                599P    888
6.00099999999999,-0.001,-0.001,300.001,300.001,1.,1.,1.,1.,          599P    889
63.7186111848676,7.15600908789479,-0.001,63.7186111848676,           599P    890
1.1540090878948,-0.001,63.7186111848676,7.15600908789479,            599P    891
300.001,63.7186111848676,1.1540090878948,300.001,-0.001,             599P    892
6.00099999999999,-0.001,300.001;                                     599P    893
128,1,1,1,1,0,0,1,0,0,-0.001,-0.001,2.001,2.001,-0.001,-0.001,       601P    894
300.001,300.001,1.,1.,1.,1.,65.7196111848676,7.1550090878948,        601P    895
-0.001,63.7176111848676,7.15500908789479,-0.001,                     601P    896
65.7196111848676,7.1550090878948,300.001,63.7176111848676,           601P    897
7.15500908789479,300.001,-0.001,2.001,-0.001,300.001;                601P    898
128,1,1,1,1,0,0,1,0,0,-0.001,-0.001,2.41521435526818,                603P    899
2.41521435526818,-0.001,-0.001,300.001,300.001,1.,1.,1.,1.,          603P    900
65.7205686344669,4.73979552585012,-0.001,65.7186103744014,           603P    901
7.15600908756637,-0.001,65.7205686344669,4.73979552585012,           603P    902
300.001,65.7186103744014,7.15600908756637,300.001,-0.001,            603P    903
2.41521435526818,-0.001,300.001;                                     603P    904
128,1,1,1,1,0,0,1,0,0,-10.0011187357478,-10.0011187357478,           605P    905
10.0008812642522,10.0008812642522,-10.001069832246,                  605P    906
-10.001069832246,10.000930167754,10.000930167754,1.,1.,1.,1.,        605P    907
63.7176111848676,0.154009087894798,300.,83.7196111848676,            605P    908
0.154009087894798,300.,63.7176111848676,20.1560090878948,300.,       605P    909
83.7196111848676,20.1560090878948,300.,-10.0011187357478,            605P    910
10.0008812642522,-10.001069832246,10.000930167754;                   605P    911
128,1,1,1,1,0,0,1,0,0,-10.0011187357478,-10.0011187357478,           607P    912
10.0008812642522,10.0008812642522,-10.001069832246,                  607P    913
-10.001069832246,10.000930167754,10.000930167754,1.,1.,1.,1.,        607P    914
83.7196111848676,0.154009087894798,0.,63.7176111848676,              607P    915
0.154009087894798,0.,83.7196111848676,20.1560090878948,0.,           607P    916
63.7176111848676,20.1560090878948,0.,-10.0011187357478,              607P    917
10.0008812642522,-10.001069832246,10.000930167754;                   607P    918
502,98,75.8186111848676,10.1550090878948,300.,75.8186111848676,      609P    919
10.1550090878948,0.,66.8901840601214,4.7407955255217,0.,             609P    920
65.7205678240007,4.74079552552169,0.,65.7205678240007,               609P    921
4.74079552552169,300.,66.8901840601214,4.7407955255217,300.,         609P    922
69.7186111848676,7.56922265026789,0.,69.7186111848676,               609P    923
7.56922265026789,300.,69.7186111848676,12.7407955255217,0.,          609P    924
69.7186111848676,12.7407955255217,300.,66.8901840601214,             609P    925
15.5692226502679,0.,66.8901840601214,15.5692226502679,300.,          609P    926
65.7186111848676,15.5692226502679,0.,65.7186111848676,               609P    927
15.5692226502679,300.,65.7186111848676,13.1550090878948,0.,          609P    928
65.7186111848676,13.1550090878948,300.,63.7186111848676,             609P    929
13.1550090878948,0.,63.7186111848676,13.1550090878948,300.,          609P    930
63.7186111848676,19.1550090878948,0.,63.7186111848676,               609P    931
19.1550090878948,300.,64.7186111848676,20.1550090878948,0.,          609P    932
64.7186111848676,20.1550090878948,300.,70.7186111848676,             609P    933
20.1550090878948,0.,70.7186111848676,20.1550090878948,300.,          609P    934
70.7186111848676,18.1550090878948,0.,70.7186111848676,               609P    935
18.1550090878948,300.,68.3043976224945,18.1550090878948,0.,          609P    936
68.3043976224945,18.1550090878948,300.,68.3043976224945,             609P    937
16.983436212641,0.,68.3043976224945,16.983436212641,300.,            609P    938
71.1328247472407,14.1550090878948,0.,71.1328247472407,               609P    939
14.1550090878948,300.,76.3043976224945,14.1550090878948,0.,          609P    940
76.3043976224945,14.1550090878948,300.,79.1328247472407,             609P    941
16.983436212641,0.,79.1328247472407,16.983436212641,300.,            609P    942
79.1328247472407,18.1550090878948,0.,79.1328247472407,               609P    943
18.1550090878948,300.,76.7186111848676,18.1550090878948,0.,          609P    944
76.7186111848676,18.1550090878948,300.,76.7186111848676,             609P    945
20.1550090878948,0.,76.7186111848676,20.1550090878948,300.,          609P    946
82.7186111848676,20.1550090878948,0.,82.7186111848676,               609P    947
20.1550090878948,300.,83.7186111848676,19.1550090878948,0.,          609P    948
83.7186111848676,19.1550090878948,300.,83.7186111848676,             609P    949
13.1550090878948,0.,83.7186111848676,13.1550090878948,300.,          609P    950
81.7186111848676,13.1550090878948,0.,81.7186111848676,               609P    951
13.1550090878948,300.,81.7186111848676,15.5692226502679,0.,          609P    952
81.7186111848676,15.5692226502679,300.,80.5470383096138,             609P    953
15.5692226502679,0.,80.5470383096138,15.5692226502679,300.,          609P    954
77.7186111848676,12.7407955255217,0.,77.7186111848676,               609P    955
12.7407955255217,300.,77.7186111848676,7.5692226502679,0.,           609P    956
77.7186111848676,7.5692226502679,300.,80.5470383096138,              609P    957
4.7407955255217,0.,80.5470383096138,4.7407955255217,300.,            609P    958
81.7186111848676,4.7407955255217,0.,81.7186111848676,                609P    959
4.7407955255217,300.,81.7186111848676,7.15500908789479,0.,           609P    960
81.7186111848676,7.15500908789479,300.,83.7186111848676,             609P    961
7.15500908789479,0.,83.7186111848676,7.15500908789479,300.,          609P    962
83.7186111848676,1.1550090878948,0.,83.7186111848676,                609P    963
1.1550090878948,300.,82.7186111848676,0.155009087894797,0.,          609P    964
82.7186111848676,0.155009087894797,300.,76.7186111848676,            609P    965
0.155009087894797,0.,76.7186111848676,0.155009087894797,300.,        609P    966
76.7186111848676,2.1550090878948,0.,76.7186111848676,                609P    967
2.1550090878948,300.,79.1328247472407,2.1550090878948,0.,            609P    968
79.1328247472407,2.1550090878948,300.,79.1328247472407,              609P    969
3.32658196314863,0.,79.1328247472407,3.32658196314863,300.,          609P    970
76.3043976224945,6.1550090878948,0.,76.3043976224945,                609P    971
6.1550090878948,300.,71.1328247472407,6.1550090878948,0.,            609P    972
71.1328247472407,6.1550090878948,300.,68.3043976224945,              609P    973
3.32658196314861,0.,68.3043976224945,3.32658196314861,300.,          609P    974
68.3043976224945,2.1550090878948,0.,68.3043976224945,                609P    975
2.1550090878948,300.,70.7186111848676,2.1550090878948,0.,            609P    976
70.7186111848676,2.1550090878948,300.,70.7186111848676,              609P    977
0.155009087894797,0.,70.7186111848676,0.155009087894797,300.,        609P    978
64.7186111848676,0.155009087894801,0.,64.7186111848676,              609P    979
0.155009087894801,300.,63.7186111848676,1.1550090878948,0.,          609P    980
63.7186111848676,1.1550090878948,300.,63.7186111848676,              609P    981
7.15500908789479,0.,63.7186111848676,7.15500908789479,300.,          609P    982
65.7186111848676,7.1550090878948,0.,65.7186111848676,                609P    983
7.1550090878948,300.;                                                609P    984
504,147,213,609,1,609,1,215,609,1,609,2,217,609,2,609,2,219,609,     611P    985
3,609,4,221,609,4,609,5,223,609,6,609,5,225,609,3,609,6,227,609,     611P    986
7,609,3,229,609,8,609,6,231,609,7,609,8,233,609,9,609,7,235,609,     611P    987
10,609,8,237,609,9,609,10,239,609,11,609,9,241,609,12,609,10,        611P    988
243,609,11,609,12,245,609,13,609,11,247,609,14,609,12,249,609,       611P    989
13,609,14,251,609,15,609,13,253,609,16,609,14,255,609,15,609,16,     611P    990
257,609,17,609,15,259,609,18,609,16,261,609,17,609,18,263,609,       611P    991
19,609,17,265,609,20,609,18,267,609,19,609,20,269,609,21,609,19,     611P    992
271,609,22,609,20,273,609,21,609,22,275,609,23,609,21,277,609,       611P    993
24,609,22,279,609,23,609,24,281,609,25,609,23,283,609,26,609,24,     611P    994
285,609,25,609,26,287,609,27,609,25,289,609,28,609,26,291,609,       611P    995
27,609,28,293,609,29,609,27,295,609,30,609,28,297,609,29,609,30,     611P    996
299,609,31,609,29,301,609,32,609,30,303,609,31,609,32,305,609,       611P    997
33,609,31,307,609,34,609,32,309,609,33,609,34,311,609,35,609,33,     611P    998
313,609,36,609,34,315,609,35,609,36,317,609,37,609,35,319,609,       611P    999
38,609,36,321,609,37,609,38,323,609,39,609,37,325,609,40,609,38,     611P   1000
327,609,39,609,40,329,609,41,609,39,331,609,42,609,40,333,609,       611P   1001
41,609,42,335,609,43,609,41,337,609,44,609,42,339,609,43,609,44,     611P   1002
341,609,45,609,43,343,609,46,609,44,345,609,45,609,46,347,609,       611P   1003
47,609,45,349,609,48,609,46,351,609,47,609,48,353,609,49,609,47,     611P   1004
355,609,50,609,48,357,609,49,609,50,359,609,51,609,49,361,609,       611P   1005
52,609,50,363,609,51,609,52,365,609,53,609,51,367,609,54,609,52,     611P   1006
369,609,53,609,54,371,609,55,609,53,373,609,56,609,54,375,609,       611P   1007
55,609,56,377,609,57,609,55,379,609,58,609,56,381,609,57,609,58,     611P   1008
383,609,59,609,57,385,609,60,609,58,387,609,59,609,60,389,609,       611P   1009
61,609,59,391,609,62,609,60,393,609,61,609,62,395,609,63,609,61,     611P   1010
397,609,64,609,62,399,609,63,609,64,401,609,65,609,63,403,609,       611P   1011
66,609,64,405,609,65,609,66,407,609,67,609,65,409,609,68,609,66,     611P   1012
411,609,67,609,68,413,609,69,609,67,415,609,70,609,68,417,609,       611P   1013
69,609,70,419,609,71,609,69,421,609,72,609,70,423,609,71,609,72,     611P   1014
425,609,73,609,71,427,609,74,609,72,429,609,73,609,74,431,609,       611P   1015
75,609,73,433,609,76,609,74,435,609,75,609,76,437,609,77,609,75,     611P   1016
439,609,78,609,76,441,609,77,609,78,443,609,79,609,77,445,609,       611P   1017
80,609,78,447,609,79,609,80,449,609,81,609,79,451,609,82,609,80,     611P   1018
453,609,81,609,82,455,609,83,609,81,457,609,84,609,82,459,609,       611P   1019
83,609,84,461,609,85,609,83,463,609,86,609,84,465,609,85,609,86,     611P   1020
467,609,87,609,85,469,609,88,609,86,471,609,87,609,88,473,609,       611P   1021
89,609,87,475,609,90,609,88,477,609,89,609,90,479,609,91,609,89,     611P   1022
481,609,92,609,90,483,609,91,609,92,485,609,93,609,91,487,609,       611P   1023
94,609,92,489,609,93,609,94,491,609,95,609,93,493,609,96,609,94,     611P   1024
495,609,95,609,96,497,609,97,609,95,499,609,98,609,96,501,609,       611P   1025
97,609,98,503,609,4,609,97,505,609,5,609,98;                         611P   1026
406,1,2H69;                                                          613P   1027
406,2,0,1H0;                                                         615P   1028
314,100.,100.,100.,;                                                 617P   1029
314,100.,100.,100.,;                                                 619P   1030
S      1G      4D    620P   1030                                        T      1
