ISO-10303-21;
HEADER;
FILE_DESCRIPTION (( 'STEP AP203' ),
    '1' );
FILE_NAME ('2020_int_L_joint.STEP',
    '2016-10-30T17:38:08',
    ( 'Admin' ),
    ( '' ),
    'SwSTEP 2.0',
    'SolidWorks 2013',
    '' );
FILE_SCHEMA (( 'CONFIG_CONTROL_DESIGN' ));
ENDSEC;

DATA;
#1 = AXIS2_PLACEMENT_3D ( 'NONE', #706, #704, #703 ) ;
#2 = DIRECTION ( 'NONE',  ( -0.0000000000000000000, 1.000000000000000000, -0.0000000000000000000 ) ) ;
#3 = APPROVAL_STATUS ( 'not_yet_approved' ) ;
#4 = CC_DESIGN_APPROVAL ( #1406, ( #1342 ) ) ;
#5 = PERSON_AND_ORGANIZATION ( #290, #1217 ) ;
#6 = DATE_TIME_ROLE ( 'creation_date' ) ;
#7 = VECTOR ( 'NONE', #321, 1000.000000000000000 ) ;
#8 = LINE ( 'NONE', #352, #7 ) ;
#9 = CARTESIAN_POINT ( 'NONE',  ( -3.749999999999997800, 5.000000000000000900, 3.000000000000000000 ) ) ;
#10 = VECTOR ( 'NONE', #293, 1000.000000000000000 ) ;
#11 = AXIS2_PLACEMENT_3D ( 'NONE', #759, #795, #756 ) ;
#12 = LINE ( 'NONE', #289, #839 ) ;
#13 = VECTOR ( 'NONE', #348, 1000.000000000000100 ) ;
#14 = PERSON_AND_ORGANIZATION_ROLE ( 'creator' ) ;
#15 = LINE ( 'NONE', #353, #13 ) ;
#16 = VECTOR ( 'NONE', #343, 1000.000000000000100 ) ;
#17 = PERSON_AND_ORGANIZATION_ROLE ( 'creator' ) ;
#18 = CARTESIAN_POINT ( 'NONE',  ( 12.99999999999999800, -5.001000000000000300, 1.999999999999999600 ) ) ;
#19 = VECTOR ( 'NONE', #370, 1000.000000000000100 ) ;
#20 = APPROVAL_ROLE ( '' ) ;
#21 = DIRECTION ( 'NONE',  ( 0.0000000000000000000, -1.000000000000000000, 0.0000000000000000000 ) ) ;
#22 = APPROVAL_STATUS ( 'not_yet_approved' ) ;
#23 = APPLICATION_PROTOCOL_DEFINITION ( 'international standard', 'config_control_design', 1994, #24 ) ;
#24 = APPLICATION_CONTEXT ( 'configuration controlled 3d designs of mechanical parts and assemblies' ) ;
#25 = VECTOR ( 'NONE', #125, 1000.000000000000000 ) ;
#26 = LINE ( 'NONE', #312, #874 ) ;
#27 = VECTOR ( 'NONE', #365, 1000.000000000000200 ) ;
#28 = PERSON_AND_ORGANIZATION_ROLE ( 'design_owner' ) ;
#29 = CARTESIAN_POINT ( 'NONE',  ( 0.0000000000000000000, 0.0000000000000000000, 3.000000000000000000 ) ) ;
#30 = LINE ( 'NONE', #349, #16 ) ;
#31 = VECTOR ( 'NONE', #371, 1000.000000000000100 ) ;
#32 = LINE ( 'NONE', #362, #19 ) ;
#33 = LINE ( 'NONE', #386, #31 ) ;
#34 = VECTOR ( 'NONE', #398, 1000.000000000000000 ) ;
#35 = CARTESIAN_POINT ( 'NONE',  ( -1.750000000000000400, 19.50000000000000000, 4.750000000000000000 ) ) ;
#36 = MECHANICAL_CONTEXT ( 'NONE', #45, 'mechanical' ) ;
#37 = LINE ( 'NONE', #435, #27 ) ;
#38 = LINE ( 'NONE', #401, #34 ) ;
#39 = DIRECTION ( 'NONE',  ( 1.000000000000000000, 0.0000000000000000000, 0.0000000000000000000 ) ) ;
#40 = DIRECTION ( 'NONE',  ( 0.0000000000000000000, 0.0000000000000000000, 1.000000000000000000 ) ) ;
#41 = AXIS2_PLACEMENT_3D ( 'NONE', #913, #910, #909 ) ;
#42 = PERSON_AND_ORGANIZATION ( #290, #1217 ) ;
#43 = VECTOR ( 'NONE', #452, 1000.000000000000100 ) ;
#44 = CARTESIAN_POINT ( 'NONE',  ( 0.0000000000000000000, 0.0000000000000000000, 0.0000000000000000000 ) ) ;
#45 = APPLICATION_CONTEXT ( 'configuration controlled 3d designs of mechanical parts and assemblies' ) ;
#46 = LINE ( 'NONE', #463, #43 ) ;
#47 = LINE ( 'NONE', #719, #145 ) ;
#48 = VECTOR ( 'NONE', #477, 1000.000000000000000 ) ;
#49 = LINE ( 'NONE', #475, #48 ) ;
#50 = APPLICATION_PROTOCOL_DEFINITION ( 'international standard', 'config_control_design', 1994, #45 ) ;
#51 = CYLINDRICAL_SURFACE ( 'NONE', #608, 0.7999999999999986000 ) ;
#52 = VECTOR ( 'NONE', #469, 1000.000000000000000 ) ;
#53 = AXIS2_PLACEMENT_3D ( 'NONE', #860, #857, #856 ) ;
#54 = LINE ( 'NONE', #465, #52 ) ;
#55 = DIRECTION ( 'NONE',  ( -1.000000000000000000, -1.387778780781445400E-016, 0.0000000000000000000 ) ) ;
#56 = CARTESIAN_POINT ( 'NONE',  ( 12.99999999999999800, -5.001000000000000300, -1.999999999999999600 ) ) ;
#57 = AXIS2_PLACEMENT_3D ( 'NONE', #940, #937, #936 ) ;
#58 =( NAMED_UNIT ( * ) SI_UNIT ( $, .STERADIAN. ) SOLID_ANGLE_UNIT ( ) );
#59 = VECTOR ( 'NONE', #148, 1000.000000000000000 ) ;
#60 = AXIS2_PLACEMENT_3D ( 'NONE', #971, #994, #973 ) ;
#61 = VECTOR ( 'NONE', #579, 1000.000000000000000 ) ;
#62 = DIRECTION ( 'NONE',  ( 1.000000000000000000, 2.220446049250313100E-016, -0.0000000000000000000 ) ) ;
#63 = LINE ( 'NONE', #501, #87 ) ;
#64 = FACE_OUTER_BOUND ( 'NONE', #774, .T. ) ;
#65 =( NAMED_UNIT ( * ) PLANE_ANGLE_UNIT ( ) SI_UNIT ( $, .RADIAN. ) );
#66 = FACE_OUTER_BOUND ( 'NONE', #729, .T. ) ;
#67 = VECTOR ( 'NONE', #519, 1000.000000000000000 ) ;
#68 = LINE ( 'NONE', #508, #61 ) ;
#69 = AXIS2_PLACEMENT_3D ( 'NONE', #1033, #1047, #1044 ) ;
#70 =( LENGTH_UNIT ( ) NAMED_UNIT ( * ) SI_UNIT ( .MILLI., .METRE. ) );
#71 = VECTOR ( 'NONE', #526, 1000.000000000000000 ) ;
#72 = LINE ( 'NONE', #523, #67 ) ;
#73 = ADVANCED_FACE ( 'NONE', ( #520 ), #515, .F. ) ;
#74 = DIRECTION ( 'NONE',  ( 1.000000000000000000, 0.0000000000000000000, 0.0000000000000000000 ) ) ;
#75 = CALENDAR_DATE ( 2016, 30, 10 ) ;
#76 = CARTESIAN_POINT ( 'NONE',  ( -4.999999999999999100, 12.99999999999999600, 0.0000000000000000000 ) ) ;
#77 = DIRECTION ( 'NONE',  ( 0.0000000000000000000, 0.0000000000000000000, -1.000000000000000000 ) ) ;
#78 = VECTOR ( 'NONE', #539, 1000.000000000000000 ) ;
#79 = LINE ( 'NONE', #537, #71 ) ;
#80 = CC_DESIGN_PERSON_AND_ORGANIZATION_ASSIGNMENT ( #659, #14, ( #1342 ) ) ;
#81 = VECTOR ( 'NONE', #554, 1000.000000000000000 ) ;
#82 = CARTESIAN_POINT ( 'NONE',  ( -5.001025000000003800, 10.99999999999999600, 2.449293598294705900E-016 ) ) ;
#83 = LINE ( 'NONE', #542, #78 ) ;
#84 = PLANE ( 'NONE',  #500 ) ;
#85 = VECTOR ( 'NONE', #562, 1000.000000000000000 ) ;
#86 = DIRECTION ( 'NONE',  ( -1.000000000000000000, -2.220446049250313100E-016, -0.0000000000000000000 ) ) ;
#87 = VECTOR ( 'NONE', #495, 1000.000000000000000 ) ;
#88 = VECTOR ( 'NONE', #572, 1000.000000000000000 ) ;
#89 = ADVANCED_FACE ( 'NONE', ( #518 ), #507, .F. ) ;
#90 = LINE ( 'NONE', #567, #85 ) ;
#91 = DIRECTION ( 'NONE',  ( 1.000000000000000000, 2.220446049250313100E-016, -0.0000000000000000000 ) ) ;
#92 = DIRECTION ( 'NONE',  ( 2.343374660409152100E-032, 1.000000000000000000, 0.0000000000000000000 ) ) ;
#93 = CARTESIAN_POINT ( 'NONE',  ( -5.001025000000004700, 12.99999999999999600, 0.0000000000000000000 ) ) ;
#94 = VECTOR ( 'NONE', #583, 1000.000000000000100 ) ;
#95 = ADVANCED_FACE ( 'NONE', ( #1413 ), #1124, .F. ) ;
#96 = DIRECTION ( 'NONE',  ( 1.000000000000000000, 2.220446049250313100E-016, -0.0000000000000000000 ) ) ;
#97 = VECTOR ( 'NONE', #576, 1000.000000000000000 ) ;
#98 = AXIS2_PLACEMENT_3D ( 'NONE', #1021, #1012, #1010 ) ;
#99 = LINE ( 'NONE', #595, #81 ) ;
#100 = DIRECTION ( 'NONE',  ( -1.000000000000000000, -3.469446951953610700E-016, 0.0000000000000000000 ) ) ;
#101 = LINE ( 'NONE', #580, #97 ) ;
#102 = VECTOR ( 'NONE', #593, 1000.000000000000000 ) ;
#103 = VECTOR ( 'NONE', #635, 1000.000000000000000 ) ;
#104 = LINE ( 'NONE', #601, #88 ) ;
#105 = DIRECTION ( 'NONE',  ( 2.453269466693406000E-016, -0.7071067811865503500, 0.7071067811865448000 ) ) ;
#106 = VECTOR ( 'NONE', #609, 1000.000000000000000 ) ;
#107 = ADVANCED_FACE ( 'NONE', ( #516 ), #1080, .F. ) ;
#108 = DIRECTION ( 'NONE',  ( -4.336808689942017700E-016, 1.000000000000000000, 0.0000000000000000000 ) ) ;
#109 = CARTESIAN_POINT ( 'NONE',  ( -2.886579864025406600E-015, 12.99999999999999800, 0.0000000000000000000 ) ) ;
#110 = LINE ( 'NONE', #602, #102 ) ;
#111 = VECTOR ( 'NONE', #614, 1000.000000000000000 ) ;
#112 = AXIS2_PLACEMENT_3D ( 'NONE', #1065, #1055, #1052 ) ;
#113 = DIRECTION ( 'NONE',  ( 0.0000000000000000000, 0.0000000000000000000, 1.000000000000000000 ) ) ;
#114 = AXIS2_PLACEMENT_3D ( 'NONE', #119, #118, #116 ) ;
#115 = CARTESIAN_POINT ( 'NONE',  ( 0.0000000000000000000, 0.0000000000000000000, -4.750000000000000000 ) ) ;
#116 = DIRECTION ( 'NONE',  ( 1.000000000000000000, 8.217111201995403800E-017, 0.0000000000000000000 ) ) ;
#117 = DATE_AND_TIME ( #419, #744 ) ;
#118 = DIRECTION ( 'NONE',  ( 8.217111201995403800E-017, -1.000000000000000000, 0.0000000000000000000 ) ) ;
#119 = CARTESIAN_POINT ( 'NONE',  ( 19.99999999999999600, -1.750000000000001100, 4.750000000000000000 ) ) ;
#120 = LINE ( 'NONE', #591, #103 ) ;
#121 = AXIS2_PLACEMENT_3D ( 'NONE', #1091, #1090, #1086 ) ;
#122 = VECTOR ( 'NONE', #634, 1000.000000000000000 ) ;
#123 = LINE ( 'NONE', #624, #111 ) ;
#124 = VECTOR ( 'NONE', #675, 1000.000000000000000 ) ;
#125 = DIRECTION ( 'NONE',  ( -1.000000000000000000, -1.040834085586084500E-016, 0.0000000000000000000 ) ) ;
#126 = LINE ( 'NONE', #645, #106 ) ;
#127 = LINE ( 'NONE', #643, #128 ) ;
#128 = VECTOR ( 'NONE', #641, 1000.000000000000000 ) ;
#129 = CARTESIAN_POINT ( 'NONE',  ( -1.908195823574486600E-015, 5.500000000000002700, 4.750000000000000000 ) ) ;
#130 = DIRECTION ( 'NONE',  ( -1.000000000000000000, -8.217111201995403800E-017, -0.0000000000000000000 ) ) ;
#131 = CARTESIAN_POINT ( 'NONE',  ( 0.0000000000000000000, 19.50000000000000000, 4.750000000000000000 ) ) ;
#132 = PLANE ( 'NONE',  #114 ) ;
#133 = DIRECTION ( 'NONE',  ( -1.000000000000000000, 0.0000000000000000000, 0.0000000000000000000 ) ) ;
#134 = PLANE ( 'NONE',  #268 ) ;
#135 = LINE ( 'NONE', #195, #1054 ) ;
#136 = LINE ( 'NONE', #648, #122 ) ;
#137 = CARTESIAN_POINT ( 'NONE',  ( -3.749999999999999100, 20.00000000000000000, 3.000000000000000000 ) ) ;
#138 = CARTESIAN_POINT ( 'NONE',  ( -0.7499999999999800200, -2.999999999999991600, -4.750000000000000000 ) ) ;
#139 = FACE_OUTER_BOUND ( 'NONE', #736, .T. ) ;
#140 = AXIS2_PLACEMENT_3D ( 'NONE', #1182, #1176, #1173 ) ;
#141 = VECTOR ( 'NONE', #679, 1000.000000000000000 ) ;
#142 = FACE_BOUND ( 'NONE', #1374, .T. ) ;
#143 = FACE_OUTER_BOUND ( 'NONE', #528, .T. ) ;
#144 = AXIS2_PLACEMENT_3D ( 'NONE', #725, #671, #670 ) ;
#145 = VECTOR ( 'NONE', #714, 1000.000000000000000 ) ;
#146 = FACE_OUTER_BOUND ( 'NONE', #654, .T. ) ;
#147 = LINE ( 'NONE', #699, #141 ) ;
#148 = DIRECTION ( 'NONE',  ( 0.0000000000000000000, -1.000000000000000000, 0.0000000000000000000 ) ) ;
#149 = CARTESIAN_POINT ( 'NONE',  ( 3.122502256758244400E-016, -2.999999999999991600, -4.750000000000000000 ) ) ;
#150 = AXIS2_PLACEMENT_3D ( 'NONE', #1137, #1127, #1122 ) ;
#151 = AXIS2_PLACEMENT_3D ( 'NONE', #1201, #1186, #1184 ) ;
#152 = CARTESIAN_POINT ( 'NONE',  ( 16.99999999999997900, 0.0000000000000000000, -4.750000000000000000 ) ) ;
#153 = APPROVAL_DATE_TIME ( #457, #1081 ) ;
#154 = VECTOR ( 'NONE', #730, 1000.000000000000000 ) ;
#155 = LINE ( 'NONE', #655, #124 ) ;
#156 = DIRECTION ( 'NONE',  ( -1.000000000000000000, -8.217111201995403800E-017, -0.0000000000000000000 ) ) ;
#157 = CYLINDRICAL_SURFACE ( 'NONE', #11, 0.8000000000000000400 ) ;
#158 = LINE ( 'NONE', #740, #176 ) ;
#159 = FACE_OUTER_BOUND ( 'NONE', #789, .T. ) ;
#160 = LINE ( 'NONE', #722, #154 ) ;
#161 = CC_DESIGN_PERSON_AND_ORGANIZATION_ASSIGNMENT ( #355, #1194, ( #1342 ) ) ;
#162 = VECTOR ( 'NONE', #760, 1000.000000000000000 ) ;
#163 = CARTESIAN_POINT ( 'NONE',  ( 19.99999999999999600, -1.750000000000001100, -4.750000000000000000 ) ) ;
#164 = DIRECTION ( 'NONE',  ( -0.0000000000000000000, -0.0000000000000000000, 1.000000000000000000 ) ) ;
#165 = DIRECTION ( 'NONE',  ( 1.000000000000000000, 2.220446049250313100E-016, -0.0000000000000000000 ) ) ;
#166 = AXIS2_PLACEMENT_3D ( 'NONE', #1228, #1223, #1221 ) ;
#167 = FACE_OUTER_BOUND ( 'NONE', #560, .T. ) ;
#168 = CARTESIAN_POINT ( 'NONE',  ( 14.81250000000004100, -1.750000000000001600, -13.73501356426351800 ) ) ;
#169 = CARTESIAN_POINT ( 'NONE',  ( -3.749999999999997300, -4.139173100960064700, -3.759731931258426800 ) ) ;
#170 = VECTOR ( 'NONE', #837, 1000.000000000000000 ) ;
#171 = LINE ( 'NONE', #775, #170 ) ;
#172 = LINE ( 'NONE', #772, #162 ) ;
#173 = VECTOR ( 'NONE', #825, 1000.000000000000000 ) ;
#174 = LINE ( 'NONE', #835, #175 ) ;
#175 = VECTOR ( 'NONE', #832, 1000.000000000000000 ) ;
#176 = VECTOR ( 'NONE', #742, 1000.000000000000000 ) ;
#177 = VECTOR ( 'NONE', #848, 1000.000000000000000 ) ;
#178 = CARTESIAN_POINT ( 'NONE',  ( -5.001025000000005600, 14.99999999999999600, 0.0000000000000000000 ) ) ;
#179 = DIRECTION ( 'NONE',  ( -1.000000000000000000, -8.217111201995403800E-017, 0.0000000000000000000 ) ) ;
#180 = DIRECTION ( 'NONE',  ( -4.003208021484946900E-016, -1.000000000000000000, 0.0000000000000000000 ) ) ;
#181 = AXIS2_PLACEMENT_3D ( 'NONE', #1248, #1247, #1243 ) ;
#182 = CARTESIAN_POINT ( 'NONE',  ( -3.749999999999996400, -1.750000000000003100, -4.750000000000000000 ) ) ;
#183 = APPROVAL_PERSON_ORGANIZATION ( #496, #1081, #20 ) ;
#184 =( GEOMETRIC_REPRESENTATION_CONTEXT ( 3 ) GLOBAL_UNCERTAINTY_ASSIGNED_CONTEXT ( ( #1232 ) ) GLOBAL_UNIT_ASSIGNED_CONTEXT ( ( #70, #65, #58 ) ) REPRESENTATION_CONTEXT ( 'NONE', 'WORKASPACE' ) );
#185 = LINE ( 'NONE', #834, #173 ) ;
#186 = CARTESIAN_POINT ( 'NONE',  ( -3.749999999999997800, -4.999999999999997300, -3.017949192431121000 ) ) ;
#187 = VECTOR ( 'NONE', #854, 1000.000000000000000 ) ;
#188 = VECTOR ( 'NONE', #872, 1000.000000000000000 ) ;
#189 = CARTESIAN_POINT ( 'NONE',  ( -1.250000000000000200, 20.00000000000000000, -4.249999999999994700 ) ) ;
#190 = LINE ( 'NONE', #875, #177 ) ;
#191 = LINE ( 'NONE', #842, #187 ) ;
#192 = LINE ( 'NONE', #908, #205 ) ;
#193 = AXIS2_PLACEMENT_3D ( 'NONE', #1268, #1264, #1261 ) ;
#194 = FACE_OUTER_BOUND ( 'NONE', #618, .T. ) ;
#195 = CARTESIAN_POINT ( 'NONE',  ( 19.99999999999999600, -1.750000000000001100, 4.750000000000000000 ) ) ;
#196 = AXIS2_PLACEMENT_3D ( 'NONE', #1333, #1332, #1331 ) ;
#197 = CIRCLE ( 'NONE', #53, 2.000000000000000000 ) ;
#198 = CARTESIAN_POINT ( 'NONE',  ( 12.99999999999999800, -4.999999999999998200, 1.999999999999999600 ) ) ;
#199 = CARTESIAN_POINT ( 'NONE',  ( -3.749999999999997800, -4.999999999999997300, 3.011426524367547800 ) ) ;
#200 = DIRECTION ( 'NONE',  ( 1.000000000000000000, 3.469446951953610700E-016, 0.0000000000000000000 ) ) ;
#201 = AXIS2_PLACEMENT_3D ( 'NONE', #1376, #1375, #1372 ) ;
#202 = VECTOR ( 'NONE', #229, 1000.000000000000100 ) ;
#203 = DIRECTION ( 'NONE',  ( 3.469446951953610700E-016, -1.000000000000000000, 0.0000000000000000000 ) ) ;
#204 = LINE ( 'NONE', #880, #188 ) ;
#205 = VECTOR ( 'NONE', #886, 1000.000000000000000 ) ;
#206 = CARTESIAN_POINT ( 'NONE',  ( 0.0000000000000000000, 19.50000000000000000, -4.750000000000000000 ) ) ;
#207 = VECTOR ( 'NONE', #920, 1000.000000000000000 ) ;
#208 = CARTESIAN_POINT ( 'NONE',  ( -6.249999999999972500, 9.999999999999969800, -9.250000000000005300 ) ) ;
#209 = VECTOR ( 'NONE', #953, 1000.000000000000000 ) ;
#210 = ADVANCED_FACE ( 'NONE', ( #517 ), #1062, .T. ) ;
#211 = DIRECTION ( 'NONE',  ( -1.000000000000000000, 0.0000000000000000000, 0.0000000000000000000 ) ) ;
#212 = LINE ( 'NONE', #916, #207 ) ;
#213 = CYLINDRICAL_SURFACE ( 'NONE', #60, 0.7999999999999999300 ) ;
#214 = LINE ( 'NONE', #967, #209 ) ;
#215 = PRODUCT ( '2020_int_L_joint', '2020_int_L_joint', '', ( #36 ) ) ;
#216 = AXIS2_PLACEMENT_3D ( 'NONE', #1349, #1347, #1345 ) ;
#217 = DIRECTION ( 'NONE',  ( 0.0000000000000000000, 0.0000000000000000000, -1.000000000000000000 ) ) ;
#218 = DIRECTION ( 'NONE',  ( 1.000000000000000000, 0.0000000000000000000, 0.0000000000000000000 ) ) ;
#219 = CARTESIAN_POINT ( 'NONE',  ( 0.0000000000000000000, 0.0000000000000000000, 3.000000000000000000 ) ) ;
#220 = VECTOR ( 'NONE', #958, 1000.000000000000000 ) ;
#221 = ADVANCED_FACE ( 'NONE', ( #506, #503 ), #1060, .T. ) ;
#222 = PLANE ( 'NONE',  #1424 ) ;
#223 = CARTESIAN_POINT ( 'NONE',  ( -3.749999999999997800, 5.000000000000000900, -4.750000000000000000 ) ) ;
#224 = CARTESIAN_POINT ( 'NONE',  ( 19.25000000000000000, -1.750000000000001100, -3.450961894323338400 ) ) ;
#225 = AXIS2_PLACEMENT_3D ( 'NONE', #1417, #1399, #1398 ) ;
#226 = FACE_OUTER_BOUND ( 'NONE', #783, .T. ) ;
#227 = PLANE ( 'NONE',  #275 ) ;
#228 = VECTOR ( 'NONE', #975, 1000.000000000000000 ) ;
#229 = DIRECTION ( 'NONE',  ( -0.8660254037844396000, -7.116227046649711600E-017, -0.4999999999999982200 ) ) ;
#230 = DIRECTION ( 'NONE',  ( -1.000000000000000000, 0.0000000000000000000, 0.0000000000000000000 ) ) ;
#231 = FACE_OUTER_BOUND ( 'NONE', #758, .T. ) ;
#232 = CYLINDRICAL_SURFACE ( 'NONE', #69, 1.999999999999999600 ) ;
#233 = LINE ( 'NONE', #1030, #228 ) ;
#234 = DIRECTION ( 'NONE',  ( 0.0000000000000000000, -0.7071067811865500200, 0.7071067811865451300 ) ) ;
#235 = VECTOR ( 'NONE', #978, 1000.000000000000000 ) ;
#236 = DIRECTION ( 'NONE',  ( -4.003208021484946400E-016, -1.000000000000000000, -0.0000000000000000000 ) ) ;
#237 = FACE_OUTER_BOUND ( 'NONE', #1314, .T. ) ;
#238 = CIRCLE ( 'NONE', #98, 1.999999999999999600 ) ;
#239 = CARTESIAN_POINT ( 'NONE',  ( 4.686749320818303900E-031, 20.00000000000000000, -4.249999999999995600 ) ) ;
#240 = CARTESIAN_POINT ( 'NONE',  ( -3.749999999999996900, -1.750000000000003100, 3.017949192431117000 ) ) ;
#241 = SECURITY_CLASSIFICATION ( '', '', #487 ) ;
#242 =( BOUNDED_CURVE ( )  B_SPLINE_CURVE ( 3, ( #455, #433, #442, #459 ),
 .UNSPECIFIED., .F., .F. ) 
 B_SPLINE_CURVE_WITH_KNOTS ( ( 4, 4 ),
 ( 0.0000000000000000000, 0.8616781099894538200 ),
 .UNSPECIFIED. ) 
 CURVE ( )  GEOMETRIC_REPRESENTATION_ITEM ( )  RATIONAL_B_SPLINE_CURVE ( ( 1.000000000000000000, 0.9390771014833531000, 0.9390771014833531000, 1.000000000000000000 ) ) 
 REPRESENTATION_ITEM ( '' )  );
#243 = CARTESIAN_POINT ( 'NONE',  ( -4.999999999999996400, -5.000000000000000000, -3.000000000000000000 ) ) ;
#244 = LINE ( 'NONE', #247, #513 ) ;
#245 = AXIS2_PLACEMENT_3D ( 'NONE', #1423, #1420, #1419 ) ;
#246 = VECTOR ( 'NONE', #1073, 1000.000000000000000 ) ;
#247 = CARTESIAN_POINT ( 'NONE',  ( -1.908195823574486200E-015, 5.500000000000001800, -4.750000000000000000 ) ) ;
#248 = LINE ( 'NONE', #1069, #246 ) ;
#249 = AXIS2_PLACEMENT_3D ( 'NONE', #1408, #1403, #1402 ) ;
#250 = DIRECTION ( 'NONE',  ( -4.003208021484946900E-016, -1.000000000000000000, 0.0000000000000000000 ) ) ;
#251 = VECTOR ( 'NONE', #1045, 1000.000000000000000 ) ;
#252 = DIRECTION ( 'NONE',  ( -1.000000000000000000, 4.003208021484946900E-016, 0.0000000000000000000 ) ) ;
#253 = LINE ( 'NONE', #981, #235 ) ;
#254 = VECTOR ( 'NONE', #1075, 1000.000000000000000 ) ;
#255 = LINE ( 'NONE', #1093, #254 ) ;
#256 = CIRCLE ( 'NONE', #112, 0.8000000000000000400 ) ;
#257 = CARTESIAN_POINT ( 'NONE',  ( -3.749999999999997800, -4.999999999999997300, -4.750000000000000000 ) ) ;
#258 = DIRECTION ( 'NONE',  ( -2.453269466693406000E-016, 0.7071067811865503500, 0.7071067811865448000 ) ) ;
#259 = AXIS2_PLACEMENT_3D ( 'NONE', #1440, #1438, #1437 ) ;
#260 = PLANE ( 'NONE',  #1297 ) ;
#261 = DIRECTION ( 'NONE',  ( -0.0000000000000000000, 0.0000000000000000000, 1.000000000000000000 ) ) ;
#262 = EDGE_LOOP ( 'NONE', ( #755, #1023, #833, #896 ) ) ;
#263 = DIRECTION ( 'NONE',  ( -1.000000000000000000, -3.469446951953610700E-016, 0.0000000000000000000 ) ) ;
#264 = LINE ( 'NONE', #959, #220 ) ;
#265 = AXIS2_PLACEMENT_3D ( 'NONE', #76, #55, #21 ) ;
#266 = VECTOR ( 'NONE', #1141, 1000.000000000000000 ) ;
#267 = LINE ( 'NONE', #1050, #251 ) ;
#268 = AXIS2_PLACEMENT_3D ( 'NONE', #129, #105, #100 ) ;
#269 = VECTOR ( 'NONE', #1112, 1000.000000000000000 ) ;
#270 = DIRECTION ( 'NONE',  ( -3.469446951953614700E-016, 1.000000000000000000, 0.0000000000000000000 ) ) ;
#271 = CIRCLE ( 'NONE', #121, 0.7999999999999986000 ) ;
#272 = VECTOR ( 'NONE', #1158, 1000.000000000000000 ) ;
#273 = LINE ( 'NONE', #1119, #269 ) ;
#274 = CARTESIAN_POINT ( 'NONE',  ( 19.19999999999999900, -4.999999999999997300, -3.000000000000000000 ) ) ;
#275 = AXIS2_PLACEMENT_3D ( 'NONE', #223, #203, #200 ) ;
#276 = CARTESIAN_POINT ( 'NONE',  ( -3.749999999999997800, 5.000000000000000900, -3.000000000000000000 ) ) ;
#277 = PLANE ( 'NONE',  #1177 ) ;
#278 = CALENDAR_DATE ( 2016, 30, 10 ) ;
#279 = LINE ( 'NONE', #1143, #266 ) ;
#280 = LINE ( 'NONE', #1151, #272 ) ;
#281 = DIRECTION ( 'NONE',  ( 1.000000000000000000, 3.469446951953610700E-016, 0.0000000000000000000 ) ) ;
#282 = PLANE ( 'NONE',  #301 ) ;
#283 = VECTOR ( 'NONE', #1161, 1000.000000000000000 ) ;
#284 = VECTOR ( 'NONE', #1156, 1000.000000000000000 ) ;
#285 = CIRCLE ( 'NONE', #150, 0.8000000000000003800 ) ;
#286 = FACE_OUTER_BOUND ( 'NONE', #636, .T. ) ;
#287 = LINE ( 'NONE', #1180, #307 ) ;
#288 = LINE ( 'NONE', #1160, #284 ) ;
#289 = CARTESIAN_POINT ( 'NONE',  ( -1.250000000000000200, 20.00000000000000000, -4.249999999999995600 ) ) ;
#290 = PERSON ( 'UNSPECIFIED', 'UNSPECIFIED', 'UNSPECIFIED', ('UNSPECIFIED'), ('UNSPECIFIED'), ('UNSPECIFIED') ) ;
#291 = CARTESIAN_POINT ( 'NONE',  ( -1.249999999999995100, 5.000000000000001800, -4.750000000000000000 ) ) ;
#292 = AXIS2_PLACEMENT_3D ( 'NONE', #109, #86, #113 ) ;
#293 = DIRECTION ( 'NONE',  ( -0.0000000000000000000, -0.0000000000000000000, 1.000000000000000000 ) ) ;
#294 = AXIS2_PLACEMENT_3D ( 'NONE', #673, #658, #657 ) ;
#295 = CARTESIAN_POINT ( 'NONE',  ( 0.0000000000000000000, 0.0000000000000000000, -3.000000000000000000 ) ) ;
#296 =( BOUNDED_CURVE ( )  B_SPLINE_CURVE ( 3, ( #389, #399, #385, #382 ),
 .UNSPECIFIED., .F., .T. ) 
 B_SPLINE_CURVE_WITH_KNOTS ( ( 4, 4 ),
 ( 3.141592653589793100, 3.850710870395240200 ),
 .UNSPECIFIED. ) 
 CURVE ( )  GEOMETRIC_REPRESENTATION_ITEM ( )  RATIONAL_B_SPLINE_CURVE ( ( 1.000000000000000000, 0.9585330982355456700, 0.9585330982355456700, 1.000000000000000000 ) ) 
 REPRESENTATION_ITEM ( '' )  );
#297 = VECTOR ( 'NONE', #461, 1000.000000000000100 ) ;
#298 = DIRECTION ( 'NONE',  ( 1.000000000000000000, 0.0000000000000000000, 0.0000000000000000000 ) ) ;
#299 = LINE ( 'NONE', #1171, #283 ) ;
#300 = VECTOR ( 'NONE', #1204, 1000.000000000000000 ) ;
#301 = AXIS2_PLACEMENT_3D ( 'NONE', #318, #258, #281 ) ;
#302 = DIRECTION ( 'NONE',  ( -0.0000000000000000000, 0.0000000000000000000, 1.000000000000000000 ) ) ;
#303 = LINE ( 'NONE', #1208, #300 ) ;
#304 = FACE_OUTER_BOUND ( 'NONE', #678, .T. ) ;
#305 = CARTESIAN_POINT ( 'NONE',  ( 0.0000000000000000000, 0.0000000000000000000, 4.750000000000000000 ) ) ;
#306 = VECTOR ( 'NONE', #1257, 1000.000000000000000 ) ;
#307 = VECTOR ( 'NONE', #1178, 1000.000000000000000 ) ;
#308 = VECTOR ( 'NONE', #130, 1000.000000000000000 ) ;
#309 = CARTESIAN_POINT ( 'NONE',  ( -3.749999999999997300, -4.992496528728877600, 3.017949192431117900 ) ) ;
#310 = ADVANCED_FACE ( 'NONE', ( #504 ), #999, .T. ) ;
#311 = DIRECTION ( 'NONE',  ( -0.0000000000000000000, -0.0000000000000000000, 1.000000000000000000 ) ) ;
#312 = CARTESIAN_POINT ( 'NONE',  ( -3.749999999999997800, 5.000000000000000900, -4.750000000000000000 ) ) ;
#313 = PLANE ( 'NONE',  #1027 ) ;
#314 = DATE_AND_TIME ( #625, #960 ) ;
#315 = CC_DESIGN_PERSON_AND_ORGANIZATION_ASSIGNMENT ( #42, #1284, ( #241 ) ) ;
#316 = LINE ( 'NONE', #9, #306 ) ;
#317 =( BOUNDED_CURVE ( )  B_SPLINE_CURVE ( 3, ( #798, #793, #792, #790 ),
 .UNSPECIFIED., .F., .F. ) 
 B_SPLINE_CURVE_WITH_KNOTS ( ( 4, 4 ),
 ( 5.574067090374143200, 6.283185307179586200 ),
 .UNSPECIFIED. ) 
 CURVE ( )  GEOMETRIC_REPRESENTATION_ITEM ( )  RATIONAL_B_SPLINE_CURVE ( ( 1.000000000000000000, 0.9585330982355460000, 0.9585330982355460000, 1.000000000000000000 ) ) 
 REPRESENTATION_ITEM ( '' )  );
#318 = CARTESIAN_POINT ( 'NONE',  ( -3.749999999999997800, 5.000000000000000900, -4.249999999999995600 ) ) ;
#319 = FACE_OUTER_BOUND ( 'NONE', #1324, .T. ) ;
#320 = LINE ( 'NONE', #1220, #327 ) ;
#321 = DIRECTION ( 'NONE',  ( 1.445602896647339400E-016, -1.000000000000000000, 0.0000000000000000000 ) ) ;
#322 = LINE ( 'NONE', #1240, #308 ) ;
#323 = VECTOR ( 'NONE', #1229, 1000.000000000000000 ) ;
#324 = FACE_OUTER_BOUND ( 'NONE', #1275, .T. ) ;
#325 = VECTOR ( 'NONE', #1277, 1000.000000000000000 ) ;
#326 = CARTESIAN_POINT ( 'NONE',  ( -3.749999999999997800, -4.999999999999997300, 3.000000000000000000 ) ) ;
#327 = VECTOR ( 'NONE', #1226, 1000.000000000000100 ) ;
#328 = ADVANCED_FACE ( 'NONE', ( #509 ), #492, .T. ) ;
#329 = DIRECTION ( 'NONE',  ( 0.5773502691896248400, -0.5773502691896238400, 0.5773502691896285100 ) ) ;
#330 = VECTOR ( 'NONE', #1254, 1000.000000000000000 ) ;
#331 = CARTESIAN_POINT ( 'NONE',  ( -5.000000000000000000, 20.00000000000000000, 3.000000000000000000 ) ) ;
#332 = LINE ( 'NONE', #1260, #325 ) ;
#333 = CARTESIAN_POINT ( 'NONE',  ( -3.749999999999997800, -4.999999999999997300, -3.011426524367548700 ) ) ;
#334 = AXIS2_PLACEMENT_3D ( 'NONE', #651, #588, #620 ) ;
#335 = LINE ( 'NONE', #149, #25 ) ;
#336 = ADVANCED_FACE ( 'NONE', ( #498 ), #945, .F. ) ;
#337 = LINE ( 'NONE', #1278, #330 ) ;
#338 = VECTOR ( 'NONE', #1280, 1000.000000000000000 ) ;
#339 = CARTESIAN_POINT ( 'NONE',  ( 16.99999999999997900, -1.750000000000001300, -4.750000000000000000 ) ) ;
#340 = CARTESIAN_POINT ( 'NONE',  ( 0.0000000000000000000, 0.0000000000000000000, -3.000000000000000000 ) ) ;
#341 = CIRCLE ( 'NONE', #181, 2.000000000000000000 ) ;
#342 = VECTOR ( 'NONE', #1292, 1000.000000000000000 ) ;
#343 = DIRECTION ( 'NONE',  ( 0.5773502691896246200, -0.5773502691896242900, 0.5773502691896284000 ) ) ;
#344 = LINE ( 'NONE', #1305, #342 ) ;
#345 = LINE ( 'NONE', #1233, #323 ) ;
#346 = VECTOR ( 'NONE', #1315, 1000.000000000000000 ) ;
#347 = AXIS2_PLACEMENT_3D ( 'NONE', #472, #546, #545 ) ;
#348 = DIRECTION ( 'NONE',  ( 0.8660254037844391500, 7.116227046649706700E-017, -0.4999999999999991100 ) ) ;
#349 = CARTESIAN_POINT ( 'NONE',  ( 3.249999999999971100, 13.00000000000003000, 11.25000000000001400 ) ) ;
#350 = CARTESIAN_POINT ( 'NONE',  ( 19.99999999999999600, -0.7999999999999969400, 3.000000000000000000 ) ) ;
#351 = CARTESIAN_POINT ( 'NONE',  ( 1.249999999999977800, 9.999999999999973400, -9.250000000000005300 ) ) ;
#352 = CARTESIAN_POINT ( 'NONE',  ( -3.750000000000000000, 20.00000000000000000, -4.249999999999995600 ) ) ;
#353 = CARTESIAN_POINT ( 'NONE',  ( 16.99999999999998600, -1.750000000000001300, 4.750000000000000000 ) ) ;
#354 = AXIS2_PLACEMENT_3D ( 'NONE', #687, #621, #681 ) ;
#355 = PERSON_AND_ORGANIZATION ( #290, #1217 ) ;
#356 = CIRCLE ( 'NONE', #193, 0.8000000000000000400 ) ;
#357 = LINE ( 'NONE', #1299, #338 ) ;
#358 = CARTESIAN_POINT ( 'NONE',  ( -3.749999999999996400, -1.750000000000003100, -3.000000000000000000 ) ) ;
#359 = LINE ( 'NONE', #1319, #346 ) ;
#360 = VECTOR ( 'NONE', #1337, 1000.000000000000000 ) ;
#361 = VECTOR ( 'NONE', #1311, 1000.000000000000000 ) ;
#362 = CARTESIAN_POINT ( 'NONE',  ( -8.249999999999969800, 13.00000000000003000, 11.25000000000001400 ) ) ;
#363 = VECTOR ( 'NONE', #1389, 1000.000000000000000 ) ;
#364 = LINE ( 'NONE', #1316, #361 ) ;
#365 = DIRECTION ( 'NONE',  ( 0.5773502691896248400, -0.5773502691896238400, -0.5773502691896285100 ) ) ;
#366 = CARTESIAN_POINT ( 'NONE',  ( 19.19999999999999900, -4.999999999999997300, -3.011426524367546000 ) ) ;
#367 = LINE ( 'NONE', #1383, #363 ) ;
#368 = CIRCLE ( 'NONE', #196, 0.8000000000000003800 ) ;
#369 = AXIS2_PLACEMENT_3D ( 'NONE', #724, #701, #696 ) ;
#370 = DIRECTION ( 'NONE',  ( 0.5773502691896242900, 0.5773502691896245100, -0.5773502691896285100 ) ) ;
#371 = DIRECTION ( 'NONE',  ( 0.5773502691896245100, 0.5773502691896242900, 0.5773502691896286200 ) ) ;
#372 = DIRECTION ( 'NONE',  ( 0.5773502691896246200, -0.5773502691896242900, -0.5773502691896284000 ) ) ;
#373 = FACE_OUTER_BOUND ( 'NONE', #672, .T. ) ;
#374 = LINE ( 'NONE', #1366, #376 ) ;
#375 = FACE_OUTER_BOUND ( 'NONE', #711, .T. ) ;
#376 = VECTOR ( 'NONE', #1364, 1000.000000000000000 ) ;
#377 = VECTOR ( 'NONE', #1391, 1000.000000000000000 ) ;
#378 = CIRCLE ( 'NONE', #216, 1.999999999999999600 ) ;
#379 = LINE ( 'NONE', #1369, #360 ) ;
#380 = FACE_OUTER_BOUND ( 'NONE', #611, .T. ) ;
#381 = LINE ( 'NONE', #1397, #394 ) ;
#382 = CARTESIAN_POINT ( 'NONE',  ( 19.72093184554930900, -4.807149085721612800, 3.179069266525479600 ) ) ;
#383 = CIRCLE ( 'NONE', #249, 2.000000000000000000 ) ;
#384 = AXIS2_PLACEMENT_3D ( 'NONE', #739, #1227, #752 ) ;
#385 = CARTESIAN_POINT ( 'NONE',  ( 19.57432716621652700, -4.932935400758585100, 3.069724891065064300 ) ) ;
#386 = CARTESIAN_POINT ( 'NONE',  ( -5.083333333333321500, 3.666666666666677600, 2.916666666666662100 ) ) ;
#387 = LOCAL_TIME ( 20, 38, 8.000000000000000000, #705 ) ;
#388 = LINE ( 'NONE', #1387, #377 ) ;
#389 = CARTESIAN_POINT ( 'NONE',  ( 19.19999999999999900, -4.999999999999997300, 3.011426524367546000 ) ) ;
#390 = VECTOR ( 'NONE', #1441, 1000.000000000000000 ) ;
#391 = FACE_OUTER_BOUND ( 'NONE', #1138, .T. ) ;
#392 = VECTOR ( 'NONE', #1432, 1000.000000000000000 ) ;
#393 = CC_DESIGN_DATE_AND_TIME_ASSIGNMENT ( #314, #604, ( #241 ) ) ;
#394 = VECTOR ( 'NONE', #1401, 1000.000000000000000 ) ;
#395 = CARTESIAN_POINT ( 'NONE',  ( -1.249999999999995100, 5.000000000000001800, 3.000000000000000000 ) ) ;
#396 = VECTOR ( 'NONE', #1434, 1000.000000000000000 ) ;
#397 = LINE ( 'NONE', #1444, #392 ) ;
#398 = DIRECTION ( 'NONE',  ( 0.7507031183680412700, 0.4985911191514204600, 0.4334186474712788400 ) ) ;
#399 = CARTESIAN_POINT ( 'NONE',  ( 19.39317124282058200, -4.999999999999996400, 3.011426524367545100 ) ) ;
#400 = AXIS2_PLACEMENT_3D ( 'NONE', #815, #786, #778 ) ;
#401 = CARTESIAN_POINT ( 'NONE',  ( 0.3728817238127675700, -2.254220687709997100, 5.398296065511399200 ) ) ;
#402 = VECTOR ( 'NONE', #164, 1000.000000000000000 ) ;
#403 = VECTOR ( 'NONE', #1435, 1000.000000000000000 ) ;
#404 = AXIS2_PLACEMENT_3D ( 'NONE', #800, #811, #809 ) ;
#405 = CARTESIAN_POINT ( 'NONE',  ( -3.750000000000000000, 20.00000000000000000, -4.249999999999995600 ) ) ;
#406 = LINE ( 'NONE', #331, #396 ) ;
#407 = VECTOR ( 'NONE', #2, 1000.000000000000000 ) ;
#408 = LINE ( 'NONE', #56, #407 ) ;
#409 = CIRCLE ( 'NONE', #259, 1.999999999999999600 ) ;
#410 = VECTOR ( 'NONE', #91, 1000.000000000000000 ) ;
#411 = LINE ( 'NONE', #82, #410 ) ;
#412 = VECTOR ( 'NONE', #92, 1000.000000000000000 ) ;
#413 = LINE ( 'NONE', #340, #412 ) ;
#414 = AXIS2_PLACEMENT_3D ( 'NONE', #828, #823, #788 ) ;
#415 = CIRCLE ( 'NONE', #265, 2.000000000000000000 ) ;
#416 = DIRECTION ( 'NONE',  ( 0.5773502691896242900, 0.5773502691896245100, 0.5773502691896285100 ) ) ;
#417 = AXIS2_PLACEMENT_3D ( 'NONE', #93, #96, #108 ) ;
#418 = ADVANCED_FACE ( 'NONE', ( #505 ), #901, .T. ) ;
#419 = CALENDAR_DATE ( 2016, 30, 10 ) ;
#420 = CARTESIAN_POINT ( 'NONE',  ( 19.99999999999999600, -4.199999999999997500, 3.017949192431121000 ) ) ;
#421 = VECTOR ( 'NONE', #133, 1000.000000000000000 ) ;
#422 = CARTESIAN_POINT ( 'NONE',  ( 19.99999999999999600, -4.437187952407624500, 3.017949192431119300 ) ) ;
#423 = LINE ( 'NONE', #131, #421 ) ;
#424 = CIRCLE ( 'NONE', #292, 1.999999999999999600 ) ;
#425 = CARTESIAN_POINT ( 'NONE',  ( 19.90094240610989800, -4.652700638484403400, 3.075140120928845400 ) ) ;
#426 = FACE_OUTER_BOUND ( 'NONE', #707, .T. ) ;
#427 = CARTESIAN_POINT ( 'NONE',  ( 19.72093184554930900, -4.807149085721612800, 3.179069266525479600 ) ) ;
#428 = LINE ( 'NONE', #1433, #390 ) ;
#429 = LINE ( 'NONE', #18, #403 ) ;
#430 = VECTOR ( 'NONE', #165, 1000.000000000000000 ) ;
#431 = FACE_OUTER_BOUND ( 'NONE', #771, .T. ) ;
#432 = CARTESIAN_POINT ( 'NONE',  ( -1.750000000000000400, 19.50000000000000000, -4.750000000000000000 ) ) ;
#433 = CARTESIAN_POINT ( 'NONE',  ( 19.99999999999999600, -4.437187952407628100, -3.017949192431120600 ) ) ;
#434 = VECTOR ( 'NONE', #329, 1000.000000000000200 ) ;
#435 = CARTESIAN_POINT ( 'NONE',  ( -1.166666666666666700, 4.916666666666673200, 4.166666666666667000 ) ) ;
#436 = CARTESIAN_POINT ( 'NONE',  ( 4.499279347985572400E-031, 19.20000000000000300, 3.000000000000000000 ) ) ;
#437 = DIRECTION ( 'NONE',  ( 0.5773502691896245100, 0.5773502691896242900, -0.5773502691896286200 ) ) ;
#438 = ADVANCED_FACE ( 'NONE', ( #499 ), #841, .F. ) ;
#439 = CARTESIAN_POINT ( 'NONE',  ( -0.7499999999999554800, -1.750000000000002900, 4.750000000000006200 ) ) ;
#440 = VECTOR ( 'NONE', #218, 1000.000000000000000 ) ;
#441 = LINE ( 'NONE', #208, #434 ) ;
#442 = CARTESIAN_POINT ( 'NONE',  ( 19.90094240610989800, -4.652700638484404300, -3.075140120928847600 ) ) ;
#443 = LINE ( 'NONE', #326, #448 ) ;
#444 = VECTOR ( 'NONE', #437, 1000.000000000000100 ) ;
#445 = LINE ( 'NONE', #178, #430 ) ;
#446 = ADVANCED_FACE ( 'NONE', ( #489, #484 ), #794, .T. ) ;
#447 = VECTOR ( 'NONE', #372, 1000.000000000000100 ) ;
#448 = VECTOR ( 'NONE', #236, 1000.000000000000000 ) ;
#449 = AXIS2_PLACEMENT_3D ( 'NONE', #942, #890, #853 ) ;
#450 = CARTESIAN_POINT ( 'NONE',  ( -0.8333333333333357000, 20.41666666666666800, -3.833333333333328200 ) ) ;
#451 = VECTOR ( 'NONE', #416, 1000.000000000000100 ) ;
#452 = DIRECTION ( 'NONE',  ( 0.7507031183680410400, -0.4985911191514205700, -0.4334186474712790600 ) ) ;
#453 = AXIS2_PLACEMENT_3D ( 'NONE', #564, #512, #511 ) ;
#454 = LINE ( 'NONE', #405, #447 ) ;
#455 = CARTESIAN_POINT ( 'NONE',  ( 19.99999999999999600, -4.199999999999997500, -3.017949192431121000 ) ) ;
#456 = ADVANCED_FACE ( 'NONE', ( #485, #480 ), #817, .T. ) ;
#457 = DATE_AND_TIME ( #777, #1110 ) ;
#458 = CARTESIAN_POINT ( 'NONE',  ( -1.249999999999997600, 20.00000000000000000, -3.000000000000000000 ) ) ;
#459 = CARTESIAN_POINT ( 'NONE',  ( 19.72093184554930500, -4.807149085721611900, -3.179069266525479200 ) ) ;
#460 = LINE ( 'NONE', #450, #451 ) ;
#461 = DIRECTION ( 'NONE',  ( -0.7507031183680414900, 0.4985911191514205700, -0.4334186474712781700 ) ) ;
#462 = LINE ( 'NONE', #530, #297 ) ;
#463 = CARTESIAN_POINT ( 'NONE',  ( 15.87711827618724300, -2.254220687709996600, 5.398296065511399200 ) ) ;
#464 = VECTOR ( 'NONE', #548, 1000.000000000000000 ) ;
#465 = CARTESIAN_POINT ( 'NONE',  ( 16.99999999999998600, 0.0000000000000000000, 4.750000000000000000 ) ) ;
#466 = LINE ( 'NONE', #351, #444 ) ;
#467 = LINE ( 'NONE', #527, #464 ) ;
#468 = CIRCLE ( 'NONE', #347, 0.7999999999999986000 ) ;
#469 = DIRECTION ( 'NONE',  ( 0.0000000000000000000, 1.000000000000000000, 0.0000000000000000000 ) ) ;
#470 = CARTESIAN_POINT ( 'NONE',  ( -3.749999999999997800, 5.000000000000000900, -4.249999999999995600 ) ) ;
#471 = APPROVAL ( #1394, 'UNSPECIFIED' ) ;
#472 = CARTESIAN_POINT ( 'NONE',  ( 19.19999999999999900, -0.7999999999999969400, -3.000000000000000000 ) ) ;
#473 = CARTESIAN_POINT ( 'NONE',  ( -4.200000000000000200, 20.00000000000000000, 3.000000000000000000 ) ) ;
#474 = FACE_OUTER_BOUND ( 'NONE', #536, .T. ) ;
#475 = CARTESIAN_POINT ( 'NONE',  ( 19.99999999999999600, 2.988409700734137700E-015, -3.000000000000000000 ) ) ;
#476 = AXIS2_PLACEMENT_3D ( 'NONE', #998, #932, #930 ) ;
#477 = DIRECTION ( 'NONE',  ( -1.000000000000000000, -1.494204850367069100E-016, 0.0000000000000000000 ) ) ;
#478 = LINE ( 'NONE', #206, #440 ) ;
#479 = AXIS2_PLACEMENT_3D ( 'NONE', #952, #905, #891 ) ;
#480 = FACE_BOUND ( 'NONE', #521, .T. ) ;
#481 = DIRECTION ( 'NONE',  ( 1.000000000000000000, 0.0000000000000000000, 0.0000000000000000000 ) ) ;
#482 = DIRECTION ( 'NONE',  ( -0.0000000000000000000, 0.0000000000000000000, 1.000000000000000000 ) ) ;
#483 = LINE ( 'NONE', #577, #644 ) ;
#484 = FACE_OUTER_BOUND ( 'NONE', #598, .T. ) ;
#485 = FACE_OUTER_BOUND ( 'NONE', #262, .T. ) ;
#486 = ADVANCED_BREP_SHAPE_REPRESENTATION ( '2020_int_L_joint', ( #1312, #827 ), #184 ) ;
#487 = SECURITY_CLASSIFICATION_LEVEL ( 'unclassified' ) ;
#488 = FACE_OUTER_BOUND ( 'NONE', #667, .T. ) ;
#489 = FACE_BOUND ( 'NONE', #632, .T. ) ;
#490 = CARTESIAN_POINT ( 'NONE',  ( 19.19999999999999900, -4.199999999999997500, -3.000000000000000000 ) ) ;
#491 = CARTESIAN_POINT ( 'NONE',  ( -3.249999999999996400, -4.698209414103847300E-016, 4.750000000000000000 ) ) ;
#492 = CYLINDRICAL_SURFACE ( 'NONE', #479, 0.7999999999999986000 ) ;
#493 = FACE_OUTER_BOUND ( 'NONE', #708, .T. ) ;
#494 = CARTESIAN_POINT ( 'NONE',  ( 16.99999999999997900, -2.999999999999989800, -4.750000000000000000 ) ) ;
#495 = DIRECTION ( 'NONE',  ( -4.003208021484946900E-016, -1.000000000000000000, 0.0000000000000000000 ) ) ;
#496 = PERSON_AND_ORGANIZATION ( #290, #1217 ) ;
#497 = AXIS2_PLACEMENT_3D ( 'NONE', #950, #992, #934 ) ;
#498 = FACE_OUTER_BOUND ( 'NONE', #692, .T. ) ;
#499 = FACE_OUTER_BOUND ( 'NONE', #791, .T. ) ;
#500 = AXIS2_PLACEMENT_3D ( 'NONE', #115, #77, #74 ) ;
#501 = CARTESIAN_POINT ( 'NONE',  ( -0.7499999999999806800, -4.999999999999998200, 4.750000000000000000 ) ) ;
#502 = CARTESIAN_POINT ( 'NONE',  ( -3.249999999999997300, 5.500000000000000900, -4.750000000000000000 ) ) ;
#503 = FACE_OUTER_BOUND ( 'NONE', #1004, .T. ) ;
#504 = FACE_OUTER_BOUND ( 'NONE', #869, .T. ) ;
#505 = FACE_OUTER_BOUND ( 'NONE', #612, .T. ) ;
#506 = FACE_BOUND ( 'NONE', #551, .T. ) ;
#507 = CYLINDRICAL_SURFACE ( 'NONE', #563, 1.999999999999999600 ) ;
#508 = CARTESIAN_POINT ( 'NONE',  ( 3.122502256758247800E-016, -2.999999999999994200, 4.750000000000000000 ) ) ;
#509 = FACE_OUTER_BOUND ( 'NONE', #805, .T. ) ;
#510 = AXIS2_PLACEMENT_3D ( 'NONE', #1077, #1015, #1215 ) ;
#511 = DIRECTION ( 'NONE',  ( 1.000000000000000000, 0.0000000000000000000, 0.0000000000000000000 ) ) ;
#512 = DIRECTION ( 'NONE',  ( 0.0000000000000000000, 0.0000000000000000000, -1.000000000000000000 ) ) ;
#513 = VECTOR ( 'NONE', #263, 1000.000000000000000 ) ;
#514 = PLANE ( 'NONE',  #453 ) ;
#515 = CYLINDRICAL_SURFACE ( 'NONE', #566, 2.000000000000000000 ) ;
#516 = FACE_OUTER_BOUND ( 'NONE', #769, .T. ) ;
#517 = FACE_OUTER_BOUND ( 'NONE', #727, .T. ) ;
#518 = FACE_OUTER_BOUND ( 'NONE', #575, .T. ) ;
#519 = DIRECTION ( 'NONE',  ( 4.003208021484946900E-016, 1.000000000000000000, 0.0000000000000000000 ) ) ;
#520 = FACE_OUTER_BOUND ( 'NONE', #1422, .T. ) ;
#521 = EDGE_LOOP ( 'NONE', ( #662, #748 ) ) ;
#522 = ORIENTED_EDGE ( 'NONE', *, *, #1222, .T. ) ;
#523 = CARTESIAN_POINT ( 'NONE',  ( -3.749999999999996400, -1.750000000000003100, 3.017949192431117900 ) ) ;
#524 = CARTESIAN_POINT ( 'NONE',  ( -1.249999999999995100, 5.000000000000001800, -4.249999999999994700 ) ) ;
#525 = ORIENTED_EDGE ( 'NONE', *, *, #1274, .T. ) ;
#526 = DIRECTION ( 'NONE',  ( 3.021259445439341000E-016, 0.7547095802227727900, 0.6560590289905063900 ) ) ;
#527 = CARTESIAN_POINT ( 'NONE',  ( -0.7499999999999787900, 3.002406016113625000E-016, -4.750000000000000000 ) ) ;
#528 = EDGE_LOOP ( 'NONE', ( #1154, #919, #627, #1179 ) ) ;
#529 = AXIS2_PLACEMENT_3D ( 'NONE', #491, #1053, #988 ) ;
#530 = CARTESIAN_POINT ( 'NONE',  ( 20.00280850358516500, -4.994361839943660900, -3.016327702130204600 ) ) ;
#531 = VERTEX_POINT ( 'NONE', #623 ) ;
#532 = ADVANCED_FACE ( 'NONE', ( #493 ), #763, .F. ) ;
#533 = ORIENTED_EDGE ( 'NONE', *, *, #1196, .T. ) ;
#534 = ORIENTED_EDGE ( 'NONE', *, *, #1157, .T. ) ;
#535 = ORIENTED_EDGE ( 'NONE', *, *, #1005, .T. ) ;
#536 = EDGE_LOOP ( 'NONE', ( #898, #597, #1363, #955 ) ) ;
#537 = CARTESIAN_POINT ( 'NONE',  ( -3.749999999999996900, -2.999999999999993300, 4.750000000000000900 ) ) ;
#538 = VERTEX_POINT ( 'NONE', #768 ) ;
#539 = DIRECTION ( 'NONE',  ( -1.000000000000000000, -8.217111201995403800E-017, 0.0000000000000000000 ) ) ;
#540 = ORIENTED_EDGE ( 'NONE', *, *, #911, .T. ) ;
#541 = ORIENTED_EDGE ( 'NONE', *, *, #1199, .T. ) ;
#542 = CARTESIAN_POINT ( 'NONE',  ( 19.99999999999999600, -1.750000000000001100, 3.000000000000000000 ) ) ;
#543 = AXIS2_PLACEMENT_3D ( 'NONE', #1094, #1039, #1017 ) ;
#544 = CC_DESIGN_APPROVAL ( #471, ( #241 ) ) ;
#545 = DIRECTION ( 'NONE',  ( -1.000000000000000000, 0.0000000000000000000, 0.0000000000000000000 ) ) ;
#546 = DIRECTION ( 'NONE',  ( -0.0000000000000000000, 0.0000000000000000000, -1.000000000000000000 ) ) ;
#547 = LINE ( 'NONE', #291, #10 ) ;
#548 = DIRECTION ( 'NONE',  ( 4.003208021484946900E-016, 1.000000000000000000, 0.0000000000000000000 ) ) ;
#549 = ORIENTED_EDGE ( 'NONE', *, *, #1323, .T. ) ;
#550 = ADVANCED_FACE ( 'NONE', ( #488 ), #757, .T. ) ;
#551 = EDGE_LOOP ( 'NONE', ( #965, #582 ) ) ;
#552 = ORIENTED_EDGE ( 'NONE', *, *, #754, .F. ) ;
#553 = ORIENTED_EDGE ( 'NONE', *, *, #1295, .T. ) ;
#554 = DIRECTION ( 'NONE',  ( -0.0000000000000000000, -0.0000000000000000000, -1.000000000000000000 ) ) ;
#555 = VERTEX_POINT ( 'NONE', #695 ) ;
#556 = AXIS2_PLACEMENT_3D ( 'NONE', #1140, #1048, #1092 ) ;
#557 = ORIENTED_EDGE ( 'NONE', *, *, #606, .F. ) ;
#558 = VERTEX_POINT ( 'NONE', #683 ) ;
#559 = CARTESIAN_POINT ( 'NONE',  ( -0.8000000000000000400, 20.00000000000000000, -3.000000000000000000 ) ) ;
#560 = EDGE_LOOP ( 'NONE', ( #613, #1357, #968, #674, #1307, #1028, #770, #1259, #1097, #845, #535, #1148, #906, #610, #1358 ) ) ;
#561 = ADVANCED_FACE ( 'NONE', ( #474 ), #732, .F. ) ;
#562 = DIRECTION ( 'NONE',  ( 1.000000000000000000, 3.469446951953610700E-016, 0.0000000000000000000 ) ) ;
#563 = AXIS2_PLACEMENT_3D ( 'NONE', #1025, #1185, #1136 ) ;
#564 = CARTESIAN_POINT ( 'NONE',  ( 0.0000000000000000000, 0.0000000000000000000, -4.750000000000000000 ) ) ;
#565 = ORIENTED_EDGE ( 'NONE', *, *, #1139, .F. ) ;
#566 = AXIS2_PLACEMENT_3D ( 'NONE', #1165, #62, #1070 ) ;
#567 = CARTESIAN_POINT ( 'NONE',  ( -1.249999999999995300, 5.500000000000002700, 4.750000000000000000 ) ) ;
#568 = ADVANCED_FACE ( 'NONE', ( #1016 ), #751, .T. ) ;
#569 = ORIENTED_EDGE ( 'NONE', *, *, #642, .F. ) ;
#570 = VERTEX_POINT ( 'NONE', #676 ) ;
#571 = CARTESIAN_POINT ( 'NONE',  ( 19.99999999999999600, -4.199999999999997500, 3.017949192431121000 ) ) ;
#572 = DIRECTION ( 'NONE',  ( -3.469446951953614700E-016, 1.000000000000000000, 0.0000000000000000000 ) ) ;
#573 = ORIENTED_EDGE ( 'NONE', *, *, #639, .F. ) ;
#574 = ORIENTED_EDGE ( 'NONE', *, *, #1098, .T. ) ;
#575 = EDGE_LOOP ( 'NONE', ( #1252, #1104, #852, #552 ) ) ;
#576 = DIRECTION ( 'NONE',  ( -1.000000000000000000, -3.469446951953610700E-016, -0.0000000000000000000 ) ) ;
#577 = CARTESIAN_POINT ( 'NONE',  ( -3.249999999999997300, 5.000000000000000900, 4.750000000000000000 ) ) ;
#578 = ORIENTED_EDGE ( 'NONE', *, *, #1355, .F. ) ;
#579 = DIRECTION ( 'NONE',  ( 1.000000000000000000, 1.040834085586084500E-016, 0.0000000000000000000 ) ) ;
#580 = CARTESIAN_POINT ( 'NONE',  ( -3.749999999999997800, 5.000000000000000900, 4.249999999999995600 ) ) ;
#581 = ORIENTED_EDGE ( 'NONE', *, *, #1404, .T. ) ;
#582 = ORIENTED_EDGE ( 'NONE', *, *, #743, .F. ) ;
#583 = DIRECTION ( 'NONE',  ( -3.021259445439343000E-016, -0.7547095802227733500, 0.6560590289905057200 ) ) ;
#584 = DIRECTION ( 'NONE',  ( 1.445602896647339400E-016, -1.000000000000000000, 0.0000000000000000000 ) ) ;
#585 = CARTESIAN_POINT ( 'NONE',  ( -5.000000000000000000, 19.20000000000000300, -3.000000000000000000 ) ) ;
#586 = LOCAL_TIME ( 20, 38, 8.000000000000000000, #912 ) ;
#587 = CARTESIAN_POINT ( 'NONE',  ( -3.749999999999996400, -1.750000000000003100, -3.017949192431121500 ) ) ;
#588 = DIRECTION ( 'NONE',  ( 0.0000000000000000000, 0.0000000000000000000, -1.000000000000000000 ) ) ;
#589 = ORIENTED_EDGE ( 'NONE', *, *, #1295, .F. ) ;
#590 = VERTEX_POINT ( 'NONE', #585 ) ;
#591 = CARTESIAN_POINT ( 'NONE',  ( -1.249999999999995100, 5.000000000000001800, 4.750000000000000000 ) ) ;
#592 = VERTEX_POINT ( 'NONE', #587 ) ;
#593 = DIRECTION ( 'NONE',  ( -1.445602896647339400E-016, 1.000000000000000000, 0.0000000000000000000 ) ) ;
#594 = ORIENTED_EDGE ( 'NONE', *, *, #1256, .F. ) ;
#595 = CARTESIAN_POINT ( 'NONE',  ( -3.749999999999996400, -1.750000000000003100, 4.750000000000000000 ) ) ;
#596 = EDGE_LOOP ( 'NONE', ( #1018, #766, #884, #1356, #969, #684, #1306, #1029, #779, #1258, #1100, #846, #540, #1149, #915 ) ) ;
#597 = ORIENTED_EDGE ( 'NONE', *, *, #1162, .T. ) ;
#598 = EDGE_LOOP ( 'NONE', ( #931, #638, #1340, #990, #709, #1290, #1059, #807 ) ) ;
#599 = ORIENTED_EDGE ( 'NONE', *, *, #885, .F. ) ;
#600 = EDGE_CURVE ( 'NONE', #1105, #871, #483, .T. ) ;
#601 = CARTESIAN_POINT ( 'NONE',  ( -1.750000000000000700, 20.00000000000000000, 4.750000000000000000 ) ) ;
#602 = CARTESIAN_POINT ( 'NONE',  ( -3.249999999999996400, -4.698209414103847300E-016, -4.750000000000000000 ) ) ;
#603 = VERTEX_POINT ( 'NONE', #559 ) ;
#604 = DATE_TIME_ROLE ( 'classification_date' ) ;
#605 = ORIENTED_EDGE ( 'NONE', *, *, #868, .T. ) ;
#606 = EDGE_CURVE ( 'NONE', #1107, #899, #468, .T. ) ;
#607 = FACE_OUTER_BOUND ( 'NONE', #616, .T. ) ;
#608 = AXIS2_PLACEMENT_3D ( 'NONE', #490, #482, #481 ) ;
#609 = DIRECTION ( 'NONE',  ( -0.0000000000000000000, -0.0000000000000000000, -1.000000000000000000 ) ) ;
#610 = ORIENTED_EDGE ( 'NONE', *, *, #917, .F. ) ;
#611 = EDGE_LOOP ( 'NONE', ( #997, #720, #1286, #1066, #812, #1211, #1118, #877 ) ) ;
#612 = EDGE_LOOP ( 'NONE', ( #1365, #951, #660, #1321 ) ) ;
#613 = ORIENTED_EDGE ( 'NONE', *, *, #957, .T. ) ;
#614 = DIRECTION ( 'NONE',  ( -0.7507031183680416000, -0.4985911191514205100, 0.4334186474712781200 ) ) ;
#615 = CARTESIAN_POINT ( 'NONE',  ( 12.99999999999999800, 0.0000000000000000000, -1.999999999999999600 ) ) ;
#616 = EDGE_LOOP ( 'NONE', ( #581, #1385, #943, #647 ) ) ;
#617 = EDGE_CURVE ( 'NONE', #1412, #1038, #467, .T. ) ;
#618 = EDGE_LOOP ( 'NONE', ( #831, #525, #1135, #895, #594 ) ) ;
#619 = EDGE_LOOP ( 'NONE', ( #666, #1317, #1019, #749 ) ) ;
#620 = DIRECTION ( 'NONE',  ( -1.000000000000000000, 0.0000000000000000000, 0.0000000000000000000 ) ) ;
#621 = DIRECTION ( 'NONE',  ( -1.000000000000000000, -3.469446951953614700E-016, 0.0000000000000000000 ) ) ;
#622 = DESIGN_CONTEXT ( 'detailed design', #24, 'design' ) ;
#623 = CARTESIAN_POINT ( 'NONE',  ( -1.249999999999997600, 20.00000000000000000, 3.000000000000000000 ) ) ;
#624 = CARTESIAN_POINT ( 'NONE',  ( -3.752808503585163700, -4.994361839943662700, -3.016327702130205500 ) ) ;
#625 = CALENDAR_DATE ( 2016, 30, 10 ) ;
#626 = ORIENTED_EDGE ( 'NONE', *, *, #1339, .F. ) ;
#627 = ORIENTED_EDGE ( 'NONE', *, *, #780, .T. ) ;
#628 = CC_DESIGN_SECURITY_CLASSIFICATION ( #241, ( #1342 ) ) ;
#629 = VERTEX_POINT ( 'NONE', #524 ) ;
#630 = ORIENTED_EDGE ( 'NONE', *, *, #1212, .F. ) ;
#631 = ORIENTED_EDGE ( 'NONE', *, *, #1068, .F. ) ;
#632 = EDGE_LOOP ( 'NONE', ( #574, #1191 ) ) ;
#633 = VERTEX_POINT ( 'NONE', #494 ) ;
#634 = DIRECTION ( 'NONE',  ( -0.0000000000000000000, -0.0000000000000000000, 1.000000000000000000 ) ) ;
#635 = DIRECTION ( 'NONE',  ( -0.0000000000000000000, -0.0000000000000000000, -1.000000000000000000 ) ) ;
#636 = EDGE_LOOP ( 'NONE', ( #599, #1361, #961, #668, #1309 ) ) ;
#637 = EDGE_CURVE ( 'NONE', #1063, #806, #242, .T. ) ;
#638 = ORIENTED_EDGE ( 'NONE', *, *, #1350, .T. ) ;
#639 = EDGE_CURVE ( 'NONE', #806, #633, #462, .T. ) ;
#640 = ORIENTED_EDGE ( 'NONE', *, *, #734, .F. ) ;
#641 = DIRECTION ( 'NONE',  ( 0.0000000000000000000, 0.0000000000000000000, 1.000000000000000000 ) ) ;
#642 = EDGE_CURVE ( 'NONE', #1289, #1392, #460, .T. ) ;
#643 = CARTESIAN_POINT ( 'NONE',  ( -4.999999999999996400, -5.000000000000000000, -3.000000000000000000 ) ) ;
#644 = VECTOR ( 'NONE', #584, 1000.000000000000000 ) ;
#645 = CARTESIAN_POINT ( 'NONE',  ( -3.749999999999997800, 5.000000000000000900, 4.750000000000000000 ) ) ;
#646 = VERTEX_POINT ( 'NONE', #395 ) ;
#647 = ORIENTED_EDGE ( 'NONE', *, *, #1400, .F. ) ;
#648 = CARTESIAN_POINT ( 'NONE',  ( -3.750000000000000000, 20.00000000000000000, -4.750000000000000000 ) ) ;
#649 = ORIENTED_EDGE ( 'NONE', *, *, #1251, .T. ) ;
#650 = ORIENTED_EDGE ( 'NONE', *, *, #1181, .F. ) ;
#651 = CARTESIAN_POINT ( 'NONE',  ( 0.0000000000000000000, 0.0000000000000000000, -3.000000000000000000 ) ) ;
#652 = ORIENTED_EDGE ( 'NONE', *, *, #1393, .T. ) ;
#653 = EDGE_LOOP ( 'NONE', ( #1272, #1084, #829, #522, #1134, #900 ) ) ;
#654 = EDGE_LOOP ( 'NONE', ( #893, #1078, #824, #1427, #1126, #879 ) ) ;
#655 = CARTESIAN_POINT ( 'NONE',  ( 4.686749320818303900E-031, 20.00000000000000000, -4.249999999999995600 ) ) ;
#656 = EDGE_CURVE ( 'NONE', #570, #1132, #454, .T. ) ;
#657 = DIRECTION ( 'NONE',  ( 3.469446951953614700E-016, -1.000000000000000000, 0.0000000000000000000 ) ) ;
#658 = DIRECTION ( 'NONE',  ( 0.7071067811865500200, 2.453269466693407500E-016, 0.7071067811865451300 ) ) ;
#659 = PERSON_AND_ORGANIZATION ( #290, #1217 ) ;
#660 = ORIENTED_EDGE ( 'NONE', *, *, #1239, .F. ) ;
#661 = EDGE_CURVE ( 'NONE', #1250, #1244, #466, .T. ) ;
#662 = ORIENTED_EDGE ( 'NONE', *, *, #700, .T. ) ;
#663 = PLANE ( 'NONE',  #294 ) ;
#664 = VERTEX_POINT ( 'NONE', #333 ) ;
#665 = EDGE_CURVE ( 'NONE', #1007, #629, #441, .T. ) ;
#666 = ORIENTED_EDGE ( 'NONE', *, *, #1212, .T. ) ;
#667 = EDGE_LOOP ( 'NONE', ( #1236, #1111, #867, #565, #1168, #534, #1147, #903, #605, #1359, #962, #669 ) ) ;
#668 = ORIENTED_EDGE ( 'NONE', *, *, #1219, .T. ) ;
#669 = ORIENTED_EDGE ( 'NONE', *, *, #1193, .T. ) ;
#670 = DIRECTION ( 'NONE',  ( 1.387778780781445400E-016, -1.000000000000000000, 0.0000000000000000000 ) ) ;
#671 = DIRECTION ( 'NONE',  ( -1.000000000000000000, -1.387778780781445400E-016, 0.0000000000000000000 ) ) ;
#672 = EDGE_LOOP ( 'NONE', ( #1128, #882, #589, #859 ) ) ;
#673 = CARTESIAN_POINT ( 'NONE',  ( -1.749999999999993800, -6.071532165918804100E-016, 4.750000000000000000 ) ) ;
#674 = ORIENTED_EDGE ( 'NONE', *, *, #974, .T. ) ;
#675 = DIRECTION ( 'NONE',  ( -1.000000000000000000, 0.0000000000000000000, 0.0000000000000000000 ) ) ;
#676 = CARTESIAN_POINT ( 'NONE',  ( -3.750000000000000000, 20.00000000000000000, -4.249999999999994700 ) ) ;
#677 = EDGE_CURVE ( 'NONE', #1145, #1082, #443, .T. ) ;
#678 = EDGE_LOOP ( 'NONE', ( #1011, #747, #1442, #1079, #826, #1206 ) ) ;
#679 = DIRECTION ( 'NONE',  ( -0.0000000000000000000, -0.0000000000000000000, -1.000000000000000000 ) ) ;
#680 = ADVANCED_FACE ( 'NONE', ( #431 ), #282, .F. ) ;
#681 = DIRECTION ( 'NONE',  ( 3.469446951953614700E-016, -1.000000000000000000, 0.0000000000000000000 ) ) ;
#682 = VECTOR ( 'NONE', #156, 1000.000000000000000 ) ;
#683 = CARTESIAN_POINT ( 'NONE',  ( 19.99999999999999600, -1.750000000000001100, -3.000000000000000000 ) ) ;
#684 = ORIENTED_EDGE ( 'NONE', *, *, #855, .T. ) ;
#685 = ORIENTED_EDGE ( 'NONE', *, *, #855, .F. ) ;
#686 = EDGE_CURVE ( 'NONE', #866, #1089, #445, .T. ) ;
#687 = CARTESIAN_POINT ( 'NONE',  ( -1.250000000000000200, 20.00000000000000000, 4.750000000000000000 ) ) ;
#688 = ORIENTED_EDGE ( 'NONE', *, *, #1320, .F. ) ;
#689 = ORIENTED_EDGE ( 'NONE', *, *, #723, .T. ) ;
#690 = ADVANCED_FACE ( 'NONE', ( #426 ), #227, .T. ) ;
#691 = VERTEX_POINT ( 'NONE', #199 ) ;
#692 = EDGE_LOOP ( 'NONE', ( #1336, #996, #717, #1287, #1064 ) ) ;
#693 = ORIENTED_EDGE ( 'NONE', *, *, #1005, .F. ) ;
#694 = ORIENTED_EDGE ( 'NONE', *, *, #1129, .F. ) ;
#695 = CARTESIAN_POINT ( 'NONE',  ( -3.749999999999997800, 5.000000000000000900, 4.249999999999994700 ) ) ;
#696 = DIRECTION ( 'NONE',  ( 0.0000000000000000000, 0.0000000000000000000, 1.000000000000000000 ) ) ;
#697 = VERTEX_POINT ( 'NONE', #295 ) ;
#698 = CARTESIAN_POINT ( 'NONE',  ( 19.99999999999999600, -1.750000000000001100, 3.000000000000000000 ) ) ;
#699 = CARTESIAN_POINT ( 'NONE',  ( -0.8000000000000000400, 20.00000000000000000, -3.000000000000000000 ) ) ;
#700 = EDGE_CURVE ( 'NONE', #1089, #926, #424, .T. ) ;
#701 = DIRECTION ( 'NONE',  ( 0.0000000000000000000, 1.000000000000000000, -0.0000000000000000000 ) ) ;
#702 = EDGE_CURVE ( 'NONE', #710, #1105, #423, .T. ) ;
#703 = DIRECTION ( 'NONE',  ( -1.000000000000000000, -8.217111201995403800E-017, 0.0000000000000000000 ) ) ;
#704 = DIRECTION ( 'NONE',  ( -8.217111201995403800E-017, 1.000000000000000000, 0.0000000000000000000 ) ) ;
#705 = COORDINATED_UNIVERSAL_TIME_OFFSET ( 3, 0, .AHEAD. ) ;
#706 = CARTESIAN_POINT ( 'NONE',  ( 19.99999999999999600, -1.750000000000001100, -4.750000000000000000 ) ) ;
#707 = EDGE_LOOP ( 'NONE', ( #1304, #1036, #781, #1255 ) ) ;
#708 = EDGE_LOOP ( 'NONE', ( #1040, #784, #1253, #1103 ) ) ;
#709 = ORIENTED_EDGE ( 'NONE', *, *, #974, .F. ) ;
#710 = VERTEX_POINT ( 'NONE', #35 ) ;
#711 = EDGE_LOOP ( 'NONE', ( #626, #1354, #970, #685 ) ) ;
#712 = EDGE_CURVE ( 'NONE', #697, #538, #413, .T. ) ;
#713 = ORIENTED_EDGE ( 'NONE', *, *, #1024, .T. ) ;
#714 = DIRECTION ( 'NONE',  ( 3.469446951953614700E-016, -1.000000000000000000, 0.0000000000000000000 ) ) ;
#715 = PRODUCT_RELATED_PRODUCT_CATEGORY ( 'detail', '', ( #215 ) ) ;
#716 = PLANE ( 'NONE',  #144 ) ;
#717 = ORIENTED_EDGE ( 'NONE', *, *, #639, .T. ) ;
#718 = PLANE ( 'NONE',  #1 ) ;
#719 = CARTESIAN_POINT ( 'NONE',  ( -1.249999999999995100, 5.000000000000001800, 4.249999999999995600 ) ) ;
#720 = ORIENTED_EDGE ( 'NONE', *, *, #1056, .T. ) ;
#721 = EDGE_CURVE ( 'NONE', #866, #1131, #415, .T. ) ;
#722 = CARTESIAN_POINT ( 'NONE',  ( -1.250000000000000200, 20.00000000000000000, 4.750000000000000000 ) ) ;
#723 = EDGE_CURVE ( 'NONE', #1131, #926, #411, .T. ) ;
#724 = CARTESIAN_POINT ( 'NONE',  ( 4.686749320818303900E-031, 20.00000000000000000, -3.000000000000000000 ) ) ;
#725 = CARTESIAN_POINT ( 'NONE',  ( -5.000000000000000000, 20.00000000000000000, -3.000000000000000000 ) ) ;
#726 = LINE ( 'NONE', #182, #402 ) ;
#727 = EDGE_LOOP ( 'NONE', ( #858, #980, #688, #1303 ) ) ;
#728 = APPROVAL_ROLE ( '' ) ;
#729 = EDGE_LOOP ( 'NONE', ( #1102, #849, #541, #1377 ) ) ;
#730 = DIRECTION ( 'NONE',  ( -0.0000000000000000000, -0.0000000000000000000, -1.000000000000000000 ) ) ;
#731 = ORIENTED_EDGE ( 'NONE', *, *, #661, .F. ) ;
#732 = PLANE ( 'NONE',  #354 ) ;
#733 = VERTEX_POINT ( 'NONE', #29 ) ;
#734 = EDGE_CURVE ( 'NONE', #1006, #1198, #408, .T. ) ;
#735 = ORIENTED_EDGE ( 'NONE', *, *, #1395, .F. ) ;
#736 = EDGE_LOOP ( 'NONE', ( #553, #1155, #921, #630 ) ) ;
#737 = EDGE_LOOP ( 'NONE', ( #1288, #1061, #808, #1235 ) ) ;
#738 = AXIS2_PLACEMENT_3D ( 'NONE', #1202, #1200, #1192 ) ;
#739 = CARTESIAN_POINT ( 'NONE',  ( 0.0000000000000000000, 19.50000000000000000, 4.750000000000000000 ) ) ;
#740 = CARTESIAN_POINT ( 'NONE',  ( -3.749999999999997800, 5.000000000000000900, -4.249999999999995600 ) ) ;
#741 = EDGE_LOOP ( 'NONE', ( #810, #1234, #1117, #876 ) ) ;
#742 = DIRECTION ( 'NONE',  ( 1.000000000000000000, 3.469446951953610700E-016, 0.0000000000000000000 ) ) ;
#743 = EDGE_CURVE ( 'NONE', #1198, #966, #409, .T. ) ;
#744 = LOCAL_TIME ( 20, 38, 8.000000000000000000, #1076 ) ;
#745 = VERTEX_POINT ( 'NONE', #1445 ) ;
#746 = CARTESIAN_POINT ( 'NONE',  ( -3.749999999999996400, -1.750000000000003100, 3.000000000000000000 ) ) ;
#747 = ORIENTED_EDGE ( 'NONE', *, *, #1282, .T. ) ;
#748 = ORIENTED_EDGE ( 'NONE', *, *, #822, .T. ) ;
#749 = ORIENTED_EDGE ( 'NONE', *, *, #1214, .T. ) ;
#750 = EDGE_LOOP ( 'NONE', ( #569, #1380, #948, #650 ) ) ;
#751 = PLANE ( 'NONE',  #334 ) ;
#752 = DIRECTION ( 'NONE',  ( -1.000000000000000000, 0.0000000000000000000, 0.0000000000000000000 ) ) ;
#753 = ORIENTED_EDGE ( 'NONE', *, *, #1241, .T. ) ;
#754 = EDGE_CURVE ( 'NONE', #1379, #966, #429, .T. ) ;
#755 = ORIENTED_EDGE ( 'NONE', *, *, #712, .T. ) ;
#756 = DIRECTION ( 'NONE',  ( 1.000000000000000000, 0.0000000000000000000, 0.0000000000000000000 ) ) ;
#757 = PLANE ( 'NONE',  #369 ) ;
#758 = EDGE_LOOP ( 'NONE', ( #1116, #1341, #987, #694 ) ) ;
#759 = CARTESIAN_POINT ( 'NONE',  ( -0.8000000000000000400, 19.20000000000000300, -3.000000000000000000 ) ) ;
#760 = DIRECTION ( 'NONE',  ( 1.000000000000000000, 0.0000000000000000000, 0.0000000000000000000 ) ) ;
#761 = LINE ( 'NONE', #186, #1096 ) ;
#762 = VERTEX_POINT ( 'NONE', #458 ) ;
#763 = PLANE ( 'NONE',  #384 ) ;
#764 = CARTESIAN_POINT ( 'NONE',  ( -3.750000000000000000, 20.00000000000000000, 4.249999999999995600 ) ) ;
#765 = ORIENTED_EDGE ( 'NONE', *, *, #1139, .T. ) ;
#766 = ORIENTED_EDGE ( 'NONE', *, *, #836, .T. ) ;
#767 = EDGE_LOOP ( 'NONE', ( #949, #652, #1325, #1003, #735 ) ) ;
#768 = CARTESIAN_POINT ( 'NONE',  ( 4.499279347985572400E-031, 19.20000000000000300, -3.000000000000000000 ) ) ;
#769 = EDGE_LOOP ( 'NONE', ( #1067, #821, #1414, #1120 ) ) ;
#770 = ORIENTED_EDGE ( 'NONE', *, *, #982, .T. ) ;
#771 = EDGE_LOOP ( 'NONE', ( #878, #578, #1407, #941 ) ) ;
#772 = CARTESIAN_POINT ( 'NONE',  ( 4.686749320818303900E-031, 20.00000000000000000, 4.249999999999995600 ) ) ;
#773 = EDGE_CURVE ( 'NONE', #844, #1057, #406, .T. ) ;
#774 = EDGE_LOOP ( 'NONE', ( #1291, #1046, #802, #1246, #1106, #865 ) ) ;
#775 = CARTESIAN_POINT ( 'NONE',  ( -3.750000000000000000, 20.00000000000000000, 4.750000000000000000 ) ) ;
#776 = EDGE_CURVE ( 'NONE', #844, #590, #397, .T. ) ;
#777 = CALENDAR_DATE ( 2016, 30, 10 ) ;
#778 = DIRECTION ( 'NONE',  ( 2.343374660409152100E-032, 1.000000000000000000, 0.0000000000000000000 ) ) ;
#779 = ORIENTED_EDGE ( 'NONE', *, *, #712, .F. ) ;
#780 = EDGE_CURVE ( 'NONE', #590, #1360, #428, .T. ) ;
#781 = ORIENTED_EDGE ( 'NONE', *, *, #1339, .T. ) ;
#782 = ADVANCED_FACE ( 'NONE', ( #391 ), #1425, .F. ) ;
#783 = EDGE_LOOP ( 'NONE', ( #850, #549, #1152, #918 ) ) ;
#784 = ORIENTED_EDGE ( 'NONE', *, *, #1142, .F. ) ;
#785 = VERTEX_POINT ( 'NONE', #1429 ) ;
#786 = DIRECTION ( 'NONE',  ( 1.000000000000000000, -2.343374660409152100E-032, 0.0000000000000000000 ) ) ;
#787 = ORIENTED_EDGE ( 'NONE', *, *, #686, .F. ) ;
#788 = DIRECTION ( 'NONE',  ( 1.445602896647339400E-016, -1.000000000000000000, 0.0000000000000000000 ) ) ;
#789 = EDGE_LOOP ( 'NONE', ( #1344, #984, #693, #1293 ) ) ;
#790 = CARTESIAN_POINT ( 'NONE',  ( 19.19999999999999900, -4.999999999999997300, -3.011426524367546000 ) ) ;
#791 = EDGE_LOOP ( 'NONE', ( #1327, #1002, #731, #1279 ) ) ;
#792 = CARTESIAN_POINT ( 'NONE',  ( 19.39317124282058600, -4.999999999999997300, -3.011426524367546400 ) ) ;
#793 = CARTESIAN_POINT ( 'NONE',  ( 19.57432716621652700, -4.932935400758586800, -3.069724891065065600 ) ) ;
#794 = PLANE ( 'NONE',  #404 ) ;
#795 = DIRECTION ( 'NONE',  ( 0.0000000000000000000, 0.0000000000000000000, 1.000000000000000000 ) ) ;
#796 = LINE ( 'NONE', #224, #202 ) ;
#797 = EDGE_CURVE ( 'NONE', #1131, #866, #383, .T. ) ;
#798 = CARTESIAN_POINT ( 'NONE',  ( 19.72093184554930500, -4.807149085721611900, -3.179069266525479200 ) ) ;
#799 = VERTEX_POINT ( 'NONE', #1418 ) ;
#800 = CARTESIAN_POINT ( 'NONE',  ( -4.999999999999996400, -5.000000000000000000, -3.000000000000000000 ) ) ;
#801 = ADVANCED_FACE ( 'NONE', ( #380 ), #1421, .T. ) ;
#802 = ORIENTED_EDGE ( 'NONE', *, *, #1274, .F. ) ;
#803 = CARTESIAN_POINT ( 'NONE',  ( -3.249999999999999600, 19.50000000000000000, -4.750000000000000000 ) ) ;
#804 = EDGE_CURVE ( 'NONE', #538, #1266, #381, .T. ) ;
#805 = EDGE_LOOP ( 'NONE', ( #557, #1166, #925, #631 ) ) ;
#806 = VERTEX_POINT ( 'NONE', #1411 ) ;
#807 = ORIENTED_EDGE ( 'NONE', *, *, #1123, .F. ) ;
#808 = ORIENTED_EDGE ( 'NONE', *, *, #686, .T. ) ;
#809 = DIRECTION ( 'NONE',  ( 1.000000000000000000, 1.040834085586084500E-016, 0.0000000000000000000 ) ) ;
#810 = ORIENTED_EDGE ( 'NONE', *, *, #617, .F. ) ;
#811 = DIRECTION ( 'NONE',  ( 1.040834085586084500E-016, -1.000000000000000000, 0.0000000000000000000 ) ) ;
#812 = ORIENTED_EDGE ( 'NONE', *, *, #928, .T. ) ;
#813 = EDGE_CURVE ( 'NONE', #733, #1266, #388, .T. ) ;
#814 = ADVANCED_FACE ( 'NONE', ( #375 ), #1396, .T. ) ;
#815 = CARTESIAN_POINT ( 'NONE',  ( 0.0000000000000000000, 0.0000000000000000000, -3.000000000000000000 ) ) ;
#816 = EDGE_CURVE ( 'NONE', #697, #733, #374, .T. ) ;
#817 = PLANE ( 'NONE',  #400 ) ;
#818 = CARTESIAN_POINT ( 'NONE',  ( -4.999999999999999100, 10.99999999999999600, 2.449293598294705400E-016 ) ) ;
#819 = PERSON_AND_ORGANIZATION ( #290, #1217 ) ;
#820 = VERTEX_POINT ( 'NONE', #1367 ) ;
#821 = ORIENTED_EDGE ( 'NONE', *, *, #1348, .F. ) ;
#822 = EDGE_CURVE ( 'NONE', #926, #1089, #378, .T. ) ;
#823 = DIRECTION ( 'NONE',  ( 0.7071067811865499000, 1.022195611122253000E-016, 0.7071067811865451300 ) ) ;
#824 = ORIENTED_EDGE ( 'NONE', *, *, #1400, .T. ) ;
#825 = DIRECTION ( 'NONE',  ( -0.0000000000000000000, -0.0000000000000000000, 1.000000000000000000 ) ) ;
#826 = ORIENTED_EDGE ( 'NONE', *, *, #1276, .F. ) ;
#827 = AXIS2_PLACEMENT_3D ( 'NONE', #44, #40, #39 ) ;
#828 = CARTESIAN_POINT ( 'NONE',  ( -3.750000000000000000, 20.00000000000000000, -4.249999999999995600 ) ) ;
#829 = ORIENTED_EDGE ( 'NONE', *, *, #1088, .T. ) ;
#830 = VERTEX_POINT ( 'NONE', #1353 ) ;
#831 = ORIENTED_EDGE ( 'NONE', *, *, #1262, .T. ) ;
#832 = DIRECTION ( 'NONE',  ( 0.0000000000000000000, 0.0000000000000000000, 1.000000000000000000 ) ) ;
#833 = ORIENTED_EDGE ( 'NONE', *, *, #813, .F. ) ;
#834 = CARTESIAN_POINT ( 'NONE',  ( -3.749999999999997800, -4.999999999999997300, -4.750000000000000000 ) ) ;
#835 = CARTESIAN_POINT ( 'NONE',  ( -4.200000000000000200, 20.00000000000000000, -3.000000000000000000 ) ) ;
#836 = EDGE_CURVE ( 'NONE', #590, #986, #368, .T. ) ;
#837 = DIRECTION ( 'NONE',  ( -0.0000000000000000000, -0.0000000000000000000, -1.000000000000000000 ) ) ;
#838 = EDGE_CURVE ( 'NONE', #881, #986, #367, .T. ) ;
#839 = VECTOR ( 'NONE', #270, 1000.000000000000000 ) ;
#840 = ORIENTED_EDGE ( 'NONE', *, *, #1210, .T. ) ;
#841 = PLANE ( 'NONE',  #414 ) ;
#842 = CARTESIAN_POINT ( 'NONE',  ( -4.999999999999996400, -5.000000000000000000, 3.011426524367546000 ) ) ;
#843 = EDGE_CURVE ( 'NONE', #881, #1343, #379, .T. ) ;
#844 = VERTEX_POINT ( 'NONE', #1326 ) ;
#845 = ORIENTED_EDGE ( 'NONE', *, *, #813, .T. ) ;
#846 = ORIENTED_EDGE ( 'NONE', *, *, #928, .F. ) ;
#847 = EDGE_CURVE ( 'NONE', #1343, #1000, #364, .T. ) ;
#848 = DIRECTION ( 'NONE',  ( 1.000000000000000000, 1.040834085586084500E-016, 0.0000000000000000000 ) ) ;
#849 = ORIENTED_EDGE ( 'NONE', *, *, #1355, .T. ) ;
#850 = ORIENTED_EDGE ( 'NONE', *, *, #1193, .F. ) ;
#851 = CARTESIAN_POINT ( 'NONE',  ( 16.99999999999998600, -2.999999999999992000, 4.750000000000000900 ) ) ;
#852 = ORIENTED_EDGE ( 'NONE', *, *, #743, .T. ) ;
#853 = DIRECTION ( 'NONE',  ( 4.003208021484946900E-016, 1.000000000000000000, 0.0000000000000000000 ) ) ;
#854 = DIRECTION ( 'NONE',  ( -1.000000000000000000, -1.040834085586084500E-016, 0.0000000000000000000 ) ) ;
#855 = EDGE_CURVE ( 'NONE', #1000, #762, #359, .T. ) ;
#856 = DIRECTION ( 'NONE',  ( 1.000000000000000000, 0.0000000000000000000, 0.0000000000000000000 ) ) ;
#857 = DIRECTION ( 'NONE',  ( -1.040834085586084500E-016, 1.000000000000000000, -0.0000000000000000000 ) ) ;
#858 = ORIENTED_EDGE ( 'NONE', *, *, #1283, .T. ) ;
#859 = ORIENTED_EDGE ( 'NONE', *, *, #1214, .F. ) ;
#860 = CARTESIAN_POINT ( 'NONE',  ( 12.99999999999999800, -4.999999999999998200, 0.0000000000000000000 ) ) ;
#861 = CARTESIAN_POINT ( 'NONE',  ( -3.249999999999999600, 19.50000000000000000, 4.750000000000000000 ) ) ;
#862 = VERTEX_POINT ( 'NONE', #1298 ) ;
#863 =( BOUNDED_CURVE ( )  B_SPLINE_CURVE ( 3, ( #427, #425, #422, #420 ),
 .UNSPECIFIED., .F., .F. ) 
 B_SPLINE_CURVE_WITH_KNOTS ( ( 4, 4 ),
 ( 2.279914543600341000, 3.141592653589793100 ),
 .UNSPECIFIED. ) 
 CURVE ( )  GEOMETRIC_REPRESENTATION_ITEM ( )  RATIONAL_B_SPLINE_CURVE ( ( 1.000000000000000000, 0.9390771014833534400, 0.9390771014833534400, 1.000000000000000000 ) ) 
 REPRESENTATION_ITEM ( '' )  );
#864 = EDGE_CURVE ( 'NONE', #555, #1159, #344, .T. ) ;
#865 = ORIENTED_EDGE ( 'NONE', *, *, #1133, .F. ) ;
#866 = VERTEX_POINT ( 'NONE', #1281 ) ;
#867 = ORIENTED_EDGE ( 'NONE', *, *, #957, .F. ) ;
#868 = EDGE_CURVE ( 'NONE', #603, #762, #357, .T. ) ;
#869 = EDGE_LOOP ( 'NONE', ( #1020, #753, #1271, #1085 ) ) ;
#870 = CARTESIAN_POINT ( 'NONE',  ( -3.749999999999997800, 5.000000000000000900, 3.000000000000000000 ) ) ;
#871 = VERTEX_POINT ( 'NONE', #1300 ) ;
#872 = DIRECTION ( 'NONE',  ( -1.000000000000000000, 0.0000000000000000000, 0.0000000000000000000 ) ) ;
#873 = EDGE_CURVE ( 'NONE', #603, #538, #356, .T. ) ;
#874 = VECTOR ( 'NONE', #311, 1000.000000000000000 ) ;
#875 = CARTESIAN_POINT ( 'NONE',  ( -4.999999999999996400, -5.000000000000000000, -3.011426524367546000 ) ) ;
#876 = ORIENTED_EDGE ( 'NONE', *, *, #1409, .F. ) ;
#877 = ORIENTED_EDGE ( 'NONE', *, *, #1088, .F. ) ;
#878 = ORIENTED_EDGE ( 'NONE', *, *, #661, .T. ) ;
#879 = ORIENTED_EDGE ( 'NONE', *, *, #911, .F. ) ;
#880 = CARTESIAN_POINT ( 'NONE',  ( 4.686749320818303900E-031, 20.00000000000000000, 3.000000000000000000 ) ) ;
#881 = VERTEX_POINT ( 'NONE', #1270 ) ;
#882 = ORIENTED_EDGE ( 'NONE', *, *, #1210, .F. ) ;
#883 = EDGE_CURVE ( 'NONE', #1006, #1379, #341, .T. ) ;
#884 = ORIENTED_EDGE ( 'NONE', *, *, #838, .F. ) ;
#885 = EDGE_CURVE ( 'NONE', #691, #1082, #337, .T. ) ;
#886 = DIRECTION ( 'NONE',  ( -0.0000000000000000000, -0.0000000000000000000, -1.000000000000000000 ) ) ;
#887 = CARTESIAN_POINT ( 'NONE',  ( -1.250000000000000200, 20.00000000000000000, 4.249999999999994700 ) ) ;
#888 = ORIENTED_EDGE ( 'NONE', *, *, #1416, .F. ) ;
#889 = EDGE_CURVE ( 'NONE', #1360, #1022, #332, .T. ) ;
#890 = DIRECTION ( 'NONE',  ( -0.4999999999999989500, 2.001604010742469300E-016, 0.8660254037844392600 ) ) ;
#891 = DIRECTION ( 'NONE',  ( 1.000000000000000000, 0.0000000000000000000, 0.0000000000000000000 ) ) ;
#892 = EDGE_CURVE ( 'NONE', #1392, #762, #345, .T. ) ;
#893 = ORIENTED_EDGE ( 'NONE', *, *, #1034, .F. ) ;
#894 = CARTESIAN_POINT ( 'NONE',  ( -3.749999999999998200, -5.000000000000000000, 3.000000000000000000 ) ) ;
#895 = ORIENTED_EDGE ( 'NONE', *, *, #1313, .F. ) ;
#896 = ORIENTED_EDGE ( 'NONE', *, *, #816, .F. ) ;
#897 = CARTESIAN_POINT ( 'NONE',  ( 19.19999999999999900, 2.868873312704772300E-015, -3.000000000000000000 ) ) ;
#898 = ORIENTED_EDGE ( 'NONE', *, *, #1157, .F. ) ;
#899 = VERTEX_POINT ( 'NONE', #1237 ) ;
#900 = ORIENTED_EDGE ( 'NONE', *, *, #904, .T. ) ;
#901 = PLANE ( 'NONE',  #449 ) ;
#902 = ADVANCED_FACE ( 'NONE', ( #324 ), #1230, .F. ) ;
#903 = ORIENTED_EDGE ( 'NONE', *, *, #1170, .T. ) ;
#904 = EDGE_CURVE ( 'NONE', #1373, #1273, #320, .T. ) ;
#905 = DIRECTION ( 'NONE',  ( 0.0000000000000000000, -0.0000000000000000000, 1.000000000000000000 ) ) ;
#906 = ORIENTED_EDGE ( 'NONE', *, *, #1009, .F. ) ;
#907 = CC_DESIGN_PERSON_AND_ORGANIZATION_ASSIGNMENT ( #819, #28, ( #215 ) ) ;
#908 = CARTESIAN_POINT ( 'NONE',  ( 19.99999999999999600, -1.750000000000001100, 4.750000000000000000 ) ) ;
#909 = DIRECTION ( 'NONE',  ( -0.0000000000000000000, 1.000000000000000000, 0.0000000000000000000 ) ) ;
#910 = DIRECTION ( 'NONE',  ( -0.4999999999999991100, 0.0000000000000000000, -0.8660254037844391500 ) ) ;
#911 = EDGE_CURVE ( 'NONE', #558, #1328, #322, .T. ) ;
#912 = COORDINATED_UNIVERSAL_TIME_OFFSET ( 3, 0, .AHEAD. ) ;
#913 = CARTESIAN_POINT ( 'NONE',  ( 16.99999999999998600, 0.0000000000000000000, 4.750000000000000000 ) ) ;
#914 = CARTESIAN_POINT ( 'NONE',  ( -3.330669073875469200E-015, 14.99999999999999800, 0.0000000000000000000 ) ) ;
#915 = ORIENTED_EDGE ( 'NONE', *, *, #889, .F. ) ;
#916 = CARTESIAN_POINT ( 'NONE',  ( 19.99999999999999600, -0.7999999999999969400, -3.000000000000000000 ) ) ;
#917 = EDGE_CURVE ( 'NONE', #1121, #646, #316, .T. ) ;
#918 = ORIENTED_EDGE ( 'NONE', *, *, #843, .F. ) ;
#919 = ORIENTED_EDGE ( 'NONE', *, *, #776, .T. ) ;
#920 = DIRECTION ( 'NONE',  ( 0.0000000000000000000, -0.0000000000000000000, 1.000000000000000000 ) ) ;
#921 = ORIENTED_EDGE ( 'NONE', *, *, #1301, .F. ) ;
#922 = CARTESIAN_POINT ( 'NONE',  ( 19.99999999999999600, -4.199999999999997500, -3.017949192431121000 ) ) ;
#923 = VERTEX_POINT ( 'NONE', #1216 ) ;
#924 = PLANE ( 'NONE',  #41 ) ;
#925 = ORIENTED_EDGE ( 'NONE', *, *, #985, .F. ) ;
#926 = VERTEX_POINT ( 'NONE', #1213 ) ;
#927 = ORIENTED_EDGE ( 'NONE', *, *, #1108, .F. ) ;
#928 = EDGE_CURVE ( 'NONE', #558, #899, #303, .T. ) ;
#929 = ADVANCED_FACE ( 'NONE', ( #319 ), #1207, .F. ) ;
#930 = DIRECTION ( 'NONE',  ( -0.0000000000000000000, 1.000000000000000000, 0.0000000000000000000 ) ) ;
#931 = ORIENTED_EDGE ( 'NONE', *, *, #1108, .T. ) ;
#932 = DIRECTION ( 'NONE',  ( -0.4999999999999982800, -0.0000000000000000000, 0.8660254037844397100 ) ) ;
#933 = VERTEX_POINT ( 'NONE', #571 ) ;
#934 = DIRECTION ( 'NONE',  ( 1.000000000000000000, 0.0000000000000000000, -0.0000000000000000000 ) ) ;
#935 = ADVANCED_FACE ( 'NONE', ( #304 ), #1190, .F. ) ;
#936 = DIRECTION ( 'NONE',  ( 1.445602896647339400E-016, -1.000000000000000000, 0.0000000000000000000 ) ) ;
#937 = DIRECTION ( 'NONE',  ( -1.000000000000000000, -1.445602896647339400E-016, 0.0000000000000000000 ) ) ;
#938 = FACE_OUTER_BOUND ( 'NONE', #737, .T. ) ;
#939 = EDGE_CURVE ( 'NONE', #1063, #830, #287, .T. ) ;
#940 = CARTESIAN_POINT ( 'NONE',  ( -3.750000000000000000, 20.00000000000000000, -4.750000000000000000 ) ) ;
#941 = ORIENTED_EDGE ( 'NONE', *, *, #1150, .F. ) ;
#942 = CARTESIAN_POINT ( 'NONE',  ( -0.7499999999999787900, 3.002406016113625000E-016, 4.750000000000000000 ) ) ;
#943 = ORIENTED_EDGE ( 'NONE', *, *, #617, .T. ) ;
#944 = PLANE ( 'NONE',  #57 ) ;
#945 = PLANE ( 'NONE',  #476 ) ;
#946 = ORIENTED_EDGE ( 'NONE', *, *, #1032, .T. ) ;
#947 = ADVANCED_FACE ( 'NONE', ( #286 ), #1188, .F. ) ;
#948 = ORIENTED_EDGE ( 'NONE', *, *, #656, .F. ) ;
#949 = ORIENTED_EDGE ( 'NONE', *, *, #1382, .T. ) ;
#950 = CARTESIAN_POINT ( 'NONE',  ( 0.0000000000000000000, 0.0000000000000000000, 4.750000000000000000 ) ) ;
#951 = ORIENTED_EDGE ( 'NONE', *, *, #1276, .T. ) ;
#952 = CARTESIAN_POINT ( 'NONE',  ( 19.19999999999999900, -0.7999999999999969400, -3.000000000000000000 ) ) ;
#953 = DIRECTION ( 'NONE',  ( 0.0000000000000000000, -0.0000000000000000000, -1.000000000000000000 ) ) ;
#954 = VERTEX_POINT ( 'NONE', #1183 ) ;
#955 = ORIENTED_EDGE ( 'NONE', *, *, #1009, .T. ) ;
#956 = EDGE_CURVE ( 'NONE', #1328, #1022, #299, .T. ) ;
#957 = EDGE_CURVE ( 'NONE', #1415, #1249, #288, .T. ) ;
#958 = DIRECTION ( 'NONE',  ( 0.0000000000000000000, -1.000000000000000000, 0.0000000000000000000 ) ) ;
#959 = CARTESIAN_POINT ( 'NONE',  ( 19.99999999999999600, -4.999999999999997300, 3.017949192431121000 ) ) ;
#960 = LOCAL_TIME ( 20, 38, 8.000000000000000000, #1225 ) ;
#961 = ORIENTED_EDGE ( 'NONE', *, *, #1231, .T. ) ;
#962 = ORIENTED_EDGE ( 'NONE', *, *, #1181, .T. ) ;
#963 = EDGE_CURVE ( 'NONE', #1249, #844, #285, .T. ) ;
#964 = CARTESIAN_POINT ( 'NONE',  ( -4.999999999999996400, -5.000000000000000000, 3.000000000000000000 ) ) ;
#965 = ORIENTED_EDGE ( 'NONE', *, *, #1024, .F. ) ;
#966 = VERTEX_POINT ( 'NONE', #1167 ) ;
#967 = CARTESIAN_POINT ( 'NONE',  ( 19.99999999999999600, -4.199999999999997500, -3.000000000000000000 ) ) ;
#968 = ORIENTED_EDGE ( 'NONE', *, *, #773, .T. ) ;
#969 = ORIENTED_EDGE ( 'NONE', *, *, #847, .T. ) ;
#970 = ORIENTED_EDGE ( 'NONE', *, *, #892, .T. ) ;
#971 = CARTESIAN_POINT ( 'NONE',  ( -4.200000000000000200, 19.20000000000000300, -3.000000000000000000 ) ) ;
#972 = ORIENTED_EDGE ( 'NONE', *, *, #721, .F. ) ;
#973 = DIRECTION ( 'NONE',  ( 1.000000000000000000, 0.0000000000000000000, 0.0000000000000000000 ) ) ;
#974 = EDGE_CURVE ( 'NONE', #1057, #1082, #280, .T. ) ;
#975 = DIRECTION ( 'NONE',  ( -0.0000000000000000000, -0.0000000000000000000, 1.000000000000000000 ) ) ;
#976 = EDGE_CURVE ( 'NONE', #1289, #1007, #273, .T. ) ;
#977 = CARTESIAN_POINT ( 'NONE',  ( -0.7499999999999772400, -1.750000000000002900, -4.750000000000000900 ) ) ;
#978 = DIRECTION ( 'NONE',  ( -0.0000000000000000000, -0.0000000000000000000, -1.000000000000000000 ) ) ;
#979 = VECTOR ( 'NONE', #1384, 1000.000000000000000 ) ;
#980 = ORIENTED_EDGE ( 'NONE', *, *, #600, .F. ) ;
#981 = CARTESIAN_POINT ( 'NONE',  ( 19.19999999999999900, 2.868873312704772300E-015, -3.000000000000000000 ) ) ;
#982 = EDGE_CURVE ( 'NONE', #1169, #1310, #279, .T. ) ;
#983 = VERTEX_POINT ( 'NONE', #1109 ) ;
#984 = ORIENTED_EDGE ( 'NONE', *, *, #1170, .F. ) ;
#985 = EDGE_CURVE ( 'NONE', #1310, #1043, #271, .T. ) ;
#986 = VERTEX_POINT ( 'NONE', #1113 ) ;
#987 = ORIENTED_EDGE ( 'NONE', *, *, #963, .F. ) ;
#988 = DIRECTION ( 'NONE',  ( -1.445602896647339400E-016, 1.000000000000000000, 0.0000000000000000000 ) ) ;
#989 = VERTEX_POINT ( 'NONE', #1101 ) ;
#990 = ORIENTED_EDGE ( 'NONE', *, *, #885, .T. ) ;
#991 = ORIENTED_EDGE ( 'NONE', *, *, #754, .T. ) ;
#992 = DIRECTION ( 'NONE',  ( 0.0000000000000000000, -0.0000000000000000000, 1.000000000000000000 ) ) ;
#993 = PRODUCT_DEFINITION ( 'UNKNOWN', '', #1342, #622 ) ;
#994 = DIRECTION ( 'NONE',  ( 0.0000000000000000000, 0.0000000000000000000, 1.000000000000000000 ) ) ;
#995 = APPROVAL_DATE_TIME ( #1263, #1406 ) ;
#996 = ORIENTED_EDGE ( 'NONE', *, *, #637, .T. ) ;
#997 = ORIENTED_EDGE ( 'NONE', *, *, #1051, .T. ) ;
#998 = CARTESIAN_POINT ( 'NONE',  ( 19.99999999999999600, -4.999999999999997300, -3.017949192431121000 ) ) ;
#999 = PLANE ( 'NONE',  #497 ) ;
#1000 = VERTEX_POINT ( 'NONE', #1099 ) ;
#1001 = EDGE_CURVE ( 'NONE', #1043, #733, #255, .T. ) ;
#1002 = ORIENTED_EDGE ( 'NONE', *, *, #1199, .F. ) ;
#1003 = ORIENTED_EDGE ( 'NONE', *, *, #956, .F. ) ;
#1004 = EDGE_LOOP ( 'NONE', ( #1381, #946, #649, #1329 ) ) ;
#1005 = EDGE_CURVE ( 'NONE', #1266, #923, #256, .T. ) ;
#1006 = VERTEX_POINT ( 'NONE', #1074 ) ;
#1007 = VERTEX_POINT ( 'NONE', #1072 ) ;
#1008 = CARTESIAN_POINT ( 'NONE',  ( 19.19999999999999900, 2.868873312704772300E-015, 3.000000000000000000 ) ) ;
#1009 = EDGE_CURVE ( 'NONE', #646, #531, #248, .T. ) ;
#1010 = DIRECTION ( 'NONE',  ( 0.0000000000000000000, 0.0000000000000000000, 1.000000000000000000 ) ) ;
#1011 = ORIENTED_EDGE ( 'NONE', *, *, #1114, .F. ) ;
#1012 = DIRECTION ( 'NONE',  ( 0.0000000000000000000, 1.000000000000000000, 0.0000000000000000000 ) ) ;
#1013 = EDGE_CURVE ( 'NONE', #1415, #1121, #267, .T. ) ;
#1014 = LINE ( 'NONE', #152, #59 ) ;
#1015 = DIRECTION ( 'NONE',  ( -1.494204850367068900E-016, 1.000000000000000000, 0.0000000000000000000 ) ) ;
#1016 = FACE_OUTER_BOUND ( 'NONE', #596, .T. ) ;
#1017 = DIRECTION ( 'NONE',  ( -3.469446951953614700E-016, 1.000000000000000000, 0.0000000000000000000 ) ) ;
#1018 = ORIENTED_EDGE ( 'NONE', *, *, #780, .F. ) ;
#1019 = ORIENTED_EDGE ( 'NONE', *, *, #600, .T. ) ;
#1020 = ORIENTED_EDGE ( 'NONE', *, *, #1239, .T. ) ;
#1021 = CARTESIAN_POINT ( 'NONE',  ( 12.99999999999999800, 0.0000000000000000000, 0.0000000000000000000 ) ) ;
#1022 = VERTEX_POINT ( 'NONE', #1037 ) ;
#1023 = ORIENTED_EDGE ( 'NONE', *, *, #804, .T. ) ;
#1024 = EDGE_CURVE ( 'NONE', #966, #1198, #238, .T. ) ;
#1025 = CARTESIAN_POINT ( 'NONE',  ( 12.99999999999999800, -5.001000000000000300, 0.0000000000000000000 ) ) ;
#1026 = ORIENTED_EDGE ( 'NONE', *, *, #864, .T. ) ;
#1027 = AXIS2_PLACEMENT_3D ( 'NONE', #305, #302, #298 ) ;
#1028 = ORIENTED_EDGE ( 'NONE', *, *, #1222, .F. ) ;
#1029 = ORIENTED_EDGE ( 'NONE', *, *, #873, .T. ) ;
#1030 = CARTESIAN_POINT ( 'NONE',  ( 19.99999999999999600, -1.750000000000001100, -4.750000000000000000 ) ) ;
#1031 = ADVANCED_FACE ( 'NONE', ( #237 ), #232, .F. ) ;
#1032 = EDGE_CURVE ( 'NONE', #1043, #1107, #253, .T. ) ;
#1033 = CARTESIAN_POINT ( 'NONE',  ( 12.99999999999999800, -5.001000000000000300, 0.0000000000000000000 ) ) ;
#1034 = EDGE_CURVE ( 'NONE', #830, #558, #233, .T. ) ;
#1035 = APPROVAL_PERSON_ORGANIZATION ( #1302, #1406, #1386 ) ;
#1036 = ORIENTED_EDGE ( 'NONE', *, *, #1150, .T. ) ;
#1037 = CARTESIAN_POINT ( 'NONE',  ( -3.749999999999997800, -4.999999999999997300, -3.000000000000000000 ) ) ;
#1038 = VERTEX_POINT ( 'NONE', #977 ) ;
#1039 = DIRECTION ( 'NONE',  ( -0.7071067811865500200, -2.453269466693407500E-016, 0.7071067811865451300 ) ) ;
#1040 = ORIENTED_EDGE ( 'NONE', *, *, #1301, .T. ) ;
#1041 = ORIENTED_EDGE ( 'NONE', *, *, #700, .F. ) ;
#1042 = CLOSED_SHELL ( 'NONE', ( #73, #89, #1172, #456, #568, #1370, #221, #801, #446, #550, #782, #929, #561, #1335, #1426, #947, #310, #1071, #418, #935, #1431, #1174, #210, #532, #1058, #814, #690, #1238, #1352, #1164, #1443, #336, #95, #902, #1362, #438, #107, #680, #1031, #1436, #1049, #1245, #328, #1144 ) ) ;
#1043 = VERTEX_POINT ( 'NONE', #1008 ) ;
#1044 = DIRECTION ( 'NONE',  ( 0.0000000000000000000, 0.0000000000000000000, 1.000000000000000000 ) ) ;
#1045 = DIRECTION ( 'NONE',  ( 1.445602896647339400E-016, -1.000000000000000000, 0.0000000000000000000 ) ) ;
#1046 = ORIENTED_EDGE ( 'NONE', *, *, #1056, .F. ) ;
#1047 = DIRECTION ( 'NONE',  ( -0.0000000000000000000, 1.000000000000000000, -0.0000000000000000000 ) ) ;
#1048 = DIRECTION ( 'NONE',  ( 0.4999999999999981700, -2.001604010742466100E-016, 0.8660254037844397100 ) ) ;
#1049 = ADVANCED_FACE ( 'NONE', ( #231 ), #213, .T. ) ;
#1050 = CARTESIAN_POINT ( 'NONE',  ( -3.750000000000000000, 20.00000000000000000, 3.000000000000000000 ) ) ;
#1051 = EDGE_CURVE ( 'NONE', #820, #933, #264, .T. ) ;
#1052 = DIRECTION ( 'NONE',  ( -1.000000000000000000, 0.0000000000000000000, 0.0000000000000000000 ) ) ;
#1053 = DIRECTION ( 'NONE',  ( -0.7071067811865499000, -1.022195611122253000E-016, 0.7071067811865451300 ) ) ;
#1054 = VECTOR ( 'NONE', #179, 1000.000000000000000 ) ;
#1055 = DIRECTION ( 'NONE',  ( 0.0000000000000000000, -0.0000000000000000000, 1.000000000000000000 ) ) ;
#1056 = EDGE_CURVE ( 'NONE', #933, #1063, #214, .T. ) ;
#1057 = VERTEX_POINT ( 'NONE', #964 ) ;
#1058 = ADVANCED_FACE ( 'NONE', ( #226 ), #944, .T. ) ;
#1059 = ORIENTED_EDGE ( 'NONE', *, *, #889, .T. ) ;
#1060 = PLANE ( 'NONE',  #510 ) ;
#1061 = ORIENTED_EDGE ( 'NONE', *, *, #797, .T. ) ;
#1062 = PLANE ( 'NONE',  #529 ) ;
#1063 = VERTEX_POINT ( 'NONE', #922 ) ;
#1064 = ORIENTED_EDGE ( 'NONE', *, *, #1368, .F. ) ;
#1065 = CARTESIAN_POINT ( 'NONE',  ( -0.8000000000000000400, 19.20000000000000300, 3.000000000000000000 ) ) ;
#1066 = ORIENTED_EDGE ( 'NONE', *, *, #1034, .T. ) ;
#1067 = ORIENTED_EDGE ( 'NONE', *, *, #642, .T. ) ;
#1068 = EDGE_CURVE ( 'NONE', #899, #1310, #212, .T. ) ;
#1069 = CARTESIAN_POINT ( 'NONE',  ( -1.250000000000000200, 20.00000000000000000, 3.000000000000000000 ) ) ;
#1070 = DIRECTION ( 'NONE',  ( -4.336808689942017700E-016, 1.000000000000000000, 0.0000000000000000000 ) ) ;
#1071 = ADVANCED_FACE ( 'NONE', ( #194 ), #924, .F. ) ;
#1072 = CARTESIAN_POINT ( 'NONE',  ( -1.749999999999995800, 5.500000000000001800, -4.750000000000000000 ) ) ;
#1073 = DIRECTION ( 'NONE',  ( -3.469446951953614200E-016, 1.000000000000000000, -0.0000000000000000000 ) ) ;
#1074 = CARTESIAN_POINT ( 'NONE',  ( 12.99999999999999800, -4.999999999999998200, -1.999999999999999600 ) ) ;
#1075 = DIRECTION ( 'NONE',  ( -1.000000000000000000, -1.494204850367069100E-016, 0.0000000000000000000 ) ) ;
#1076 = COORDINATED_UNIVERSAL_TIME_OFFSET ( 3, 0, .AHEAD. ) ;
#1077 = CARTESIAN_POINT ( 'NONE',  ( 19.99999999999999600, 2.988409700734137700E-015, -3.000000000000000000 ) ) ;
#1078 = ORIENTED_EDGE ( 'NONE', *, *, #1368, .T. ) ;
#1079 = ORIENTED_EDGE ( 'NONE', *, *, #1241, .F. ) ;
#1080 = PLANE ( 'NONE',  #543 ) ;
#1081 = APPROVAL ( #22, 'UNSPECIFIED' ) ;
#1082 = VERTEX_POINT ( 'NONE', #894 ) ;
#1083 = VERTEX_POINT ( 'NONE', #887 ) ;
#1084 = ORIENTED_EDGE ( 'NONE', *, *, #1313, .T. ) ;
#1085 = ORIENTED_EDGE ( 'NONE', *, *, #1388, .T. ) ;
#1086 = DIRECTION ( 'NONE',  ( -1.000000000000000000, 0.0000000000000000000, 0.0000000000000000000 ) ) ;
#1087 = ORIENTED_EDGE ( 'NONE', *, *, #1209, .F. ) ;
#1088 = EDGE_CURVE ( 'NONE', #820, #1169, #192, .T. ) ;
#1089 = VERTEX_POINT ( 'NONE', #914 ) ;
#1090 = DIRECTION ( 'NONE',  ( 0.0000000000000000000, -0.0000000000000000000, 1.000000000000000000 ) ) ;
#1091 = CARTESIAN_POINT ( 'NONE',  ( 19.19999999999999900, -0.7999999999999969400, 3.000000000000000000 ) ) ;
#1092 = DIRECTION ( 'NONE',  ( -4.003208021484946900E-016, -1.000000000000000000, 0.0000000000000000000 ) ) ;
#1093 = CARTESIAN_POINT ( 'NONE',  ( 19.99999999999999600, 2.988409700734137700E-015, 3.000000000000000000 ) ) ;
#1094 = CARTESIAN_POINT ( 'NONE',  ( -1.250000000000000200, 20.00000000000000000, -4.249999999999995600 ) ) ;
#1095 = EDGE_CURVE ( 'NONE', #923, #531, #204, .T. ) ;
#1096 = VECTOR ( 'NONE', #180, 1000.000000000000000 ) ;
#1097 = ORIENTED_EDGE ( 'NONE', *, *, #1001, .T. ) ;
#1098 = EDGE_CURVE ( 'NONE', #1379, #1006, #197, .T. ) ;
#1099 = CARTESIAN_POINT ( 'NONE',  ( -1.249999999999995100, 5.000000000000001800, -3.000000000000000000 ) ) ;
#1100 = ORIENTED_EDGE ( 'NONE', *, *, #606, .T. ) ;
#1101 = CARTESIAN_POINT ( 'NONE',  ( -0.7499999999999800200, -2.999999999999993800, 4.750000000000000000 ) ) ;
#1102 = ORIENTED_EDGE ( 'NONE', *, *, #976, .T. ) ;
#1103 = ORIENTED_EDGE ( 'NONE', *, *, #702, .F. ) ;
#1104 = ORIENTED_EDGE ( 'NONE', *, *, #734, .T. ) ;
#1105 = VERTEX_POINT ( 'NONE', #861 ) ;
#1106 = ORIENTED_EDGE ( 'NONE', *, *, #1350, .F. ) ;
#1107 = VERTEX_POINT ( 'NONE', #897 ) ;
#1108 = EDGE_CURVE ( 'NONE', #664, #1294, #190, .T. ) ;
#1109 = CARTESIAN_POINT ( 'NONE',  ( -1.749999999999995800, 5.500000000000002700, 4.750000000000000000 ) ) ;
#1110 = LOCAL_TIME ( 20, 38, 8.000000000000000000, #1371 ) ;
#1111 = ORIENTED_EDGE ( 'NONE', *, *, #1129, .T. ) ;
#1112 = DIRECTION ( 'NONE',  ( 3.469446951953614700E-016, -1.000000000000000000, 0.0000000000000000000 ) ) ;
#1113 = CARTESIAN_POINT ( 'NONE',  ( -4.200000000000000200, 20.00000000000000000, -3.000000000000000000 ) ) ;
#1114 = EDGE_CURVE ( 'NONE', #954, #691, #191, .T. ) ;
#1115 = VERTEX_POINT ( 'NONE', #851 ) ;
#1116 = ORIENTED_EDGE ( 'NONE', *, *, #836, .F. ) ;
#1117 = ORIENTED_EDGE ( 'NONE', *, *, #1382, .F. ) ;
#1118 = ORIENTED_EDGE ( 'NONE', *, *, #982, .F. ) ;
#1119 = CARTESIAN_POINT ( 'NONE',  ( -1.749999999999993800, -6.071532165918804100E-016, -4.750000000000000000 ) ) ;
#1120 = ORIENTED_EDGE ( 'NONE', *, *, #976, .F. ) ;
#1121 = VERTEX_POINT ( 'NONE', #870 ) ;
#1122 = DIRECTION ( 'NONE',  ( -1.000000000000000000, 0.0000000000000000000, 0.0000000000000000000 ) ) ;
#1123 = EDGE_CURVE ( 'NONE', #664, #1022, #185, .T. ) ;
#1124 = PLANE ( 'NONE',  #556 ) ;
#1125 = FACE_OUTER_BOUND ( 'NONE', #750, .T. ) ;
#1126 = ORIENTED_EDGE ( 'NONE', *, *, #1395, .T. ) ;
#1127 = DIRECTION ( 'NONE',  ( 0.0000000000000000000, -0.0000000000000000000, 1.000000000000000000 ) ) ;
#1128 = ORIENTED_EDGE ( 'NONE', *, *, #1283, .F. ) ;
#1129 = EDGE_CURVE ( 'NONE', #986, #1249, #174, .T. ) ;
#1130 = ORIENTED_EDGE ( 'NONE', *, *, #1195, .F. ) ;
#1131 = VERTEX_POINT ( 'NONE', #818 ) ;
#1132 = VERTEX_POINT ( 'NONE', #803 ) ;
#1133 = EDGE_CURVE ( 'NONE', #806, #1294, #317, .T. ) ;
#1134 = ORIENTED_EDGE ( 'NONE', *, *, #1219, .F. ) ;
#1135 = ORIENTED_EDGE ( 'NONE', *, *, #1051, .F. ) ;
#1136 = DIRECTION ( 'NONE',  ( 0.0000000000000000000, 0.0000000000000000000, 1.000000000000000000 ) ) ;
#1137 = CARTESIAN_POINT ( 'NONE',  ( -4.200000000000000200, 19.20000000000000300, 3.000000000000000000 ) ) ;
#1138 = EDGE_LOOP ( 'NONE', ( #1308, #1026, #765, #1267 ) ) ;
#1139 = EDGE_CURVE ( 'NONE', #1159, #1415, #171, .T. ) ;
#1140 = CARTESIAN_POINT ( 'NONE',  ( -3.749999999999997800, -4.999999999999997300, -3.017949192431121000 ) ) ;
#1141 = DIRECTION ( 'NONE',  ( 0.0000000000000000000, 1.000000000000000000, 0.0000000000000000000 ) ) ;
#1142 = EDGE_CURVE ( 'NONE', #1159, #1083, #172, .T. ) ;
#1143 = CARTESIAN_POINT ( 'NONE',  ( 19.99999999999999600, -4.999999999999997300, 3.000000000000000000 ) ) ;
#1144 = ADVANCED_FACE ( 'NONE', ( #159 ), #157, .T. ) ;
#1145 = VERTEX_POINT ( 'NONE', #746 ) ;
#1146 = ORIENTED_EDGE ( 'NONE', *, *, #917, .T. ) ;
#1147 = ORIENTED_EDGE ( 'NONE', *, *, #1095, .F. ) ;
#1148 = ORIENTED_EDGE ( 'NONE', *, *, #1095, .T. ) ;
#1149 = ORIENTED_EDGE ( 'NONE', *, *, #956, .T. ) ;
#1150 = EDGE_CURVE ( 'NONE', #1250, #629, #158, .T. ) ;
#1151 = CARTESIAN_POINT ( 'NONE',  ( -4.999999999999996400, -5.000000000000000000, 3.000000000000000000 ) ) ;
#1152 = ORIENTED_EDGE ( 'NONE', *, *, #1330, .T. ) ;
#1153 = CC_DESIGN_APPROVAL ( #1081, ( #993 ) ) ;
#1154 = ORIENTED_EDGE ( 'NONE', *, *, #773, .F. ) ;
#1155 = ORIENTED_EDGE ( 'NONE', *, *, #1162, .F. ) ;
#1156 = DIRECTION ( 'NONE',  ( -1.000000000000000000, 0.0000000000000000000, 0.0000000000000000000 ) ) ;
#1157 = EDGE_CURVE ( 'NONE', #1083, #531, #160, .T. ) ;
#1158 = DIRECTION ( 'NONE',  ( 1.000000000000000000, 1.040834085586084500E-016, 0.0000000000000000000 ) ) ;
#1159 = VERTEX_POINT ( 'NONE', #764 ) ;
#1160 = CARTESIAN_POINT ( 'NONE',  ( 4.686749320818303900E-031, 20.00000000000000000, 3.000000000000000000 ) ) ;
#1161 = DIRECTION ( 'NONE',  ( -4.003208021484946400E-016, -1.000000000000000000, 0.0000000000000000000 ) ) ;
#1162 = EDGE_CURVE ( 'NONE', #1083, #862, #47, .T. ) ;
#1163 = LINE ( 'NONE', #274, #1410 ) ;
#1164 = ADVANCED_FACE ( 'NONE', ( #146 ), #718, .T. ) ;
#1165 = CARTESIAN_POINT ( 'NONE',  ( -5.001025000000004700, 12.99999999999999600, 0.0000000000000000000 ) ) ;
#1166 = ORIENTED_EDGE ( 'NONE', *, *, #1032, .F. ) ;
#1167 = CARTESIAN_POINT ( 'NONE',  ( 12.99999999999999800, 0.0000000000000000000, 1.999999999999999600 ) ) ;
#1168 = ORIENTED_EDGE ( 'NONE', *, *, #1142, .T. ) ;
#1169 = VERTEX_POINT ( 'NONE', #698 ) ;
#1170 = EDGE_CURVE ( 'NONE', #923, #603, #147, .T. ) ;
#1171 = CARTESIAN_POINT ( 'NONE',  ( -3.749999999999997800, -4.999999999999997300, -3.000000000000000000 ) ) ;
#1172 = ADVANCED_FACE ( 'NONE', ( #143, #142 ), #716, .T. ) ;
#1173 = DIRECTION ( 'NONE',  ( 4.003208021484946900E-016, 1.000000000000000000, 0.0000000000000000000 ) ) ;
#1174 = ADVANCED_FACE ( 'NONE', ( #139 ), #663, .T. ) ;
#1175 = EDGE_CURVE ( 'NONE', #1360, #1057, #127, .T. ) ;
#1176 = DIRECTION ( 'NONE',  ( 1.000000000000000000, -4.003208021484946900E-016, 0.0000000000000000000 ) ) ;
#1177 = AXIS2_PLACEMENT_3D ( 'NONE', #257, #252, #250 ) ;
#1178 = DIRECTION ( 'NONE',  ( 0.0000000000000000000, 1.000000000000000000, 0.0000000000000000000 ) ) ;
#1179 = ORIENTED_EDGE ( 'NONE', *, *, #1175, .T. ) ;
#1180 = CARTESIAN_POINT ( 'NONE',  ( 19.99999999999999600, -4.999999999999997300, -3.017949192431121000 ) ) ;
#1181 = EDGE_CURVE ( 'NONE', #1392, #570, #155, .T. ) ;
#1182 = CARTESIAN_POINT ( 'NONE',  ( -3.749999999999997800, -4.999999999999997300, 4.750000000000000000 ) ) ;
#1183 = CARTESIAN_POINT ( 'NONE',  ( 19.19999999999999900, -4.999999999999997300, 3.011426524367546000 ) ) ;
#1184 = DIRECTION ( 'NONE',  ( 1.000000000000000000, 1.040834085586084500E-016, 0.0000000000000000000 ) ) ;
#1185 = DIRECTION ( 'NONE',  ( -0.0000000000000000000, 1.000000000000000000, -0.0000000000000000000 ) ) ;
#1186 = DIRECTION ( 'NONE',  ( -6.828485995298282700E-017, 0.6560590289905063900, -0.7547095802227727900 ) ) ;
#1187 = APPROVAL_DATE_TIME ( #1430, #471 ) ;
#1188 = PLANE ( 'NONE',  #140 ) ;
#1189 = FACE_OUTER_BOUND ( 'NONE', #619, .T. ) ;
#1190 = PLANE ( 'NONE',  #151 ) ;
#1191 = ORIENTED_EDGE ( 'NONE', *, *, #883, .T. ) ;
#1192 = DIRECTION ( 'NONE',  ( -1.000000000000000000, -3.469446951953610700E-016, 0.0000000000000000000 ) ) ;
#1193 = EDGE_CURVE ( 'NONE', #570, #881, #136, .T. ) ;
#1194 = PERSON_AND_ORGANIZATION_ROLE ( 'design_supplier' ) ;
#1195 = EDGE_CURVE ( 'NONE', #1412, #785, #123, .T. ) ;
#1196 = EDGE_CURVE ( 'NONE', #555, #1121, #126, .T. ) ;
#1197 = SHAPE_DEFINITION_REPRESENTATION ( #1428, #486 ) ;
#1198 = VERTEX_POINT ( 'NONE', #615 ) ;
#1199 = EDGE_CURVE ( 'NONE', #1244, #1132, #110, .T. ) ;
#1200 = DIRECTION ( 'NONE',  ( -3.469446951953610700E-016, 1.000000000000000000, 0.0000000000000000000 ) ) ;
#1201 = CARTESIAN_POINT ( 'NONE',  ( 3.122502256758247800E-016, -2.999999999999994200, 4.750000000000000000 ) ) ;
#1202 = CARTESIAN_POINT ( 'NONE',  ( -3.749999999999997800, 5.000000000000000900, 4.750000000000000000 ) ) ;
#1203 = CC_DESIGN_PERSON_AND_ORGANIZATION_ASSIGNMENT ( #1334, #17, ( #993 ) ) ;
#1204 = DIRECTION ( 'NONE',  ( 0.0000000000000000000, 1.000000000000000000, 0.0000000000000000000 ) ) ;
#1205 = APPROVAL_PERSON_ORGANIZATION ( #5, #471, #728 ) ;
#1206 = ORIENTED_EDGE ( 'NONE', *, *, #1224, .F. ) ;
#1207 = PLANE ( 'NONE',  #738 ) ;
#1208 = CARTESIAN_POINT ( 'NONE',  ( 19.99999999999999600, -4.999999999999997300, -3.000000000000000000 ) ) ;
#1209 = EDGE_CURVE ( 'NONE', #862, #646, #120, .T. ) ;
#1210 = EDGE_CURVE ( 'NONE', #862, #555, #101, .T. ) ;
#1211 = ORIENTED_EDGE ( 'NONE', *, *, #1068, .T. ) ;
#1212 = EDGE_CURVE ( 'NONE', #983, #710, #104, .T. ) ;
#1213 = CARTESIAN_POINT ( 'NONE',  ( -2.442490654175344000E-015, 10.99999999999999800, 2.449293598294705400E-016 ) ) ;
#1214 = EDGE_CURVE ( 'NONE', #871, #983, #90, .T. ) ;
#1215 = DIRECTION ( 'NONE',  ( -1.000000000000000000, -1.494204850367068900E-016, 0.0000000000000000000 ) ) ;
#1216 = CARTESIAN_POINT ( 'NONE',  ( -0.8000000000000000400, 20.00000000000000000, 3.000000000000000000 ) ) ;
#1217 = ORGANIZATION ( 'UNSPECIFIED', 'UNSPECIFIED', '' ) ;
#1218 = ORIENTED_EDGE ( 'NONE', *, *, #1133, .T. ) ;
#1219 = EDGE_CURVE ( 'NONE', #1373, #1145, #99, .T. ) ;
#1220 = CARTESIAN_POINT ( 'NONE',  ( -0.7499999999999789100, -1.750000000000002900, 4.750000000000000000 ) ) ;
#1221 = DIRECTION ( 'NONE',  ( 1.000000000000000000, 1.040834085586084500E-016, 0.0000000000000000000 ) ) ;
#1222 = EDGE_CURVE ( 'NONE', #1169, #1145, #83, .T. ) ;
#1223 = DIRECTION ( 'NONE',  ( -6.828485995298276600E-017, 0.6560590289905058300, 0.7547095802227733500 ) ) ;
#1224 = EDGE_CURVE ( 'NONE', #691, #1346, #79, .T. ) ;
#1225 = COORDINATED_UNIVERSAL_TIME_OFFSET ( 3, 0, .AHEAD. ) ;
#1226 = DIRECTION ( 'NONE',  ( 0.8660254037844392600, 7.116227046649707900E-017, 0.4999999999999989500 ) ) ;
#1227 = DIRECTION ( 'NONE',  ( -0.0000000000000000000, -0.7071067811865500200, -0.7071067811865451300 ) ) ;
#1228 = CARTESIAN_POINT ( 'NONE',  ( -4.999999999999996400, -5.000000000000000000, -3.011426524367546000 ) ) ;
#1229 = DIRECTION ( 'NONE',  ( -0.0000000000000000000, -0.0000000000000000000, 1.000000000000000000 ) ) ;
#1230 = PLANE ( 'NONE',  #166 ) ;
#1231 = EDGE_CURVE ( 'NONE', #1346, #1373, #72, .T. ) ;
#1232 = UNCERTAINTY_MEASURE_WITH_UNIT (LENGTH_MEASURE( 1.000000000000000100E-005 ), #70, 'distance_accuracy_value', 'NONE');
#1233 = CARTESIAN_POINT ( 'NONE',  ( -1.250000000000000200, 20.00000000000000000, -4.750000000000000000 ) ) ;
#1234 = ORIENTED_EDGE ( 'NONE', *, *, #1195, .T. ) ;
#1235 = ORIENTED_EDGE ( 'NONE', *, *, #822, .F. ) ;
#1236 = ORIENTED_EDGE ( 'NONE', *, *, #838, .T. ) ;
#1237 = CARTESIAN_POINT ( 'NONE',  ( 19.99999999999999600, -0.7999999999999969400, -3.000000000000000000 ) ) ;
#1238 = ADVANCED_FACE ( 'NONE', ( #66 ), #514, .T. ) ;
#1239 = EDGE_CURVE ( 'NONE', #1273, #989, #63, .T. ) ;
#1240 = CARTESIAN_POINT ( 'NONE',  ( 19.99999999999999600, -1.750000000000001100, -3.000000000000000000 ) ) ;
#1241 = EDGE_CURVE ( 'NONE', #989, #1115, #68, .T. ) ;
#1242 = FACE_OUTER_BOUND ( 'NONE', #653, .T. ) ;
#1243 = DIRECTION ( 'NONE',  ( 1.000000000000000000, 0.0000000000000000000, 0.0000000000000000000 ) ) ;
#1244 = VERTEX_POINT ( 'NONE', #502 ) ;
#1245 = ADVANCED_FACE ( 'NONE', ( #64 ), #51, .T. ) ;
#1246 = ORIENTED_EDGE ( 'NONE', *, *, #1282, .F. ) ;
#1247 = DIRECTION ( 'NONE',  ( -1.040834085586084500E-016, 1.000000000000000000, -0.0000000000000000000 ) ) ;
#1248 = CARTESIAN_POINT ( 'NONE',  ( 12.99999999999999800, -4.999999999999998200, 0.0000000000000000000 ) ) ;
#1249 = VERTEX_POINT ( 'NONE', #473 ) ;
#1250 = VERTEX_POINT ( 'NONE', #470 ) ;
#1251 = EDGE_CURVE ( 'NONE', #1107, #697, #49, .T. ) ;
#1252 = ORIENTED_EDGE ( 'NONE', *, *, #883, .F. ) ;
#1253 = ORIENTED_EDGE ( 'NONE', *, *, #1320, .T. ) ;
#1254 = DIRECTION ( 'NONE',  ( -0.0000000000000000000, -0.0000000000000000000, -1.000000000000000000 ) ) ;
#1255 = ORIENTED_EDGE ( 'NONE', *, *, #847, .F. ) ;
#1256 = EDGE_CURVE ( 'NONE', #1115, #799, #54, .T. ) ;
#1257 = DIRECTION ( 'NONE',  ( 1.000000000000000000, 3.469446951953610700E-016, 0.0000000000000000000 ) ) ;
#1258 = ORIENTED_EDGE ( 'NONE', *, *, #1251, .F. ) ;
#1259 = ORIENTED_EDGE ( 'NONE', *, *, #985, .T. ) ;
#1260 = CARTESIAN_POINT ( 'NONE',  ( -4.999999999999996400, -5.000000000000000000, -3.000000000000000000 ) ) ;
#1261 = DIRECTION ( 'NONE',  ( -1.000000000000000000, 0.0000000000000000000, 0.0000000000000000000 ) ) ;
#1262 = EDGE_CURVE ( 'NONE', #1115, #745, #46, .T. ) ;
#1263 = DATE_AND_TIME ( #75, #387 ) ;
#1264 = DIRECTION ( 'NONE',  ( -0.0000000000000000000, 0.0000000000000000000, -1.000000000000000000 ) ) ;
#1265 = CC_DESIGN_DATE_AND_TIME_ASSIGNMENT ( #117, #6, ( #993 ) ) ;
#1266 = VERTEX_POINT ( 'NONE', #436 ) ;
#1267 = ORIENTED_EDGE ( 'NONE', *, *, #1013, .T. ) ;
#1268 = CARTESIAN_POINT ( 'NONE',  ( -0.8000000000000000400, 19.20000000000000300, -3.000000000000000000 ) ) ;
#1269 = ORIENTED_EDGE ( 'NONE', *, *, #797, .F. ) ;
#1270 = CARTESIAN_POINT ( 'NONE',  ( -3.750000000000000000, 20.00000000000000000, -3.000000000000000000 ) ) ;
#1271 = ORIENTED_EDGE ( 'NONE', *, *, #1256, .T. ) ;
#1272 = ORIENTED_EDGE ( 'NONE', *, *, #1388, .F. ) ;
#1273 = VERTEX_POINT ( 'NONE', #439 ) ;
#1274 = EDGE_CURVE ( 'NONE', #745, #933, #863, .T. ) ;
#1275 = EDGE_LOOP ( 'NONE', ( #573, #1218, #927, #1405, #1130, #888 ) ) ;
#1276 = EDGE_CURVE ( 'NONE', #1346, #989, #38, .T. ) ;
#1277 = DIRECTION ( 'NONE',  ( 1.000000000000000000, 1.040834085586084500E-016, 0.0000000000000000000 ) ) ;
#1278 = CARTESIAN_POINT ( 'NONE',  ( -3.749999999999997800, -4.999999999999997300, 4.750000000000000000 ) ) ;
#1279 = ORIENTED_EDGE ( 'NONE', *, *, #1323, .F. ) ;
#1280 = DIRECTION ( 'NONE',  ( -1.000000000000000000, 0.0000000000000000000, 0.0000000000000000000 ) ) ;
#1281 = CARTESIAN_POINT ( 'NONE',  ( -4.999999999999999100, 14.99999999999999600, 0.0000000000000000000 ) ) ;
#1282 = EDGE_CURVE ( 'NONE', #954, #745, #296, .T. ) ;
#1283 = EDGE_CURVE ( 'NONE', #555, #871, #33, .T. ) ;
#1284 = PERSON_AND_ORGANIZATION_ROLE ( 'classification_officer' ) ;
#1285 = LINE ( 'NONE', #163, #682 ) ;
#1286 = ORIENTED_EDGE ( 'NONE', *, *, #939, .T. ) ;
#1287 = ORIENTED_EDGE ( 'NONE', *, *, #1404, .F. ) ;
#1288 = ORIENTED_EDGE ( 'NONE', *, *, #723, .F. ) ;
#1289 = VERTEX_POINT ( 'NONE', #432 ) ;
#1290 = ORIENTED_EDGE ( 'NONE', *, *, #1175, .F. ) ;
#1291 = ORIENTED_EDGE ( 'NONE', *, *, #637, .F. ) ;
#1292 = DIRECTION ( 'NONE',  ( -1.445602896647339400E-016, 1.000000000000000000, 0.0000000000000000000 ) ) ;
#1293 = ORIENTED_EDGE ( 'NONE', *, *, #804, .F. ) ;
#1294 = VERTEX_POINT ( 'NONE', #366 ) ;
#1295 = EDGE_CURVE ( 'NONE', #983, #862, #37, .T. ) ;
#1296 = ORIENTED_EDGE ( 'NONE', *, *, #721, .T. ) ;
#1297 = AXIS2_PLACEMENT_3D ( 'NONE', #239, #234, #230 ) ;
#1298 = CARTESIAN_POINT ( 'NONE',  ( -1.249999999999995100, 5.000000000000001800, 4.249999999999994700 ) ) ;
#1299 = CARTESIAN_POINT ( 'NONE',  ( 4.686749320818303900E-031, 20.00000000000000000, -3.000000000000000000 ) ) ;
#1300 = CARTESIAN_POINT ( 'NONE',  ( -3.249999999999997300, 5.500000000000001800, 4.750000000000000000 ) ) ;
#1301 = EDGE_CURVE ( 'NONE', #710, #1083, #32, .T. ) ;
#1302 = PERSON_AND_ORGANIZATION ( #290, #1217 ) ;
#1303 = ORIENTED_EDGE ( 'NONE', *, *, #864, .F. ) ;
#1304 = ORIENTED_EDGE ( 'NONE', *, *, #1330, .F. ) ;
#1305 = CARTESIAN_POINT ( 'NONE',  ( -3.750000000000000000, 20.00000000000000000, 4.249999999999995600 ) ) ;
#1306 = ORIENTED_EDGE ( 'NONE', *, *, #868, .F. ) ;
#1307 = ORIENTED_EDGE ( 'NONE', *, *, #677, .F. ) ;
#1308 = ORIENTED_EDGE ( 'NONE', *, *, #1196, .F. ) ;
#1309 = ORIENTED_EDGE ( 'NONE', *, *, #677, .T. ) ;
#1310 = VERTEX_POINT ( 'NONE', #350 ) ;
#1311 = DIRECTION ( 'NONE',  ( 1.000000000000000000, 3.469446951953610700E-016, 0.0000000000000000000 ) ) ;
#1312 = MANIFOLD_SOLID_BREP ( 'Fillet1', #1042 ) ;
#1313 = EDGE_CURVE ( 'NONE', #799, #820, #15, .T. ) ;
#1314 = EDGE_LOOP ( 'NONE', ( #640, #1338, #991, #713 ) ) ;
#1315 = DIRECTION ( 'NONE',  ( -3.469446951953614200E-016, 1.000000000000000000, 0.0000000000000000000 ) ) ;
#1316 = CARTESIAN_POINT ( 'NONE',  ( -3.749999999999997800, 5.000000000000000900, -3.000000000000000000 ) ) ;
#1317 = ORIENTED_EDGE ( 'NONE', *, *, #702, .T. ) ;
#1318 = LINE ( 'NONE', #169, #94 ) ;
#1319 = CARTESIAN_POINT ( 'NONE',  ( -1.250000000000000200, 20.00000000000000000, -3.000000000000000000 ) ) ;
#1320 = EDGE_CURVE ( 'NONE', #1159, #1105, #30, .T. ) ;
#1321 = ORIENTED_EDGE ( 'NONE', *, *, #904, .F. ) ;
#1322 = VERTEX_POINT ( 'NONE', #339 ) ;
#1323 = EDGE_CURVE ( 'NONE', #570, #1250, #8, .T. ) ;
#1324 = EDGE_LOOP ( 'NONE', ( #1087, #840, #533, #1146 ) ) ;
#1325 = ORIENTED_EDGE ( 'NONE', *, *, #1123, .T. ) ;
#1326 = CARTESIAN_POINT ( 'NONE',  ( -5.000000000000000000, 19.20000000000000300, 3.000000000000000000 ) ) ;
#1327 = ORIENTED_EDGE ( 'NONE', *, *, #656, .T. ) ;
#1328 = VERTEX_POINT ( 'NONE', #358 ) ;
#1329 = ORIENTED_EDGE ( 'NONE', *, *, #816, .T. ) ;
#1330 = EDGE_CURVE ( 'NONE', #1250, #1343, #26, .T. ) ;
#1331 = DIRECTION ( 'NONE',  ( -1.000000000000000000, 0.0000000000000000000, 0.0000000000000000000 ) ) ;
#1332 = DIRECTION ( 'NONE',  ( -0.0000000000000000000, 0.0000000000000000000, -1.000000000000000000 ) ) ;
#1333 = CARTESIAN_POINT ( 'NONE',  ( -4.200000000000000200, 19.20000000000000300, -3.000000000000000000 ) ) ;
#1334 = PERSON_AND_ORGANIZATION ( #290, #1217 ) ;
#1335 = ADVANCED_FACE ( 'NONE', ( #1189 ), #313, .T. ) ;
#1336 = ORIENTED_EDGE ( 'NONE', *, *, #939, .F. ) ;
#1337 = DIRECTION ( 'NONE',  ( 1.445602896647339400E-016, -1.000000000000000000, 0.0000000000000000000 ) ) ;
#1338 = ORIENTED_EDGE ( 'NONE', *, *, #1098, .F. ) ;
#1339 = EDGE_CURVE ( 'NONE', #629, #1000, #547, .T. ) ;
#1340 = ORIENTED_EDGE ( 'NONE', *, *, #1114, .T. ) ;
#1341 = ORIENTED_EDGE ( 'NONE', *, *, #776, .F. ) ;
#1342 = PRODUCT_DEFINITION_FORMATION_WITH_SPECIFIED_SOURCE ( 'ANY', '', #215, .NOT_KNOWN. ) ;
#1343 = VERTEX_POINT ( 'NONE', #276 ) ;
#1344 = ORIENTED_EDGE ( 'NONE', *, *, #873, .F. ) ;
#1345 = DIRECTION ( 'NONE',  ( 0.0000000000000000000, 0.0000000000000000000, 1.000000000000000000 ) ) ;
#1346 = VERTEX_POINT ( 'NONE', #309 ) ;
#1347 = DIRECTION ( 'NONE',  ( -1.000000000000000000, -2.220446049250313100E-016, -0.0000000000000000000 ) ) ;
#1348 = EDGE_CURVE ( 'NONE', #629, #1392, #12, .T. ) ;
#1349 = CARTESIAN_POINT ( 'NONE',  ( -2.886579864025406600E-015, 12.99999999999999800, 0.0000000000000000000 ) ) ;
#1350 = EDGE_CURVE ( 'NONE', #1294, #954, #1163, .T. ) ;
#1351 = LINE ( 'NONE', #168, #979 ) ;
#1352 = ADVANCED_FACE ( 'NONE', ( #1390 ), #277, .T. ) ;
#1353 = CARTESIAN_POINT ( 'NONE',  ( 19.99999999999999600, -1.750000000000001100, -3.017949192431122800 ) ) ;
#1354 = ORIENTED_EDGE ( 'NONE', *, *, #1348, .T. ) ;
#1355 = EDGE_CURVE ( 'NONE', #1007, #1244, #244, .T. ) ;
#1356 = ORIENTED_EDGE ( 'NONE', *, *, #843, .T. ) ;
#1357 = ORIENTED_EDGE ( 'NONE', *, *, #963, .T. ) ;
#1358 = ORIENTED_EDGE ( 'NONE', *, *, #1013, .F. ) ;
#1359 = ORIENTED_EDGE ( 'NONE', *, *, #892, .F. ) ;
#1360 = VERTEX_POINT ( 'NONE', #243 ) ;
#1361 = ORIENTED_EDGE ( 'NONE', *, *, #1224, .T. ) ;
#1362 = ADVANCED_FACE ( 'NONE', ( #1125 ), #260, .F. ) ;
#1363 = ORIENTED_EDGE ( 'NONE', *, *, #1209, .T. ) ;
#1364 = DIRECTION ( 'NONE',  ( 0.0000000000000000000, 0.0000000000000000000, 1.000000000000000000 ) ) ;
#1365 = ORIENTED_EDGE ( 'NONE', *, *, #1231, .F. ) ;
#1366 = CARTESIAN_POINT ( 'NONE',  ( 0.0000000000000000000, 0.0000000000000000000, -3.000000000000000000 ) ) ;
#1367 = CARTESIAN_POINT ( 'NONE',  ( 19.99999999999999600, -1.750000000000001100, 3.017949192431121000 ) ) ;
#1368 = EDGE_CURVE ( 'NONE', #830, #1322, #796, .T. ) ;
#1369 = CARTESIAN_POINT ( 'NONE',  ( -3.750000000000000000, 20.00000000000000000, -3.000000000000000000 ) ) ;
#1370 = ADVANCED_FACE ( 'NONE', ( #167 ), #222, .F. ) ;
#1371 = COORDINATED_UNIVERSAL_TIME_OFFSET ( 3, 0, .AHEAD. ) ;
#1372 = DIRECTION ( 'NONE',  ( -3.469446951953614700E-016, 1.000000000000000000, 0.0000000000000000000 ) ) ;
#1373 = VERTEX_POINT ( 'NONE', #240 ) ;
#1374 = EDGE_LOOP ( 'NONE', ( #972, #1269 ) ) ;
#1375 = DIRECTION ( 'NONE',  ( 1.000000000000000000, 3.469446951953614700E-016, 0.0000000000000000000 ) ) ;
#1376 = CARTESIAN_POINT ( 'NONE',  ( -1.250000000000000200, 20.00000000000000000, -4.750000000000000000 ) ) ;
#1377 = ORIENTED_EDGE ( 'NONE', *, *, #1378, .T. ) ;
#1378 = EDGE_CURVE ( 'NONE', #1132, #1289, #478, .T. ) ;
#1379 = VERTEX_POINT ( 'NONE', #198 ) ;
#1380 = ORIENTED_EDGE ( 'NONE', *, *, #1378, .F. ) ;
#1381 = ORIENTED_EDGE ( 'NONE', *, *, #1001, .F. ) ;
#1382 = EDGE_CURVE ( 'NONE', #592, #785, #761, .T. ) ;
#1383 = CARTESIAN_POINT ( 'NONE',  ( 4.686749320818303900E-031, 20.00000000000000000, -3.000000000000000000 ) ) ;
#1384 = DIRECTION ( 'NONE',  ( -0.8660254037844397100, -7.116227046649712900E-017, 0.4999999999999981700 ) ) ;
#1385 = ORIENTED_EDGE ( 'NONE', *, *, #1416, .T. ) ;
#1386 = APPROVAL_ROLE ( '' ) ;
#1387 = CARTESIAN_POINT ( 'NONE',  ( 0.0000000000000000000, 0.0000000000000000000, 3.000000000000000000 ) ) ;
#1388 = EDGE_CURVE ( 'NONE', #799, #1273, #135, .T. ) ;
#1389 = DIRECTION ( 'NONE',  ( -1.000000000000000000, 0.0000000000000000000, 0.0000000000000000000 ) ) ;
#1390 = FACE_OUTER_BOUND ( 'NONE', #767, .T. ) ;
#1391 = DIRECTION ( 'NONE',  ( 2.343374660409152100E-032, 1.000000000000000000, 0.0000000000000000000 ) ) ;
#1392 = VERTEX_POINT ( 'NONE', #189 ) ;
#1393 = EDGE_CURVE ( 'NONE', #785, #664, #1318, .T. ) ;
#1394 = APPROVAL_STATUS ( 'not_yet_approved' ) ;
#1395 = EDGE_CURVE ( 'NONE', #592, #1328, #726, .T. ) ;
#1396 = PLANE ( 'NONE',  #201 ) ;
#1397 = CARTESIAN_POINT ( 'NONE',  ( 4.499279347985572400E-031, 19.20000000000000300, -3.000000000000000000 ) ) ;
#1398 = DIRECTION ( 'NONE',  ( 0.0000000000000000000, 0.0000000000000000000, -1.000000000000000000 ) ) ;
#1399 = DIRECTION ( 'NONE',  ( 1.000000000000000000, 0.0000000000000000000, 0.0000000000000000000 ) ) ;
#1400 = EDGE_CURVE ( 'NONE', #1322, #1038, #1285, .T. ) ;
#1401 = DIRECTION ( 'NONE',  ( 0.0000000000000000000, 0.0000000000000000000, 1.000000000000000000 ) ) ;
#1402 = DIRECTION ( 'NONE',  ( 0.0000000000000000000, -1.000000000000000000, 0.0000000000000000000 ) ) ;
#1403 = DIRECTION ( 'NONE',  ( -1.000000000000000000, -1.387778780781445400E-016, 0.0000000000000000000 ) ) ;
#1404 = EDGE_CURVE ( 'NONE', #1322, #633, #1014, .T. ) ;
#1405 = ORIENTED_EDGE ( 'NONE', *, *, #1393, .F. ) ;
#1406 = APPROVAL ( #3, 'UNSPECIFIED' ) ;
#1407 = ORIENTED_EDGE ( 'NONE', *, *, #665, .T. ) ;
#1408 = CARTESIAN_POINT ( 'NONE',  ( -4.999999999999999100, 12.99999999999999600, 0.0000000000000000000 ) ) ;
#1409 = EDGE_CURVE ( 'NONE', #1038, #592, #1351, .T. ) ;
#1410 = VECTOR ( 'NONE', #261, 1000.000000000000000 ) ;
#1411 = CARTESIAN_POINT ( 'NONE',  ( 19.72093184554930500, -4.807149085721611900, -3.179069266525479200 ) ) ;
#1412 = VERTEX_POINT ( 'NONE', #138 ) ;
#1413 = FACE_OUTER_BOUND ( 'NONE', #741, .T. ) ;
#1414 = ORIENTED_EDGE ( 'NONE', *, *, #665, .F. ) ;
#1415 = VERTEX_POINT ( 'NONE', #137 ) ;
#1416 = EDGE_CURVE ( 'NONE', #633, #1412, #335, .T. ) ;
#1417 = CARTESIAN_POINT ( 'NONE',  ( 19.99999999999999600, -4.999999999999997300, -3.000000000000000000 ) ) ;
#1418 = CARTESIAN_POINT ( 'NONE',  ( 16.99999999999998900, -1.750000000000001300, 4.749999999999999100 ) ) ;
#1419 = DIRECTION ( 'NONE',  ( -1.445602896647339400E-016, 1.000000000000000000, 0.0000000000000000000 ) ) ;
#1420 = DIRECTION ( 'NONE',  ( 1.000000000000000000, 1.445602896647339400E-016, -0.0000000000000000000 ) ) ;
#1421 = PLANE ( 'NONE',  #225 ) ;
#1422 = EDGE_LOOP ( 'NONE', ( #1296, #689, #1041, #787 ) ) ;
#1423 = CARTESIAN_POINT ( 'NONE',  ( -3.750000000000000000, 20.00000000000000000, 4.750000000000000000 ) ) ;
#1424 = AXIS2_PLACEMENT_3D ( 'NONE', #219, #217, #211 ) ;
#1425 = PLANE ( 'NONE',  #245 ) ;
#1426 = ADVANCED_FACE ( 'NONE', ( #1242 ), #132, .F. ) ;
#1427 = ORIENTED_EDGE ( 'NONE', *, *, #1409, .T. ) ;
#1428 = PRODUCT_DEFINITION_SHAPE ( 'NONE', 'NONE',  #993 ) ;
#1429 = CARTESIAN_POINT ( 'NONE',  ( -3.749999999999997800, -4.992496528728874100, -3.017949192431121000 ) ) ;
#1430 = DATE_AND_TIME ( #278, #586 ) ;
#1431 = ADVANCED_FACE ( 'NONE', ( #373 ), #134, .T. ) ;
#1432 = DIRECTION ( 'NONE',  ( -0.0000000000000000000, -0.0000000000000000000, -1.000000000000000000 ) ) ;
#1433 = CARTESIAN_POINT ( 'NONE',  ( -5.000000000000000000, 20.00000000000000000, -3.000000000000000000 ) ) ;
#1434 = DIRECTION ( 'NONE',  ( 1.387778780781445700E-016, -1.000000000000000000, 0.0000000000000000000 ) ) ;
#1435 = DIRECTION ( 'NONE',  ( -0.0000000000000000000, 1.000000000000000000, -0.0000000000000000000 ) ) ;
#1436 = ADVANCED_FACE ( 'NONE', ( #938 ), #1439, .F. ) ;
#1437 = DIRECTION ( 'NONE',  ( 0.0000000000000000000, 0.0000000000000000000, 1.000000000000000000 ) ) ;
#1438 = DIRECTION ( 'NONE',  ( 0.0000000000000000000, 1.000000000000000000, 0.0000000000000000000 ) ) ;
#1439 = CYLINDRICAL_SURFACE ( 'NONE', #417, 2.000000000000000000 ) ;
#1440 = CARTESIAN_POINT ( 'NONE',  ( 12.99999999999999800, 0.0000000000000000000, 0.0000000000000000000 ) ) ;
#1441 = DIRECTION ( 'NONE',  ( 1.387778780781445700E-016, -1.000000000000000000, 0.0000000000000000000 ) ) ;
#1442 = ORIENTED_EDGE ( 'NONE', *, *, #1262, .F. ) ;
#1443 = ADVANCED_FACE ( 'NONE', ( #607 ), #84, .T. ) ;
#1444 = CARTESIAN_POINT ( 'NONE',  ( -5.000000000000000000, 19.20000000000000300, -3.000000000000000000 ) ) ;
#1445 = CARTESIAN_POINT ( 'NONE',  ( 19.72093184554930900, -4.807149085721612800, 3.179069266525479600 ) ) ;
ENDSEC;
END-ISO-10303-21;
