SolidWorks IGES file using analytic representation for surfaces         S      1
1H,,1H;,23H2020_int_L_joint.SLDPRT,71HE:\3D printer\1-SquareBOT\Metal\InG      1
ternal L-bracket\2020_int_L_joint.IGS,15HSolidWorks 2013,15HSolidWorks 2G      2
013,32,308,15,308,15,23H2020_int_L_joint.SLDPRT,1.,2,2HMM,50,0.125,13H16G      3
1030.203751,1E-008,499990.,5HAdmin,,11,0,13H161030.203751;              G      4
     314       1       0       0       0                        00000200D      1
     314       0       8       1       0                               0D      2
     110       2       0       0       0                        01010000D      3
     110       0       0       1       0                               0D      4
     110       3       0       0       0                        01010000D      5
     110       0       0       1       0                               0D      6
     120       4       0       0       0                        01010000D      7
     120       0       0       1       0                               0D      8
     126       5       0       0       0                        01010500D      9
     126       0       0       2       0                               0D     10
     110       7       0       0       0                        01010000D     11
     110       0       0       1       0                               0D     12
     126       8       0       0       0                        01010500D     13
     126       0       0       2       0                               0D     14
     124      10       0       0       0                        00000000D     15
     124       0       0       4       0                               0D     16
     100      14       0       0       0              15        01010000D     17
     100       0       0       1       0                               0D     18
     126      15       0       0       0                        01010500D     19
     126       0       0       2       0                               0D     20
     110      17       0       0       0                        01010000D     21
     110       0       0       1       0                               0D     22
     126      18       0       0       0                        01010500D     23
     126       0       0       2       0                               0D     24
     124      20       0       0       0                        00000000D     25
     124       0       0       4       0                               0D     26
     100      24       0       0       0              25        01010000D     27
     100       0       0       1       0                               0D     28
     102      25       0       0       0                        01010500D     29
     102       0       0       1       0                               0D     30
     102      26       0       0       0                        01010000D     31
     102       0       0       1       0                               0D     32
     142      27       0       0       0                        00010500D     33
     142       0       0       1       0                               0D     34
     144      28       0       0       0                        00000000D     35
     144       0      -1       1       0                               0D     36
     110      29       0       0       0                        01010000D     37
     110       0       0       1       0                               0D     38
     110      30       0       0       0                        01010000D     39
     110       0       0       1       0                               0D     40
     120      31       0       0       0                        01010000D     41
     120       0       0       1       0                               0D     42
     126      32       0       0       0                        01010500D     43
     126       0       0       2       0                               0D     44
     110      34       0       0       0                        01010000D     45
     110       0       0       1       0                               0D     46
     126      35       0       0       0                        01010500D     47
     126       0       0       2       0                               0D     48
     124      37       0       0       0                        00000000D     49
     124       0       0       3       0                               0D     50
     100      40       0       0       0              49        01010000D     51
     100       0       0       1       0                               0D     52
     126      41       0       0       0                        01010500D     53
     126       0       0       2       0                               0D     54
     110      43       0       0       0                        01010000D     55
     110       0       0       1       0                               0D     56
     126      44       0       0       0                        01010500D     57
     126       0       0       2       0                               0D     58
     124      46       0       0       0                        00000000D     59
     124       0       0       3       0                               0D     60
     100      49       0       0       0              59        01010000D     61
     100       0       0       1       0                               0D     62
     102      50       0       0       0                        01010500D     63
     102       0       0       1       0                               0D     64
     102      51       0       0       0                        01010000D     65
     102       0       0       1       0                               0D     66
     142      52       0       0       0                        00010500D     67
     142       0       0       1       0                               0D     68
     144      53       0       0       0                        00000000D     69
     144       0      -1       1       0                               0D     70
     128      54       0       0       0                        01010000D     71
     128       0       0       2       0                               0D     72
     126      56       0       0       0                        01010500D     73
     126       0       0       2       0                               0D     74
     110      58       0       0       0                        01010000D     75
     110       0       0       1       0                               0D     76
     126      59       0       0       0                        01010500D     77
     126       0       0       2       0                               0D     78
     110      61       0       0       0                        01010000D     79
     110       0       0       1       0                               0D     80
     126      62       0       0       0                        01010500D     81
     126       0       0       2       0                               0D     82
     110      64       0       0       0                        01010000D     83
     110       0       0       1       0                               0D     84
     126      65       0       0       0                        01010500D     85
     126       0       0       2       0                               0D     86
     110      67       0       0       0                        01010000D     87
     110       0       0       1       0                               0D     88
     102      68       0       0       0                        01010500D     89
     102       0       0       1       0                               0D     90
     102      69       0       0       0                        01010000D     91
     102       0       0       1       0                               0D     92
     142      70       0       0       0                        00010500D     93
     142       0       0       1       0                               0D     94
     126      71       0       0       0                        01010500D     95
     126       0       0      11       0                               0D     96
     124      82       0       0       0                        00000000D     97
     124       0       0       4       0                               0D     98
     100      86       0       0       0              97        01010000D     99
     100       0       0       1       0                               0D    100
     126      87       0       0       0                        01010500D    101
     126       0       0      11       0                               0D    102
     124      98       0       0       0                        00000000D    103
     124       0       0       3       0                               0D    104
     100     101       0       0       0             103        01010000D    105
     100       0       0       1       0                               0D    106
     102     102       0       0       0                        01010500D    107
     102       0       0       1       0                               0D    108
     102     103       0       0       0                        01010000D    109
     102       0       0       1       0                               0D    110
     142     104       0       0       0                        00010500D    111
     142       0       0       1       0                               0D    112
     144     105       0       0       0                        00000000D    113
     144       0      -1       1       0                               0D    114
     128     106       0       0       0                        01010000D    115
     128       0       0       2       0                               0D    116
     126     108       0       0       0                        01010500D    117
     126       0       0       2       0                               0D    118
     110     110       0       0       0                        01010000D    119
     110       0       0       1       0                               0D    120
     126     111       0       0       0                        01010500D    121
     126       0       0       2       0                               0D    122
     110     113       0       0       0                        01010000D    123
     110       0       0       1       0                               0D    124
     126     114       0       0       0                        01010500D    125
     126       0       0       2       0                               0D    126
     110     116       0       0       0                        01010000D    127
     110       0       0       1       0                               0D    128
     126     117       0       0       0                        01010500D    129
     126       0       0       2       0                               0D    130
     110     119       0       0       0                        01010000D    131
     110       0       0       1       0                               0D    132
     102     120       0       0       0                        01010500D    133
     102       0       0       1       0                               0D    134
     102     121       0       0       0                        01010000D    135
     102       0       0       1       0                               0D    136
     142     122       0       0       0                        00010500D    137
     142       0       0       1       0                               0D    138
     126     123       0       0       0                        01010500D    139
     126       0       0      11       0                               0D    140
     124     134       0       0       0                        00000000D    141
     124       0       0       4       0                               0D    142
     100     138       0       0       0             141        01010000D    143
     100       0       0       1       0                               0D    144
     126     139       0       0       0                        01010500D    145
     126       0       0      11       0                               0D    146
     124     150       0       0       0                        00000000D    147
     124       0       0       4       0                               0D    148
     100     154       0       0       0             147        01010000D    149
     100       0       0       1       0                               0D    150
     102     155       0       0       0                        01010500D    151
     102       0       0       1       0                               0D    152
     102     156       0       0       0                        01010000D    153
     102       0       0       1       0                               0D    154
     142     157       0       0       0                        00010500D    155
     142       0       0       1       0                               0D    156
     144     158       0       0       0                        00000000D    157
     144       0      -1       1       0                               0D    158
     128     159       0       0       0                        01010000D    159
     128       0       0       2       0                               0D    160
     126     161       0       0       0                        01010500D    161
     126       0       0       2       0                               0D    162
     110     163       0       0       0                        01010000D    163
     110       0       0       1       0                               0D    164
     126     164       0       0       0                        01010500D    165
     126       0       0       6       0                               0D    166
     124     170       0       0       0                        00000000D    167
     124       0       0       4       0                               0D    168
     100     174       0       0       0             167        01010000D    169
     100       0       0       1       0                               0D    170
     126     175       0       0       0                        01010500D    171
     126       0       0       2       0                               0D    172
     110     177       0       0       0                        01010000D    173
     110       0       0       1       0                               0D    174
     126     178       0       0       0                        01010500D    175
     126       0       0       2       0                               0D    176
     110     180       0       0       0                        01010000D    177
     110       0       0       1       0                               0D    178
     126     181       0       0       0                        01010500D    179
     126       0       0       2       0                               0D    180
     110     183       0       0       0                        01010000D    181
     110       0       0       1       0                               0D    182
     126     184       0       0       0                        01010500D    183
     126       0       0       2       0                               0D    184
     110     186       0       0       0                        01010000D    185
     110       0       0       1       0                               0D    186
     126     187       0       0       0                        01010500D    187
     126       0       0       2       0                               0D    188
     110     189       0       0       0                        01010000D    189
     110       0       0       1       0                               0D    190
     126     190       0       0       0                        01010500D    191
     126       0       0       6       0                               0D    192
     124     196       0       0       0                        00000000D    193
     124       0       0       3       0                               0D    194
     100     199       0       0       0             193        01010000D    195
     100       0       0       1       0                               0D    196
     126     200       0       0       0                        01010500D    197
     126       0       0       2       0                               0D    198
     110     202       0       0       0                        01010000D    199
     110       0       0       1       0                               0D    200
     126     203       0       0       0                        01010500D    201
     126       0       0       2       0                               0D    202
     110     205       0       0       0                        01010000D    203
     110       0       0       1       0                               0D    204
     126     206       0       0       0                        01010500D    205
     126       0       0       6       0                               0D    206
     124     212       0       0       0                        00000000D    207
     124       0       0       4       0                               0D    208
     100     216       0       0       0             207        01010000D    209
     100       0       0       1       0                               0D    210
     126     217       0       0       0                        01010500D    211
     126       0       0       2       0                               0D    212
     110     219       0       0       0                        01010000D    213
     110       0       0       1       0                               0D    214
     126     220       0       0       0                        01010500D    215
     126       0       0       2       0                               0D    216
     110     222       0       0       0                        01010000D    217
     110       0       0       1       0                               0D    218
     126     223       0       0       0                        01010500D    219
     126       0       0       2       0                               0D    220
     110     225       0       0       0                        01010000D    221
     110       0       0       1       0                               0D    222
     126     226       0       0       0                        01010500D    223
     126       0       0       2       0                               0D    224
     110     228       0       0       0                        01010000D    225
     110       0       0       1       0                               0D    226
     102     229       0       0       0                        01010500D    227
     102       0       0       2       0                               0D    228
     102     231       0       0       0                        01010000D    229
     102       0       0       2       0                               0D    230
     142     233       0       0       0                        00010500D    231
     142       0       0       1       0                               0D    232
     144     234       0       0       0                        00000000D    233
     144       0      -1       1       0                               0D    234
     128     235       0       0       0                        01010000D    235
     128       0       0       2       0                               0D    236
     126     237       0       0       0                        01010500D    237
     126       0       0       2       0                               0D    238
     110     239       0       0       0                        01010000D    239
     110       0       0       1       0                               0D    240
     126     240       0       0       0                        01010500D    241
     126       0       0       2       0                               0D    242
     110     242       0       0       0                        01010000D    243
     110       0       0       1       0                               0D    244
     126     243       0       0       0                        01010500D    245
     126       0       0       2       0                               0D    246
     110     245       0       0       0                        01010000D    247
     110       0       0       1       0                               0D    248
     126     246       0       0       0                        01010500D    249
     126       0       0       2       0                               0D    250
     110     248       0       0       0                        01010000D    251
     110       0       0       1       0                               0D    252
     126     249       0       0       0                        01010500D    253
     126       0       0       6       0                               0D    254
     124     255       0       0       0                        00000000D    255
     124       0       0       3       0                               0D    256
     100     258       0       0       0             255        01010000D    257
     100       0       0       1       0                               0D    258
     126     259       0       0       0                        01010500D    259
     126       0       0       2       0                               0D    260
     110     261       0       0       0                        01010000D    261
     110       0       0       1       0                               0D    262
     126     262       0       0       0                        01010500D    263
     126       0       0       2       0                               0D    264
     110     264       0       0       0                        01010000D    265
     110       0       0       1       0                               0D    266
     126     265       0       0       0                        01010500D    267
     126       0       0       6       0                               0D    268
     124     271       0       0       0                        00000000D    269
     124       0       0       4       0                               0D    270
     100     275       0       0       0             269        01010000D    271
     100       0       0       1       0                               0D    272
     126     276       0       0       0                        01010500D    273
     126       0       0       2       0                               0D    274
     110     278       0       0       0                        01010000D    275
     110       0       0       1       0                               0D    276
     126     279       0       0       0                        01010500D    277
     126       0       0       2       0                               0D    278
     110     281       0       0       0                        01010000D    279
     110       0       0       1       0                               0D    280
     126     282       0       0       0                        01010500D    281
     126       0       0       2       0                               0D    282
     110     284       0       0       0                        01010000D    283
     110       0       0       1       0                               0D    284
     126     285       0       0       0                        01010500D    285
     126       0       0       2       0                               0D    286
     110     287       0       0       0                        01010000D    287
     110       0       0       1       0                               0D    288
     126     288       0       0       0                        01010500D    289
     126       0       0       2       0                               0D    290
     110     290       0       0       0                        01010000D    291
     110       0       0       1       0                               0D    292
     126     291       0       0       0                        01010500D    293
     126       0       0       6       0                               0D    294
     124     297       0       0       0                        00000000D    295
     124       0       0       4       0                               0D    296
     100     301       0       0       0             295        01010000D    297
     100       0       0       1       0                               0D    298
     126     302       0       0       0                        01010500D    299
     126       0       0       2       0                               0D    300
     110     304       0       0       0                        01010000D    301
     110       0       0       1       0                               0D    302
     102     305       0       0       0                        01010500D    303
     102       0       0       2       0                               0D    304
     102     307       0       0       0                        01010000D    305
     102       0       0       2       0                               0D    306
     142     309       0       0       0                        00010500D    307
     142       0       0       1       0                               0D    308
     144     310       0       0       0                        00000000D    309
     144       0      -1       1       0                               0D    310
     128     311       0       0       0                        01010000D    311
     128       0       0       2       0                               0D    312
     126     313       0       0       0                        01010500D    313
     126       0       0       2       0                               0D    314
     110     315       0       0       0                        01010000D    315
     110       0       0       1       0                               0D    316
     126     316       0       0       0                        01010500D    317
     126       0       0       2       0                               0D    318
     110     318       0       0       0                        01010000D    319
     110       0       0       1       0                               0D    320
     126     319       0       0       0                        01010500D    321
     126       0       0       2       0                               0D    322
     110     321       0       0       0                        01010000D    323
     110       0       0       1       0                               0D    324
     126     322       0       0       0                        01010500D    325
     126       0       0       2       0                               0D    326
     110     324       0       0       0                        01010000D    327
     110       0       0       1       0                               0D    328
     102     325       0       0       0                        01010500D    329
     102       0       0       1       0                               0D    330
     102     326       0       0       0                        01010000D    331
     102       0       0       1       0                               0D    332
     142     327       0       0       0                        00010500D    333
     142       0       0       1       0                               0D    334
     126     328       0       0       0                        01010500D    335
     126       0       0      11       0                               0D    336
     124     339       0       0       0                        00000000D    337
     124       0       0       4       0                               0D    338
     100     343       0       0       0             337        01010000D    339
     100       0       0       1       0                               0D    340
     126     344       0       0       0                        01010500D    341
     126       0       0      11       0                               0D    342
     124     355       0       0       0                        00000000D    343
     124       0       0       3       0                               0D    344
     100     358       0       0       0             343        01010000D    345
     100       0       0       1       0                               0D    346
     102     359       0       0       0                        01010500D    347
     102       0       0       1       0                               0D    348
     102     360       0       0       0                        01010000D    349
     102       0       0       1       0                               0D    350
     142     361       0       0       0                        00010500D    351
     142       0       0       1       0                               0D    352
     144     362       0       0       0                        00000000D    353
     144       0      -1       1       0                               0D    354
     128     363       0       0       0                        01010000D    355
     128       0       0       3       0                               0D    356
     126     366       0       0       0                        01010500D    357
     126       0       0       2       0                               0D    358
     110     368       0       0       0                        01010000D    359
     110       0       0       1       0                               0D    360
     126     369       0       0       0                        01010500D    361
     126       0       0       2       0                               0D    362
     110     371       0       0       0                        01010000D    363
     110       0       0       1       0                               0D    364
     126     372       0       0       0                        01010500D    365
     126       0       0       2       0                               0D    366
     110     374       0       0       0                        01010000D    367
     110       0       0       1       0                               0D    368
     126     375       0       0       0                        01010500D    369
     126       0       0       2       0                               0D    370
     110     377       0       0       0                        01010000D    371
     110       0       0       1       0                               0D    372
     126     378       0       0       0                        01010500D    373
     126       0       0       2       0                               0D    374
     110     380       0       0       0                        01010000D    375
     110       0       0       1       0                               0D    376
     126     381       0       0       0                        01010500D    377
     126       0       0       2       0                               0D    378
     110     383       0       0       0                        01010000D    379
     110       0       0       1       0                               0D    380
     126     384       0       0       0                        01010500D    381
     126       0       0       2       0                               0D    382
     110     386       0       0       0                        01010000D    383
     110       0       0       1       0                               0D    384
     126     387       0       0       0                        01010500D    385
     126       0       0       2       0                               0D    386
     110     389       0       0       0                        01010000D    387
     110       0       0       1       0                               0D    388
     102     390       0       0       0                        01010500D    389
     102       0       0       1       0                               0D    390
     102     391       0       0       0                        01010000D    391
     102       0       0       1       0                               0D    392
     142     392       0       0       0                        00010500D    393
     142       0       0       1       0                               0D    394
     144     393       0       0       0                        00000000D    395
     144       0      -1       1       0                               0D    396
     128     394       0       0       0                        01010000D    397
     128       0       0       3       0                               0D    398
     126     397       0       0       0                        01010500D    399
     126       0       0       2       0                               0D    400
     110     399       0       0       0                        01010000D    401
     110       0       0       1       0                               0D    402
     126     400       0       0       0                        01010500D    403
     126       0       0       2       0                               0D    404
     110     402       0       0       0                        01010000D    405
     110       0       0       1       0                               0D    406
     126     403       0       0       0                        01010500D    407
     126       0       0       2       0                               0D    408
     110     405       0       0       0                        01010000D    409
     110       0       0       1       0                               0D    410
     126     406       0       0       0                        01010500D    411
     126       0       0       2       0                               0D    412
     110     408       0       0       0                        01010000D    413
     110       0       0       1       0                               0D    414
     126     409       0       0       0                        01010500D    415
     126       0       0       2       0                               0D    416
     110     411       0       0       0                        01010000D    417
     110       0       0       1       0                               0D    418
     126     412       0       0       0                        01010500D    419
     126       0       0       2       0                               0D    420
     110     414       0       0       0                        01010000D    421
     110       0       0       1       0                               0D    422
     126     415       0       0       0                        01010500D    423
     126       0       0       2       0                               0D    424
     110     417       0       0       0                        01010000D    425
     110       0       0       1       0                               0D    426
     126     418       0       0       0                        01010500D    427
     126       0       0       2       0                               0D    428
     110     420       0       0       0                        01010000D    429
     110       0       0       1       0                               0D    430
     102     421       0       0       0                        01010500D    431
     102       0       0       1       0                               0D    432
     102     422       0       0       0                        01010000D    433
     102       0       0       1       0                               0D    434
     142     423       0       0       0                        00010500D    435
     142       0       0       1       0                               0D    436
     126     424       0       0       0                        01010500D    437
     126       0       0      11       0                               0D    438
     124     435       0       0       0                        00000000D    439
     124       0       0       4       0                               0D    440
     100     439       0       0       0             439        01010000D    441
     100       0       0       1       0                               0D    442
     126     440       0       0       0                        01010500D    443
     126       0       0      11       0                               0D    444
     124     451       0       0       0                        00000000D    445
     124       0       0       3       0                               0D    446
     100     454       0       0       0             445        01010000D    447
     100       0       0       1       0                               0D    448
     102     455       0       0       0                        01010500D    449
     102       0       0       1       0                               0D    450
     102     456       0       0       0                        01010000D    451
     102       0       0       1       0                               0D    452
     142     457       0       0       0                        00010500D    453
     142       0       0       1       0                               0D    454
     144     458       0       0       0                        00000000D    455
     144       0      -1       1       0                               0D    456
     128     459       0       0       0                        01010000D    457
     128       0       0       3       0                               0D    458
     126     462       0       0       0                        01010500D    459
     126       0       0       2       0                               0D    460
     110     464       0       0       0                        01010000D    461
     110       0       0       1       0                               0D    462
     126     465       0       0       0                        01010500D    463
     126       0       0       2       0                               0D    464
     110     467       0       0       0                        01010000D    465
     110       0       0       1       0                               0D    466
     126     468       0       0       0                        01010500D    467
     126       0       0       2       0                               0D    468
     110     470       0       0       0                        01010000D    469
     110       0       0       1       0                               0D    470
     126     471       0       0       0                        01010500D    471
     126       0       0       2       0                               0D    472
     110     473       0       0       0                        01010000D    473
     110       0       0       1       0                               0D    474
     126     474       0       0       0                        01010500D    475
     126       0       0       2       0                               0D    476
     110     476       0       0       0                        01010000D    477
     110       0       0       1       0                               0D    478
     126     477       0       0       0                        01010500D    479
     126       0       0       2       0                               0D    480
     110     479       0       0       0                        01010000D    481
     110       0       0       1       0                               0D    482
     126     480       0       0       0                        01010500D    483
     126       0       0       2       0                               0D    484
     110     482       0       0       0                        01010000D    485
     110       0       0       1       0                               0D    486
     126     483       0       0       0                        01010500D    487
     126       0       0       2       0                               0D    488
     110     485       0       0       0                        01010000D    489
     110       0       0       1       0                               0D    490
     126     486       0       0       0                        01010500D    491
     126       0       0       2       0                               0D    492
     110     488       0       0       0                        01010000D    493
     110       0       0       1       0                               0D    494
     126     489       0       0       0                        01010500D    495
     126       0       0       2       0                               0D    496
     110     491       0       0       0                        01010000D    497
     110       0       0       1       0                               0D    498
     126     492       0       0       0                        01010500D    499
     126       0       0       2       0                               0D    500
     110     494       0       0       0                        01010000D    501
     110       0       0       1       0                               0D    502
     126     495       0       0       0                        01010500D    503
     126       0       0       2       0                               0D    504
     110     497       0       0       0                        01010000D    505
     110       0       0       1       0                               0D    506
     102     498       0       0       0                        01010500D    507
     102       0       0       1       0                               0D    508
     102     499       0       0       0                        01010000D    509
     102       0       0       1       0                               0D    510
     142     500       0       0       0                        00010500D    511
     142       0       0       1       0                               0D    512
     144     501       0       0       0                        00000000D    513
     144       0      -1       1       0                               0D    514
     128     502       0       0       0                        01010000D    515
     128       0       0       3       0                               0D    516
     126     505       0       0       0                        01010500D    517
     126       0       0       2       0                               0D    518
     110     507       0       0       0                        01010000D    519
     110       0       0       1       0                               0D    520
     126     508       0       0       0                        01010500D    521
     126       0       0       2       0                               0D    522
     110     510       0       0       0                        01010000D    523
     110       0       0       1       0                               0D    524
     126     511       0       0       0                        01010500D    525
     126       0       0       2       0                               0D    526
     110     513       0       0       0                        01010000D    527
     110       0       0       1       0                               0D    528
     126     514       0       0       0                        01010500D    529
     126       0       0       2       0                               0D    530
     110     516       0       0       0                        01010000D    531
     110       0       0       1       0                               0D    532
     102     517       0       0       0                        01010500D    533
     102       0       0       1       0                               0D    534
     102     518       0       0       0                        01010000D    535
     102       0       0       1       0                               0D    536
     142     519       0       0       0                        00010500D    537
     142       0       0       1       0                               0D    538
     144     520       0       0       0                        00000000D    539
     144       0      -1       1       0                               0D    540
     128     521       0       0       0                        01010000D    541
     128       0       0       3       0                               0D    542
     126     524       0       0       0                        01010500D    543
     126       0       0       2       0                               0D    544
     110     526       0       0       0                        01010000D    545
     110       0       0       1       0                               0D    546
     126     527       0       0       0                        01010500D    547
     126       0       0       2       0                               0D    548
     110     529       0       0       0                        01010000D    549
     110       0       0       1       0                               0D    550
     126     530       0       0       0                        01010500D    551
     126       0       0       2       0                               0D    552
     110     532       0       0       0                        01010000D    553
     110       0       0       1       0                               0D    554
     126     533       0       0       0                        01010500D    555
     126       0       0       2       0                               0D    556
     110     535       0       0       0                        01010000D    557
     110       0       0       1       0                               0D    558
     102     536       0       0       0                        01010500D    559
     102       0       0       1       0                               0D    560
     102     537       0       0       0                        01010000D    561
     102       0       0       1       0                               0D    562
     142     538       0       0       0                        00010500D    563
     142       0       0       1       0                               0D    564
     144     539       0       0       0                        00000000D    565
     144       0      -1       1       0                               0D    566
     128     540       0       0       0                        01010000D    567
     128       0       0       3       0                               0D    568
     126     543       0       0       0                        01010500D    569
     126       0       0       2       0                               0D    570
     110     545       0       0       0                        01010000D    571
     110       0       0       1       0                               0D    572
     126     546       0       0       0                        01010500D    573
     126       0       0       2       0                               0D    574
     110     548       0       0       0                        01010000D    575
     110       0       0       1       0                               0D    576
     126     549       0       0       0                        01010500D    577
     126       0       0       2       0                               0D    578
     110     551       0       0       0                        01010000D    579
     110       0       0       1       0                               0D    580
     126     552       0       0       0                        01010500D    581
     126       0       0       2       0                               0D    582
     110     554       0       0       0                        01010000D    583
     110       0       0       1       0                               0D    584
     102     555       0       0       0                        01010500D    585
     102       0       0       1       0                               0D    586
     102     556       0       0       0                        01010000D    587
     102       0       0       1       0                               0D    588
     142     557       0       0       0                        00010500D    589
     142       0       0       1       0                               0D    590
     144     558       0       0       0                        00000000D    591
     144       0      -1       1       0                               0D    592
     128     559       0       0       0                        01010000D    593
     128       0       0       3       0                               0D    594
     126     562       0       0       0                        01010500D    595
     126       0       0       2       0                               0D    596
     110     564       0       0       0                        01010000D    597
     110       0       0       1       0                               0D    598
     126     565       0       0       0                        01010500D    599
     126       0       0       2       0                               0D    600
     110     567       0       0       0                        01010000D    601
     110       0       0       1       0                               0D    602
     126     568       0       0       0                        01010500D    603
     126       0       0       2       0                               0D    604
     110     570       0       0       0                        01010000D    605
     110       0       0       1       0                               0D    606
     126     571       0       0       0                        01010500D    607
     126       0       0       2       0                               0D    608
     110     573       0       0       0                        01010000D    609
     110       0       0       1       0                               0D    610
     102     574       0       0       0                        01010500D    611
     102       0       0       1       0                               0D    612
     102     575       0       0       0                        01010000D    613
     102       0       0       1       0                               0D    614
     142     576       0       0       0                        00010500D    615
     142       0       0       1       0                               0D    616
     144     577       0       0       0                        00000000D    617
     144       0      -1       1       0                               0D    618
     128     578       0       0       0                        01010000D    619
     128       0       0       3       0                               0D    620
     126     581       0       0       0                        01010500D    621
     126       0       0       2       0                               0D    622
     110     583       0       0       0                        01010000D    623
     110       0       0       1       0                               0D    624
     126     584       0       0       0                        01010500D    625
     126       0       0       2       0                               0D    626
     110     586       0       0       0                        01010000D    627
     110       0       0       1       0                               0D    628
     126     587       0       0       0                        01010500D    629
     126       0       0       2       0                               0D    630
     110     589       0       0       0                        01010000D    631
     110       0       0       1       0                               0D    632
     126     590       0       0       0                        01010500D    633
     126       0       0       2       0                               0D    634
     110     592       0       0       0                        01010000D    635
     110       0       0       1       0                               0D    636
     126     593       0       0       0                        01010500D    637
     126       0       0       2       0                               0D    638
     110     595       0       0       0                        01010000D    639
     110       0       0       1       0                               0D    640
     126     596       0       0       0                        01010500D    641
     126       0       0       2       0                               0D    642
     110     598       0       0       0                        01010000D    643
     110       0       0       1       0                               0D    644
     102     599       0       0       0                        01010500D    645
     102       0       0       1       0                               0D    646
     102     600       0       0       0                        01010000D    647
     102       0       0       1       0                               0D    648
     142     601       0       0       0                        00010500D    649
     142       0       0       1       0                               0D    650
     144     602       0       0       0                        00000000D    651
     144       0      -1       1       0                               0D    652
     128     603       0       0       0                        01010000D    653
     128       0       0       3       0                               0D    654
     126     606       0       0       0                        01010500D    655
     126       0       0       2       0                               0D    656
     110     608       0       0       0                        01010000D    657
     110       0       0       1       0                               0D    658
     126     609       0       0       0                        01010500D    659
     126       0       0       2       0                               0D    660
     110     611       0       0       0                        01010000D    661
     110       0       0       1       0                               0D    662
     126     612       0       0       0                        01010500D    663
     126       0       0       2       0                               0D    664
     110     614       0       0       0                        01010000D    665
     110       0       0       1       0                               0D    666
     126     615       0       0       0                        01010500D    667
     126       0       0       2       0                               0D    668
     110     617       0       0       0                        01010000D    669
     110       0       0       1       0                               0D    670
     126     618       0       0       0                        01010500D    671
     126       0       0       2       0                               0D    672
     110     620       0       0       0                        01010000D    673
     110       0       0       1       0                               0D    674
     102     621       0       0       0                        01010500D    675
     102       0       0       1       0                               0D    676
     102     622       0       0       0                        01010000D    677
     102       0       0       1       0                               0D    678
     142     623       0       0       0                        00010500D    679
     142       0       0       1       0                               0D    680
     144     624       0       0       0                        00000000D    681
     144       0      -1       1       0                               0D    682
     128     625       0       0       0                        01010000D    683
     128       0       0       3       0                               0D    684
     126     628       0       0       0                        01010500D    685
     126       0       0       2       0                               0D    686
     110     630       0       0       0                        01010000D    687
     110       0       0       1       0                               0D    688
     126     631       0       0       0                        01010500D    689
     126       0       0       2       0                               0D    690
     110     633       0       0       0                        01010000D    691
     110       0       0       1       0                               0D    692
     126     634       0       0       0                        01010500D    693
     126       0       0       2       0                               0D    694
     110     636       0       0       0                        01010000D    695
     110       0       0       1       0                               0D    696
     126     637       0       0       0                        01010500D    697
     126       0       0       2       0                               0D    698
     110     639       0       0       0                        01010000D    699
     110       0       0       1       0                               0D    700
     102     640       0       0       0                        01010500D    701
     102       0       0       1       0                               0D    702
     102     641       0       0       0                        01010000D    703
     102       0       0       1       0                               0D    704
     142     642       0       0       0                        00010500D    705
     142       0       0       1       0                               0D    706
     144     643       0       0       0                        00000000D    707
     144       0      -1       1       0                               0D    708
     128     644       0       0       0                        01010000D    709
     128       0       0       3       0                               0D    710
     126     647       0       0       0                        01010500D    711
     126       0       0       2       0                               0D    712
     110     649       0       0       0                        01010000D    713
     110       0       0       1       0                               0D    714
     126     650       0       0       0                        01010500D    715
     126       0       0       2       0                               0D    716
     110     652       0       0       0                        01010000D    717
     110       0       0       1       0                               0D    718
     126     653       0       0       0                        01010500D    719
     126       0       0       2       0                               0D    720
     110     655       0       0       0                        01010000D    721
     110       0       0       1       0                               0D    722
     126     656       0       0       0                        01010500D    723
     126       0       0       4       0                               0D    724
     126     660       0       0       0                        01010000D    725
     126       0       0       4       0                               0D    726
     126     664       0       0       0                        01010500D    727
     126       0       0       2       0                               0D    728
     110     666       0       0       0                        01010000D    729
     110       0       0       1       0                               0D    730
     102     667       0       0       0                        01010500D    731
     102       0       0       1       0                               0D    732
     102     668       0       0       0                        01010000D    733
     102       0       0       1       0                               0D    734
     142     669       0       0       0                        00010500D    735
     142       0       0       1       0                               0D    736
     144     670       0       0       0                        00000000D    737
     144       0      -1       1       0                               0D    738
     128     671       0       0       0                        01010000D    739
     128       0       0       3       0                               0D    740
     126     674       0       0       0                        01010500D    741
     126       0       0       2       0                               0D    742
     110     676       0       0       0                        01010000D    743
     110       0       0       1       0                               0D    744
     126     677       0       0       0                        01010500D    745
     126       0       0       2       0                               0D    746
     110     679       0       0       0                        01010000D    747
     110       0       0       1       0                               0D    748
     126     680       0       0       0                        01010500D    749
     126       0       0       2       0                               0D    750
     110     682       0       0       0                        01010000D    751
     110       0       0       1       0                               0D    752
     126     683       0       0       0                        01010500D    753
     126       0       0       2       0                               0D    754
     110     685       0       0       0                        01010000D    755
     110       0       0       1       0                               0D    756
     102     686       0       0       0                        01010500D    757
     102       0       0       1       0                               0D    758
     102     687       0       0       0                        01010000D    759
     102       0       0       1       0                               0D    760
     142     688       0       0       0                        00010500D    761
     142       0       0       1       0                               0D    762
     144     689       0       0       0                        00000000D    763
     144       0      -1       1       0                               0D    764
     128     690       0       0       0                        01010000D    765
     128       0       0       3       0                               0D    766
     126     693       0       0       0                        01010500D    767
     126       0       0       2       0                               0D    768
     110     695       0       0       0                        01010000D    769
     110       0       0       1       0                               0D    770
     126     696       0       0       0                        01010500D    771
     126       0       0       2       0                               0D    772
     110     698       0       0       0                        01010000D    773
     110       0       0       1       0                               0D    774
     126     699       0       0       0                        01010500D    775
     126       0       0       2       0                               0D    776
     110     701       0       0       0                        01010000D    777
     110       0       0       1       0                               0D    778
     126     702       0       0       0                        01010500D    779
     126       0       0       2       0                               0D    780
     110     704       0       0       0                        01010000D    781
     110       0       0       1       0                               0D    782
     126     705       0       0       0                        01010500D    783
     126       0       0       4       0                               0D    784
     126     709       0       0       0                        01010000D    785
     126       0       0       5       0                               0D    786
     126     714       0       0       0                        01010500D    787
     126       0       0       2       0                               0D    788
     110     716       0       0       0                        01010000D    789
     110       0       0       1       0                               0D    790
     102     717       0       0       0                        01010500D    791
     102       0       0       1       0                               0D    792
     102     718       0       0       0                        01010000D    793
     102       0       0       1       0                               0D    794
     142     719       0       0       0                        00010500D    795
     142       0       0       1       0                               0D    796
     144     720       0       0       0                        00000000D    797
     144       0      -1       1       0                               0D    798
     128     721       0       0       0                        01010000D    799
     128       0       0       3       0                               0D    800
     126     724       0       0       0                        01010500D    801
     126       0       0       2       0                               0D    802
     110     726       0       0       0                        01010000D    803
     110       0       0       1       0                               0D    804
     126     727       0       0       0                        01010500D    805
     126       0       0       2       0                               0D    806
     110     729       0       0       0                        01010000D    807
     110       0       0       1       0                               0D    808
     126     730       0       0       0                        01010500D    809
     126       0       0       2       0                               0D    810
     110     732       0       0       0                        01010000D    811
     110       0       0       1       0                               0D    812
     126     733       0       0       0                        01010500D    813
     126       0       0       2       0                               0D    814
     110     735       0       0       0                        01010000D    815
     110       0       0       1       0                               0D    816
     102     736       0       0       0                        01010500D    817
     102       0       0       1       0                               0D    818
     102     737       0       0       0                        01010000D    819
     102       0       0       1       0                               0D    820
     142     738       0       0       0                        00010500D    821
     142       0       0       1       0                               0D    822
     144     739       0       0       0                        00000000D    823
     144       0      -1       1       0                               0D    824
     128     740       0       0       0                        01010000D    825
     128       0       0       3       0                               0D    826
     126     743       0       0       0                        01010500D    827
     126       0       0       2       0                               0D    828
     110     745       0       0       0                        01010000D    829
     110       0       0       1       0                               0D    830
     126     746       0       0       0                        01010500D    831
     126       0       0       2       0                               0D    832
     110     748       0       0       0                        01010000D    833
     110       0       0       1       0                               0D    834
     126     749       0       0       0                        01010500D    835
     126       0       0       2       0                               0D    836
     110     751       0       0       0                        01010000D    837
     110       0       0       1       0                               0D    838
     126     752       0       0       0                        01010500D    839
     126       0       0       2       0                               0D    840
     110     754       0       0       0                        01010000D    841
     110       0       0       1       0                               0D    842
     102     755       0       0       0                        01010500D    843
     102       0       0       1       0                               0D    844
     102     756       0       0       0                        01010000D    845
     102       0       0       1       0                               0D    846
     142     757       0       0       0                        00010500D    847
     142       0       0       1       0                               0D    848
     144     758       0       0       0                        00000000D    849
     144       0      -1       1       0                               0D    850
     128     759       0       0       0                        01010000D    851
     128       0       0       3       0                               0D    852
     126     762       0       0       0                        01010500D    853
     126       0       0       2       0                               0D    854
     110     764       0       0       0                        01010000D    855
     110       0       0       1       0                               0D    856
     126     765       0       0       0                        01010500D    857
     126       0       0       2       0                               0D    858
     110     767       0       0       0                        01010000D    859
     110       0       0       1       0                               0D    860
     126     768       0       0       0                        01010500D    861
     126       0       0       2       0                               0D    862
     110     770       0       0       0                        01010000D    863
     110       0       0       1       0                               0D    864
     126     771       0       0       0                        01010500D    865
     126       0       0       2       0                               0D    866
     110     773       0       0       0                        01010000D    867
     110       0       0       1       0                               0D    868
     102     774       0       0       0                        01010500D    869
     102       0       0       1       0                               0D    870
     102     775       0       0       0                        01010000D    871
     102       0       0       1       0                               0D    872
     142     776       0       0       0                        00010500D    873
     142       0       0       1       0                               0D    874
     144     777       0       0       0                        00000000D    875
     144       0      -1       1       0                               0D    876
     128     778       0       0       0                        01010000D    877
     128       0       0       3       0                               0D    878
     126     781       0       0       0                        01010500D    879
     126       0       0       2       0                               0D    880
     110     783       0       0       0                        01010000D    881
     110       0       0       1       0                               0D    882
     126     784       0       0       0                        01010500D    883
     126       0       0       2       0                               0D    884
     110     786       0       0       0                        01010000D    885
     110       0       0       1       0                               0D    886
     126     787       0       0       0                        01010500D    887
     126       0       0       2       0                               0D    888
     110     789       0       0       0                        01010000D    889
     110       0       0       1       0                               0D    890
     126     790       0       0       0                        01010500D    891
     126       0       0       2       0                               0D    892
     110     792       0       0       0                        01010000D    893
     110       0       0       1       0                               0D    894
     102     793       0       0       0                        01010500D    895
     102       0       0       1       0                               0D    896
     102     794       0       0       0                        01010000D    897
     102       0       0       1       0                               0D    898
     142     795       0       0       0                        00010500D    899
     142       0       0       1       0                               0D    900
     144     796       0       0       0                        00000000D    901
     144       0      -1       1       0                               0D    902
     128     797       0       0       0                        01010000D    903
     128       0       0       3       0                               0D    904
     126     800       0       0       0                        01010500D    905
     126       0       0       2       0                               0D    906
     110     802       0       0       0                        01010000D    907
     110       0       0       1       0                               0D    908
     126     803       0       0       0                        01010500D    909
     126       0       0       2       0                               0D    910
     110     805       0       0       0                        01010000D    911
     110       0       0       1       0                               0D    912
     126     806       0       0       0                        01010500D    913
     126       0       0       2       0                               0D    914
     110     808       0       0       0                        01010000D    915
     110       0       0       1       0                               0D    916
     126     809       0       0       0                        01010500D    917
     126       0       0       2       0                               0D    918
     110     811       0       0       0                        01010000D    919
     110       0       0       1       0                               0D    920
     102     812       0       0       0                        01010500D    921
     102       0       0       1       0                               0D    922
     102     813       0       0       0                        01010000D    923
     102       0       0       1       0                               0D    924
     142     814       0       0       0                        00010500D    925
     142       0       0       1       0                               0D    926
     144     815       0       0       0                        00000000D    927
     144       0      -1       1       0                               0D    928
     128     816       0       0       0                        01010000D    929
     128       0       0       3       0                               0D    930
     126     819       0       0       0                        01010500D    931
     126       0       0       2       0                               0D    932
     110     821       0       0       0                        01010000D    933
     110       0       0       1       0                               0D    934
     126     822       0       0       0                        01010500D    935
     126       0       0       2       0                               0D    936
     110     824       0       0       0                        01010000D    937
     110       0       0       1       0                               0D    938
     126     825       0       0       0                        01010500D    939
     126       0       0       2       0                               0D    940
     110     827       0       0       0                        01010000D    941
     110       0       0       1       0                               0D    942
     126     828       0       0       0                        01010500D    943
     126       0       0       2       0                               0D    944
     110     830       0       0       0                        01010000D    945
     110       0       0       1       0                               0D    946
     102     831       0       0       0                        01010500D    947
     102       0       0       1       0                               0D    948
     102     832       0       0       0                        01010000D    949
     102       0       0       1       0                               0D    950
     142     833       0       0       0                        00010500D    951
     142       0       0       1       0                               0D    952
     144     834       0       0       0                        00000000D    953
     144       0      -1       1       0                               0D    954
     128     835       0       0       0                        01010000D    955
     128       0       0       3       0                               0D    956
     126     838       0       0       0                        01010500D    957
     126       0       0       2       0                               0D    958
     110     840       0       0       0                        01010000D    959
     110       0       0       1       0                               0D    960
     126     841       0       0       0                        01010500D    961
     126       0       0       2       0                               0D    962
     110     843       0       0       0                        01010000D    963
     110       0       0       1       0                               0D    964
     126     844       0       0       0                        01010500D    965
     126       0       0       2       0                               0D    966
     110     846       0       0       0                        01010000D    967
     110       0       0       1       0                               0D    968
     126     847       0       0       0                        01010500D    969
     126       0       0       2       0                               0D    970
     110     849       0       0       0                        01010000D    971
     110       0       0       1       0                               0D    972
     102     850       0       0       0                        01010500D    973
     102       0       0       1       0                               0D    974
     102     851       0       0       0                        01010000D    975
     102       0       0       1       0                               0D    976
     142     852       0       0       0                        00010500D    977
     142       0       0       1       0                               0D    978
     144     853       0       0       0                        00000000D    979
     144       0      -1       1       0                               0D    980
     128     854       0       0       0                        01010000D    981
     128       0       0       3       0                               0D    982
     126     857       0       0       0                        01010500D    983
     126       0       0       2       0                               0D    984
     110     859       0       0       0                        01010000D    985
     110       0       0       1       0                               0D    986
     126     860       0       0       0                        01010500D    987
     126       0       0       2       0                               0D    988
     110     862       0       0       0                        01010000D    989
     110       0       0       1       0                               0D    990
     126     863       0       0       0                        01010500D    991
     126       0       0       2       0                               0D    992
     110     865       0       0       0                        01010000D    993
     110       0       0       1       0                               0D    994
     126     866       0       0       0                        01010500D    995
     126       0       0       2       0                               0D    996
     110     868       0       0       0                        01010000D    997
     110       0       0       1       0                               0D    998
     102     869       0       0       0                        01010500D    999
     102       0       0       1       0                               0D   1000
     102     870       0       0       0                        01010000D   1001
     102       0       0       1       0                               0D   1002
     142     871       0       0       0                        00010500D   1003
     142       0       0       1       0                               0D   1004
     144     872       0       0       0                        00000000D   1005
     144       0      -1       1       0                               0D   1006
     128     873       0       0       0                        01010000D   1007
     128       0       0       3       0                               0D   1008
     126     876       0       0       0                        01010500D   1009
     126       0       0       2       0                               0D   1010
     110     878       0       0       0                        01010000D   1011
     110       0       0       1       0                               0D   1012
     126     879       0       0       0                        01010500D   1013
     126       0       0       2       0                               0D   1014
     110     881       0       0       0                        01010000D   1015
     110       0       0       1       0                               0D   1016
     126     882       0       0       0                        01010500D   1017
     126       0       0       2       0                               0D   1018
     110     884       0       0       0                        01010000D   1019
     110       0       0       1       0                               0D   1020
     126     885       0       0       0                        01010500D   1021
     126       0       0       2       0                               0D   1022
     110     887       0       0       0                        01010000D   1023
     110       0       0       1       0                               0D   1024
     126     888       0       0       0                        01010500D   1025
     126       0       0       2       0                               0D   1026
     110     890       0       0       0                        01010000D   1027
     110       0       0       1       0                               0D   1028
     102     891       0       0       0                        01010500D   1029
     102       0       0       1       0                               0D   1030
     102     892       0       0       0                        01010000D   1031
     102       0       0       1       0                               0D   1032
     142     893       0       0       0                        00010500D   1033
     142       0       0       1       0                               0D   1034
     144     894       0       0       0                        00000000D   1035
     144       0      -1       1       0                               0D   1036
     128     895       0       0       0                        01010000D   1037
     128       0       0       3       0                               0D   1038
     126     898       0       0       0                        01010500D   1039
     126       0       0       2       0                               0D   1040
     110     900       0       0       0                        01010000D   1041
     110       0       0       1       0                               0D   1042
     126     901       0       0       0                        01010500D   1043
     126       0       0       2       0                               0D   1044
     110     903       0       0       0                        01010000D   1045
     110       0       0       1       0                               0D   1046
     126     904       0       0       0                        01010500D   1047
     126       0       0       2       0                               0D   1048
     110     906       0       0       0                        01010000D   1049
     110       0       0       1       0                               0D   1050
     126     907       0       0       0                        01010500D   1051
     126       0       0       2       0                               0D   1052
     110     909       0       0       0                        01010000D   1053
     110       0       0       1       0                               0D   1054
     126     910       0       0       0                        01010500D   1055
     126       0       0       2       0                               0D   1056
     110     912       0       0       0                        01010000D   1057
     110       0       0       1       0                               0D   1058
     126     913       0       0       0                        01010500D   1059
     126       0       0       2       0                               0D   1060
     110     915       0       0       0                        01010000D   1061
     110       0       0       1       0                               0D   1062
     102     916       0       0       0                        01010500D   1063
     102       0       0       1       0                               0D   1064
     102     917       0       0       0                        01010000D   1065
     102       0       0       1       0                               0D   1066
     142     918       0       0       0                        00010500D   1067
     142       0       0       1       0                               0D   1068
     144     919       0       0       0                        00000000D   1069
     144       0      -1       1       0                               0D   1070
     128     920       0       0       0                        01010000D   1071
     128       0       0       3       0                               0D   1072
     126     923       0       0       0                        01010500D   1073
     126       0       0       2       0                               0D   1074
     110     925       0       0       0                        01010000D   1075
     110       0       0       1       0                               0D   1076
     126     926       0       0       0                        01010500D   1077
     126       0       0       2       0                               0D   1078
     110     928       0       0       0                        01010000D   1079
     110       0       0       1       0                               0D   1080
     126     929       0       0       0                        01010500D   1081
     126       0       0       2       0                               0D   1082
     110     931       0       0       0                        01010000D   1083
     110       0       0       1       0                               0D   1084
     126     932       0       0       0                        01010500D   1085
     126       0       0       2       0                               0D   1086
     110     934       0       0       0                        01010000D   1087
     110       0       0       1       0                               0D   1088
     102     935       0       0       0                        01010500D   1089
     102       0       0       1       0                               0D   1090
     102     936       0       0       0                        01010000D   1091
     102       0       0       1       0                               0D   1092
     142     937       0       0       0                        00010500D   1093
     142       0       0       1       0                               0D   1094
     144     938       0       0       0                        00000000D   1095
     144       0      -1       1       0                               0D   1096
     128     939       0       0       0                        01010000D   1097
     128       0       0       3       0                               0D   1098
     126     942       0       0       0                        01010500D   1099
     126       0       0       2       0                               0D   1100
     110     944       0       0       0                        01010000D   1101
     110       0       0       1       0                               0D   1102
     126     945       0       0       0                        01010500D   1103
     126       0       0       2       0                               0D   1104
     110     947       0       0       0                        01010000D   1105
     110       0       0       1       0                               0D   1106
     126     948       0       0       0                        01010500D   1107
     126       0       0       2       0                               0D   1108
     110     950       0       0       0                        01010000D   1109
     110       0       0       1       0                               0D   1110
     126     951       0       0       0                        01010500D   1111
     126       0       0       4       0                               0D   1112
     126     955       0       0       0                        01010000D   1113
     126       0       0       4       0                               0D   1114
     126     959       0       0       0                        01010500D   1115
     126       0       0       2       0                               0D   1116
     110     961       0       0       0                        01010000D   1117
     110       0       0       1       0                               0D   1118
     102     962       0       0       0                        01010500D   1119
     102       0       0       1       0                               0D   1120
     102     963       0       0       0                        01010000D   1121
     102       0       0       1       0                               0D   1122
     142     964       0       0       0                        00010500D   1123
     142       0       0       1       0                               0D   1124
     144     965       0       0       0                        00000000D   1125
     144       0      -1       1       0                               0D   1126
     128     966       0       0       0                        01010000D   1127
     128       0       0       3       0                               0D   1128
     126     969       0       0       0                        01010500D   1129
     126       0       0       2       0                               0D   1130
     110     971       0       0       0                        01010000D   1131
     110       0       0       1       0                               0D   1132
     126     972       0       0       0                        01010500D   1133
     126       0       0       2       0                               0D   1134
     110     974       0       0       0                        01010000D   1135
     110       0       0       1       0                               0D   1136
     126     975       0       0       0                        01010500D   1137
     126       0       0       2       0                               0D   1138
     110     977       0       0       0                        01010000D   1139
     110       0       0       1       0                               0D   1140
     126     978       0       0       0                        01010500D   1141
     126       0       0       2       0                               0D   1142
     110     980       0       0       0                        01010000D   1143
     110       0       0       1       0                               0D   1144
     102     981       0       0       0                        01010500D   1145
     102       0       0       1       0                               0D   1146
     102     982       0       0       0                        01010000D   1147
     102       0       0       1       0                               0D   1148
     142     983       0       0       0                        00010500D   1149
     142       0       0       1       0                               0D   1150
     144     984       0       0       0                        00000000D   1151
     144       0      -1       1       0                               0D   1152
     128     985       0       0       0                        01010000D   1153
     128       0       0       3       0                               0D   1154
     126     988       0       0       0                        01010500D   1155
     126       0       0       2       0                               0D   1156
     110     990       0       0       0                        01010000D   1157
     110       0       0       1       0                               0D   1158
     126     991       0       0       0                        01010500D   1159
     126       0       0       2       0                               0D   1160
     110     993       0       0       0                        01010000D   1161
     110       0       0       1       0                               0D   1162
     126     994       0       0       0                        01010500D   1163
     126       0       0       2       0                               0D   1164
     110     996       0       0       0                        01010000D   1165
     110       0       0       1       0                               0D   1166
     126     997       0       0       0                        01010500D   1167
     126       0       0       2       0                               0D   1168
     110     999       0       0       0                        01010000D   1169
     110       0       0       1       0                               0D   1170
     126    1000       0       0       0                        01010500D   1171
     126       0       0       4       0                               0D   1172
     126    1004       0       0       0                        01010000D   1173
     126       0       0       5       0                               0D   1174
     126    1009       0       0       0                        01010500D   1175
     126       0       0       2       0                               0D   1176
     110    1011       0       0       0                        01010000D   1177
     110       0       0       1       0                               0D   1178
     102    1012       0       0       0                        01010500D   1179
     102       0       0       1       0                               0D   1180
     102    1013       0       0       0                        01010000D   1181
     102       0       0       1       0                               0D   1182
     142    1014       0       0       0                        00010500D   1183
     142       0       0       1       0                               0D   1184
     144    1015       0       0       0                        00000000D   1185
     144       0      -1       1       0                               0D   1186
     128    1016       0       0       0                        01010000D   1187
     128       0       0       3       0                               0D   1188
     126    1019       0       0       0                        01010500D   1189
     126       0       0       2       0                               0D   1190
     110    1021       0       0       0                        01010000D   1191
     110       0       0       1       0                               0D   1192
     126    1022       0       0       0                        01010500D   1193
     126       0       0       2       0                               0D   1194
     110    1024       0       0       0                        01010000D   1195
     110       0       0       1       0                               0D   1196
     126    1025       0       0       0                        01010500D   1197
     126       0       0       2       0                               0D   1198
     110    1027       0       0       0                        01010000D   1199
     110       0       0       1       0                               0D   1200
     126    1028       0       0       0                        01010500D   1201
     126       0       0       2       0                               0D   1202
     110    1030       0       0       0                        01010000D   1203
     110       0       0       1       0                               0D   1204
     102    1031       0       0       0                        01010500D   1205
     102       0       0       1       0                               0D   1206
     102    1032       0       0       0                        01010000D   1207
     102       0       0       1       0                               0D   1208
     142    1033       0       0       0                        00010500D   1209
     142       0       0       1       0                               0D   1210
     144    1034       0       0       0                        00000000D   1211
     144       0      -1       1       0                               0D   1212
     128    1035       0       0       0                        01010000D   1213
     128       0       0       3       0                               0D   1214
     126    1038       0       0       0                        01010500D   1215
     126       0       0       2       0                               0D   1216
     110    1040       0       0       0                        01010000D   1217
     110       0       0       1       0                               0D   1218
     126    1041       0       0       0                        01010500D   1219
     126       0       0       2       0                               0D   1220
     110    1043       0       0       0                        01010000D   1221
     110       0       0       1       0                               0D   1222
     126    1044       0       0       0                        01010500D   1223
     126       0       0       2       0                               0D   1224
     110    1046       0       0       0                        01010000D   1225
     110       0       0       1       0                               0D   1226
     126    1047       0       0       0                        01010500D   1227
     126       0       0       2       0                               0D   1228
     110    1049       0       0       0                        01010000D   1229
     110       0       0       1       0                               0D   1230
     102    1050       0       0       0                        01010500D   1231
     102       0       0       1       0                               0D   1232
     102    1051       0       0       0                        01010000D   1233
     102       0       0       1       0                               0D   1234
     142    1052       0       0       0                        00010500D   1235
     142       0       0       1       0                               0D   1236
     144    1053       0       0       0                        00000000D   1237
     144       0      -1       1       0                               0D   1238
     128    1054       0       0       0                        01010000D   1239
     128       0       0       3       0                               0D   1240
     126    1057       0       0       0                        01010500D   1241
     126       0       0       2       0                               0D   1242
     110    1059       0       0       0                        01010000D   1243
     110       0       0       1       0                               0D   1244
     126    1060       0       0       0                        01010500D   1245
     126       0       0       2       0                               0D   1246
     110    1062       0       0       0                        01010000D   1247
     110       0       0       1       0                               0D   1248
     126    1063       0       0       0                        01010500D   1249
     126       0       0       2       0                               0D   1250
     110    1065       0       0       0                        01010000D   1251
     110       0       0       1       0                               0D   1252
     126    1066       0       0       0                        01010500D   1253
     126       0       0       2       0                               0D   1254
     110    1068       0       0       0                        01010000D   1255
     110       0       0       1       0                               0D   1256
     102    1069       0       0       0                        01010500D   1257
     102       0       0       1       0                               0D   1258
     102    1070       0       0       0                        01010000D   1259
     102       0       0       1       0                               0D   1260
     142    1071       0       0       0                        00010500D   1261
     142       0       0       1       0                               0D   1262
     144    1072       0       0       0                        00000000D   1263
     144       0      -1       1       0                               0D   1264
     128    1073       0       0       0                        01010000D   1265
     128       0       0       3       0                               0D   1266
     126    1076       0       0       0                        01010500D   1267
     126       0       0       2       0                               0D   1268
     110    1078       0       0       0                        01010000D   1269
     110       0       0       1       0                               0D   1270
     126    1079       0       0       0                        01010500D   1271
     126       0       0       2       0                               0D   1272
     110    1081       0       0       0                        01010000D   1273
     110       0       0       1       0                               0D   1274
     126    1082       0       0       0                        01010500D   1275
     126       0       0       2       0                               0D   1276
     110    1084       0       0       0                        01010000D   1277
     110       0       0       1       0                               0D   1278
     126    1085       0       0       0                        01010500D   1279
     126       0       0       2       0                               0D   1280
     110    1087       0       0       0                        01010000D   1281
     110       0       0       1       0                               0D   1282
     102    1088       0       0       0                        01010500D   1283
     102       0       0       1       0                               0D   1284
     102    1089       0       0       0                        01010000D   1285
     102       0       0       1       0                               0D   1286
     142    1090       0       0       0                        00010500D   1287
     142       0       0       1       0                               0D   1288
     144    1091       0       0       0                        00000000D   1289
     144       0      -1       1       0                               0D   1290
     110    1092       0       0       0                        01010000D   1291
     110       0       0       1       0                               0D   1292
     110    1093       0       0       0                        01010000D   1293
     110       0       0       1       0                               0D   1294
     120    1094       0       0       0                        01010000D   1295
     120       0       0       1       0                               0D   1296
     126    1095       0       0       0                        01010500D   1297
     126       0       0       2       0                               0D   1298
     124    1097       0       0       0                        00000000D   1299
     124       0       0       4       0                               0D   1300
     100    1101       0       0       0            1299        01010000D   1301
     100       0       0       1       0                               0D   1302
     126    1102       0       0       0                        01010500D   1303
     126       0       0       2       0                               0D   1304
     110    1104       0       0       0                        01010000D   1305
     110       0       0       1       0                               0D   1306
     126    1105       0       0       0                        01010500D   1307
     126       0       0       2       0                               0D   1308
     124    1107       0       0       0                        00000000D   1309
     124       0       0       4       0                               0D   1310
     100    1111       0       0       0            1309        01010000D   1311
     100       0       0       1       0                               0D   1312
     126    1112       0       0       0                        01010500D   1313
     126       0       0       2       0                               0D   1314
     110    1114       0       0       0                        01010000D   1315
     110       0       0       1       0                               0D   1316
     102    1115       0       0       0                        01010500D   1317
     102       0       0       1       0                               0D   1318
     102    1116       0       0       0                        01010000D   1319
     102       0       0       1       0                               0D   1320
     142    1117       0       0       0                        00010500D   1321
     142       0       0       1       0                               0D   1322
     144    1118       0       0       0                        00000000D   1323
     144       0      -1       1       0                               0D   1324
     110    1119       0       0       0                        01010000D   1325
     110       0       0       1       0                               0D   1326
     110    1120       0       0       0                        01010000D   1327
     110       0       0       1       0                               0D   1328
     120    1121       0       0       0                        01010000D   1329
     120       0       0       1       0                               0D   1330
     126    1122       0       0       0                        01010500D   1331
     126       0       0       2       0                               0D   1332
     124    1124       0       0       0                        00000000D   1333
     124       0       0       4       0                               0D   1334
     100    1128       0       0       0            1333        01010000D   1335
     100       0       0       1       0                               0D   1336
     126    1129       0       0       0                        01010500D   1337
     126       0       0       2       0                               0D   1338
     110    1131       0       0       0                        01010000D   1339
     110       0       0       1       0                               0D   1340
     126    1132       0       0       0                        01010500D   1341
     126       0       0       2       0                               0D   1342
     124    1134       0       0       0                        00000000D   1343
     124       0       0       3       0                               0D   1344
     100    1137       0       0       0            1343        01010000D   1345
     100       0       0       1       0                               0D   1346
     126    1138       0       0       0                        01010500D   1347
     126       0       0       2       0                               0D   1348
     110    1140       0       0       0                        01010000D   1349
     110       0       0       1       0                               0D   1350
     102    1141       0       0       0                        01010500D   1351
     102       0       0       1       0                               0D   1352
     102    1142       0       0       0                        01010000D   1353
     102       0       0       1       0                               0D   1354
     142    1143       0       0       0                        00010500D   1355
     142       0       0       1       0                               0D   1356
     144    1144       0       0       0                        00000000D   1357
     144       0      -1       1       0                               0D   1358
     110    1145       0       0       0                        01010000D   1359
     110       0       0       1       0                               0D   1360
     110    1146       0       0       0                        01010000D   1361
     110       0       0       1       0                               0D   1362
     120    1147       0       0       0                        01010000D   1363
     120       0       0       1       0                               0D   1364
     126    1148       0       0       0                        01010500D   1365
     126       0       0       2       0                               0D   1366
     100    1150       0       0       0                        01010000D   1367
     100       0       0       1       0                               0D   1368
     126    1151       0       0       0                        01010500D   1369
     126       0       0       2       0                               0D   1370
     110    1153       0       0       0                        01010000D   1371
     110       0       0       1       0                               0D   1372
     126    1154       0       0       0                        01010500D   1373
     126       0       0       2       0                               0D   1374
     124    1156       0       0       0                        00000000D   1375
     124       0       0       4       0                               0D   1376
     100    1160       0       0       0            1375        01010000D   1377
     100       0       0       1       0                               0D   1378
     126    1161       0       0       0                        01010500D   1379
     126       0       0       2       0                               0D   1380
     110    1163       0       0       0                        01010000D   1381
     110       0       0       1       0                               0D   1382
     102    1164       0       0       0                        01010500D   1383
     102       0       0       1       0                               0D   1384
     102    1165       0       0       0                        01010000D   1385
     102       0       0       1       0                               0D   1386
     142    1166       0       0       0                        00010500D   1387
     142       0       0       1       0                               0D   1388
     144    1167       0       0       0                        00000000D   1389
     144       0      -1       1       0                               0D   1390
     110    1168       0       0       0                        01010000D   1391
     110       0       0       1       0                               0D   1392
     110    1169       0       0       0                        01010000D   1393
     110       0       0       1       0                               0D   1394
     120    1170       0       0       0                        01010000D   1395
     120       0       0       1       0                               0D   1396
     126    1171       0       0       0                        01010500D   1397
     126       0       0       3       0                               0D   1398
     126    1174       0       0       0                        01010000D   1399
     126       0       0       4       0                               0D   1400
     126    1178       0       0       0                        01010500D   1401
     126       0       0       2       0                               0D   1402
     110    1180       0       0       0                        01010000D   1403
     110       0       0       1       0                               0D   1404
     126    1181       0       0       0                        01010500D   1405
     126       0       0       3       0                               0D   1406
     126    1184       0       0       0                        01010000D   1407
     126       0       0       4       0                               0D   1408
     126    1188       0       0       0                        01010500D   1409
     126       0       0       3       0                               0D   1410
     126    1191       0       0       0                        01010000D   1411
     126       0       0       5       0                               0D   1412
     126    1196       0       0       0                        01010500D   1413
     126       0       0       2       0                               0D   1414
     110    1198       0       0       0                        01010000D   1415
     110       0       0       1       0                               0D   1416
     126    1199       0       0       0                        01010500D   1417
     126       0       0       3       0                               0D   1418
     126    1202       0       0       0                        01010000D   1419
     126       0       0       5       0                               0D   1420
     102    1207       0       0       0                        01010500D   1421
     102       0       0       1       0                               0D   1422
     102    1208       0       0       0                        01010000D   1423
     102       0       0       1       0                               0D   1424
     142    1209       0       0       0                        00010500D   1425
     142       0       0       1       0                               0D   1426
     144    1210       0       0       0                        00000000D   1427
     144       0      -1       1       0                               0D   1428
     110    1211       0       0       0                        01010000D   1429
     110       0       0       1       0                               0D   1430
     110    1212       0       0       0                        01010000D   1431
     110       0       0       1       0                               0D   1432
     120    1213       0       0       0                        01010000D   1433
     120       0       0       1       0                               0D   1434
     126    1214       0       0       0                        01010500D   1435
     126       0       0       2       0                               0D   1436
     100    1216       0       0       0                        01010000D   1437
     100       0       0       1       0                               0D   1438
     126    1217       0       0       0                        01010500D   1439
     126       0       0       2       0                               0D   1440
     110    1219       0       0       0                        01010000D   1441
     110       0       0       1       0                               0D   1442
     126    1220       0       0       0                        01010500D   1443
     126       0       0       2       0                               0D   1444
     124    1222       0       0       0                        00000000D   1445
     124       0       0       4       0                               0D   1446
     100    1226       0       0       0            1445        01010000D   1447
     100       0       0       1       0                               0D   1448
     126    1227       0       0       0                        01010500D   1449
     126       0       0       2       0                               0D   1450
     110    1229       0       0       0                        01010000D   1451
     110       0       0       1       0                               0D   1452
     102    1230       0       0       0                        01010500D   1453
     102       0       0       1       0                               0D   1454
     102    1231       0       0       0                        01010000D   1455
     102       0       0       1       0                               0D   1456
     142    1232       0       0       0                        00010500D   1457
     142       0       0       1       0                               0D   1458
     144    1233       0       0       0                        00000000D   1459
     144       0      -1       1       0                               0D   1460
     110    1234       0       0       0                        01010000D   1461
     110       0       0       1       0                               0D   1462
     110    1235       0       0       0                        01010000D   1463
     110       0       0       1       0                               0D   1464
     120    1236       0       0       0                        01010000D   1465
     120       0       0       1       0                               0D   1466
     126    1237       0       0       0                        01010500D   1467
     126       0       0       2       0                               0D   1468
     100    1239       0       0       0                        01010000D   1469
     100       0       0       1       0                               0D   1470
     126    1240       0       0       0                        01010500D   1471
     126       0       0       2       0                               0D   1472
     110    1242       0       0       0                        01010000D   1473
     110       0       0       1       0                               0D   1474
     126    1243       0       0       0                        01010500D   1475
     126       0       0       2       0                               0D   1476
     124    1245       0       0       0                        00000000D   1477
     124       0       0       3       0                               0D   1478
     100    1248       0       0       0            1477        01010000D   1479
     100       0       0       1       0                               0D   1480
     126    1249       0       0       0                        01010500D   1481
     126       0       0       2       0                               0D   1482
     110    1251       0       0       0                        01010000D   1483
     110       0       0       1       0                               0D   1484
     102    1252       0       0       0                        01010500D   1485
     102       0       0       1       0                               0D   1486
     102    1253       0       0       0                        01010000D   1487
     102       0       0       1       0                               0D   1488
     142    1254       0       0       0                        00010500D   1489
     142       0       0       1       0                               0D   1490
     144    1255       0       0       0                        00000000D   1491
     144       0      -1       1       0                               0D   1492
314,89.8039215686275,91.7647058823529,92.9411764705882,;               1P      1
110,-5.001025,13.,0.,994.998975,13.,0.;                                3P      2
110,-5.,15.,0.,0.,15.,0.;                                              5P      3
120,3,5,0.,6.28318530717959;                                           7P      4
126,1,1,1,0,1,0,0.,0.,1.,1.,1.,1.,0.,6.283185307,0.,1.,                9P      5
6.283185307,0.,0.,1.,0.,0.,1.;                                         9P      6
110,-5.,15.,0.,0.,15.,0.;                                             11P      7
126,1,1,1,0,1,0,0.,0.,1.,1.,1.,1.,1.,6.283185307,0.,1.,               13P      8
3.141592654,0.,0.,1.,0.,0.,1.;                                        13P      9
124,-2.22044604925031E-016,-6.12323399573677E-017,-1.,                15P     10
-2.09055944457963E-015,1.,6.12323399573676E-017,                      15P     11
-2.22044604925031E-016,13.,6.12323399573676E-017,-1.,                 15P     12
6.12323399573677E-017,13.;                                            15P     13
100,0.,0.,13.,2.,13.,-2.,13.;                                         17P     14
126,1,1,1,0,1,0,0.,0.,1.,1.,1.,1.,1.,3.141592654,0.,0.,               19P     15
3.141592654,0.,0.,1.,0.,0.,1.;                                        19P     16
110,0.,11.,0.,-5.,11.,0.;                                             21P     17
126,1,1,1,0,1,0,0.,0.,1.,1.,1.,1.,0.,3.141592654,0.,0.,               23P     18
6.283185307,0.,0.,1.,0.,0.,1.;                                        23P     19
124,1.38777878078145E-016,6.12323399573657E-017,1.,-5.,-1.,           25P     20
1.38883798172518E-014,1.38777878078145E-016,7.99999999999982,         25P     21
-1.38883798172518E-014,-1.,6.12323399573677E-017,                     25P     22
12.9999999999999;                                                     25P     23
100,0.,-5.,13.,-3.,13.,-7.,13.;                                       27P     24
102,4,9,13,19,23;                                                     29P     25
102,4,11,17,21,27;                                                    31P     26
142,1,7,29,31,1;                                                      33P     27
144,7,1,0,33;                                                         35P     28
110,13.,-5.001,0.,13.,994.999,0.;                                     37P     29
110,13.,-5.,2.,13.,0.,2.;                                             39P     30
120,37,39,0.,6.28318530717959;                                        41P     31
126,1,1,1,0,1,0,0.,0.,1.,1.,1.,1.,0.,6.283185307,0.,1.,               43P     32
6.283185307,0.,0.,1.,0.,0.,1.;                                        43P     33
110,13.,-5.,2.,13.,0.,2.;                                             45P     34
126,1,1,1,0,1,0,0.,0.,1.,1.,1.,1.,1.,6.283185307,0.,1.,               47P     35
3.141592654,0.,0.,1.,0.,0.,1.;                                        47P     36
124,6.12323399573677E-017,-1.,0.,13.,6.12323399573677E-017,           49P     37
3.74939945665464E-033,-1.,-7.9602041944578E-016,1.,                   49P     38
6.12323399573677E-017,6.12323399573677E-017,-13.;                     49P     39
100,0.,13.,0.,15.,0.,11.,0.;                                          51P     40
126,1,1,1,0,1,0,0.,0.,1.,1.,1.,1.,1.,3.141592654,0.,0.,               53P     41
3.141592654,0.,0.,1.,0.,0.,1.;                                        53P     42
110,13.,0.,-2.,13.,-5.,-2.;                                           55P     43
126,1,1,1,0,1,0,0.,0.,1.,1.,1.,1.,0.,3.141592654,0.,0.,               57P     44
6.283185307,0.,0.,1.,0.,0.,1.;                                        57P     45
124,1.65315748515976E-016,-1.,-1.04083408558608E-016,8.,              59P     46
6.12323399573677E-017,-1.04083408558608E-016,1.,-5.,-1.,              59P     47
-1.65315748515976E-016,6.12323399573677E-017,13.;                     59P     48
100,0.,13.,-5.,15.,-5.,11.,-5.;                                       61P     49
102,4,43,47,53,57;                                                    63P     50
102,4,45,51,55,61;                                                    65P     51
142,1,41,63,65,1;                                                     67P     52
144,41,1,0,67;                                                        69P     53
128,1,1,1,1,0,0,1,0,0,0.,0.,1.,1.,0.,0.,1.,1.,1.,1.,1.,1.,-5.,        71P     54
19.2,-3.,-5.,-5.,-3.,-5.,19.2,3.,-5.,-5.,3.,0.,1.,0.,1.;              71P     55
126,1,1,1,0,1,0,0.,0.,1.,1.,1.,1.,1.,1.,0.,0.,1.,0.,0.,1.,0.,         73P     56
0.,1.;                                                                73P     57
110,-5.,-5.,3.,-5.,19.2,3.;                                           75P     58
126,1,1,1,0,1,0,0.,0.,1.,1.,1.,1.,0.,1.,0.,0.,0.,0.,0.,1.,0.,         77P     59
0.,1.;                                                                77P     60
110,-5.,19.2,3.,-5.,19.2,-3.;                                         79P     61
126,1,1,1,0,1,0,0.,0.,1.,1.,1.,1.,0.,0.,0.,1.,0.,0.,0.,1.,0.,         81P     62
0.,1.;                                                                81P     63
110,-5.,19.2,-3.,-5.,-5.,-3.;                                         83P     64
126,1,1,1,0,1,0,0.,0.,1.,1.,1.,1.,1.,0.,0.,1.,1.,0.,0.,1.,0.,         85P     65
0.,1.;                                                                85P     66
110,-5.,-5.,-3.,-5.,-5.,3.;                                           87P     67
102,4,73,77,81,85;                                                    89P     68
102,4,75,79,83,87;                                                    91P     69
142,1,71,89,91,1;                                                     93P     70
126,16,2,1,0,1,0,0.,0.,0.,0.125,0.125,0.25,0.25,0.375,0.375,          95P     71
0.5,0.5,0.625,0.625,0.75,0.75,0.875,0.875,1.,1.,1.,1.,1.,1.,1.,       95P     72
1.,1.,1.,1.,1.,1.,1.,1.,1.,1.,1.,1.,1.,0.338842975,0.5,0.,            95P     73
0.338842975,0.433695878,0.,0.332552027,0.372438856,0.,                95P     74
0.32626108,0.311181834,0.,0.314636924,0.26429774,0.,                  95P     75
0.303012768,0.217413645,0.,0.287825077,0.192040156,0.,                95P     76
0.272637386,0.166666667,0.,0.256198347,0.166666667,0.,                95P     77
0.239759308,0.166666667,0.,0.224571617,0.192040156,0.,                95P     78
0.209383926,0.217413645,0.,0.19775977,0.26429774,0.,                  95P     79
0.186135614,0.311181834,0.,0.179844667,0.372438856,0.,                95P     80
0.173553719,0.433695878,0.,0.173553719,0.5,0.,0.,1.,0.,0.,1.;         95P     81
124,1.38777878078145E-016,6.12323399573657E-017,1.,-5.,-1.,           97P     82
1.38883798172518E-014,1.38777878078145E-016,7.99999999999982,         97P     83
-1.38883798172518E-014,-1.,6.12323399573677E-017,                     97P     84
12.9999999999999;                                                     97P     85
100,0.,-5.,13.,-3.,13.,-7.,13.;                                       99P     86
126,16,2,1,0,1,0,0.,0.,0.,0.125,0.125,0.25,0.25,0.375,0.375,         101P     87
0.5,0.5,0.625,0.625,0.75,0.75,0.875,0.875,1.,1.,1.,1.,1.,1.,1.,      101P     88
1.,1.,1.,1.,1.,1.,1.,1.,1.,1.,1.,1.,1.,0.173553719,0.5,0.,           101P     89
0.173553719,0.566304122,0.,0.179844667,0.627561144,0.,               101P     90
0.186135614,0.688818166,0.,0.19775977,0.73570226,0.,                 101P     91
0.209383926,0.782586355,0.,0.224571617,0.807959844,0.,               101P     92
0.239759308,0.833333333,0.,0.256198347,0.833333333,0.,               101P     93
0.272637386,0.833333333,0.,0.287825077,0.807959844,0.,               101P     94
0.303012768,0.782586355,0.,0.314636924,0.73570226,0.,                101P     95
0.32626108,0.688818166,0.,0.332552027,0.627561144,0.,                101P     96
0.338842975,0.566304122,0.,0.338842975,0.5,0.,0.,1.,0.,0.,1.;        101P     97
124,-1.38777878078145E-016,-6.12323399573676E-017,1.,-5.,1.,         103P     98
-2.4407899181455E-016,1.38777878078145E-016,18.,                     103P     99
2.4407899181455E-016,1.,6.12323399573677E-017,-13.;                  103P    100
100,0.,-5.,13.,-3.,13.,-7.,13.;                                      105P    101
102,2,95,101;                                                        107P    102
102,2,99,105;                                                        109P    103
142,1,71,107,109,1;                                                  111P    104
144,71,1,1,93,111;                                                   113P    105
128,1,1,1,1,0,0,1,0,0,0.,0.,1.,1.,0.,0.,1.,1.,1.,1.,1.,1.,0.,        115P    106
0.,-3.,0.,19.2,-3.,0.,0.,3.,0.,19.2,3.,0.,1.,0.,1.;                  115P    107
126,1,1,1,0,1,0,0.,0.,1.,1.,1.,1.,0.,0.,0.,1.,0.,0.,0.,1.,0.,        117P    108
0.,1.;                                                               117P    109
110,0.,0.,-3.,0.,19.2,-3.;                                           119P    110
126,1,1,1,0,1,0,0.,0.,1.,1.,1.,1.,1.,0.,0.,1.,1.,0.,0.,1.,0.,        121P    111
0.,1.;                                                               121P    112
110,0.,19.2,-3.,0.,19.2,3.;                                          123P    113
126,1,1,1,0,1,0,0.,0.,1.,1.,1.,1.,1.,1.,0.,0.,1.,0.,0.,1.,0.,        125P    114
0.,1.;                                                               125P    115
110,0.,19.2,3.,0.,0.,3.;                                             127P    116
126,1,1,1,0,1,0,0.,0.,1.,1.,1.,1.,0.,1.,0.,0.,0.,0.,0.,1.,0.,        129P    117
0.,1.;                                                               129P    118
110,0.,0.,3.,0.,0.,-3.;                                              131P    119
102,4,117,121,125,129;                                               133P    120
102,4,119,123,127,131;                                               135P    121
142,1,115,133,135,1;                                                 137P    122
126,16,2,1,0,1,0,0.,0.,0.,0.125,0.125,0.25,0.25,0.375,0.375,         139P    123
0.5,0.5,0.625,0.625,0.75,0.75,0.875,0.875,1.,1.,1.,1.,1.,1.,1.,      139P    124
1.,1.,1.,1.,1.,1.,1.,1.,1.,1.,1.,1.,1.,0.78125,0.5,0.,0.78125,       139P    125
0.433695878,0.,0.773320785,0.372438856,0.,0.765391569,               139P    126
0.311181834,0.,0.75074029,0.26429774,0.,0.73608901,0.217413645,      139P    127
0.,0.716946191,0.192040156,0.,0.697803372,0.166666667,0.,            139P    128
0.677083333,0.166666667,0.,0.656363295,0.166666667,0.,               139P    129
0.637220476,0.192040156,0.,0.618077657,0.217413645,0.,               139P    130
0.603426377,0.26429774,0.,0.588775097,0.311181834,0.,                139P    131
0.580845882,0.372438856,0.,0.572916667,0.433695878,0.,               139P    132
0.572916667,0.5,0.,0.,1.,0.,0.,1.;                                   139P    133
124,-2.22044604925031E-016,-6.12323399573677E-017,-1.,               141P    134
-2.09055944457963E-015,1.,6.12323399573676E-017,                     141P    135
-2.22044604925031E-016,13.,6.12323399573676E-017,-1.,                141P    136
6.12323399573677E-017,13.;                                           141P    137
100,0.,0.,13.,2.,13.,-2.,13.;                                        143P    138
126,16,2,1,0,1,0,0.,0.,0.,0.125,0.125,0.25,0.25,0.375,0.375,         145P    139
0.5,0.5,0.625,0.625,0.75,0.75,0.875,0.875,1.,1.,1.,1.,1.,1.,1.,      145P    140
1.,1.,1.,1.,1.,1.,1.,1.,1.,1.,1.,1.,1.,0.572916667,0.5,0.,           145P    141
0.572916667,0.566304122,0.,0.580845882,0.627561144,0.,               145P    142
0.588775097,0.688818166,0.,0.603426377,0.73570226,0.,                145P    143
0.618077657,0.782586355,0.,0.637220476,0.807959844,0.,               145P    144
0.656363295,0.833333333,0.,0.677083333,0.833333333,0.,               145P    145
0.697803372,0.833333333,0.,0.716946191,0.807959844,0.,               145P    146
0.73608901,0.782586355,0.,0.75074029,0.73570226,0.,0.765391569,      145P    147
0.688818166,0.,0.773320785,0.627561144,0.,0.78125,0.566304122,       145P    148
0.,0.78125,0.5,0.,0.,1.,0.,0.,1.;                                    145P    149
124,2.22044604925032E-016,6.12323399573646E-017,-1.,                 147P    150
-3.68260028347115E-015,-1.,1.38051130904049E-014,                    147P    151
-2.22044604925031E-016,12.9999999999998,1.38051130904049E-014,       147P    152
1.,6.12323399573677E-017,-13.;                                       147P    153
100,0.,0.,13.,2.,13.,-2.,13.;                                        149P    154
102,2,139,145;                                                       151P    155
102,2,143,149;                                                       153P    156
142,1,115,151,153,1;                                                 155P    157
144,115,1,1,137,155;                                                 157P    158
128,1,1,1,1,0,0,1,0,0,0.,0.,1.,1.,0.,0.,1.,1.,1.,1.,1.,1.,20.,       159P    159
-5.,-3.,-5.,-5.,-3.,20.,20.,-3.,-5.,20.,-3.,0.,1.,0.,1.;             159P    160
126,1,1,1,0,1,0,0.,0.,1.,1.,1.,1.,1.,0.,0.,1.,0.968,0.,0.,1.,        161P    161
0.,0.,1.;                                                            161P    162
110,-5.,-5.,-3.,-5.,19.2,-3.;                                        163P    163
126,8,2,1,0,1,0,0.,0.,0.,0.25,0.25,0.5,0.5,0.75,0.75,1.,1.,1.,       165P    164
1.,1.,1.,1.,1.,1.,1.,1.,1.,1.,0.968,0.,1.,0.974365196,0.,            165P    165
0.997564145,0.98024587,0.,0.99512829,0.986126544,0.,                 165P    166
0.990627417,0.990627417,0.,0.986126544,0.99512829,0.,                165P    167
0.98024587,0.997564145,0.,0.974365196,1.,0.,0.968,1.,0.,0.,1.,       165P    168
0.,0.,-1.;                                                           165P    169
124,-1.,-6.66133814775094E-016,6.98296267768627E-015,                167P    170
-8.39999999999997,-6.66133814775094E-016,1.,0.,                      167P    171
-2.12607709215718E-015,-6.98296267768627E-015,                       167P    172
-4.65158756923706E-030,-1.,-6.00000000000003;                        167P    173
100,-3.,-4.2,19.2,-3.4,19.2,-4.2,20.;                                169P    174
126,1,1,1,0,1,0,0.,0.,1.,1.,1.,1.,0.968,1.,0.,0.95,1.,0.,0.,1.,      171P    175
0.,0.,1.;                                                            171P    176
110,-4.2,20.,-3.,-3.75,20.,-3.;                                      173P    177
126,1,1,1,0,1,0,0.,0.,1.,1.,1.,1.,0.95,1.,0.,0.95,0.4,0.,0.,1.,      175P    178
0.,0.,1.;                                                            175P    179
110,-3.75,20.,-3.,-3.75,5.,-3.;                                      177P    180
126,1,1,1,0,1,0,0.,0.,1.,1.,1.,1.,0.95,0.4,0.,0.85,0.4,0.,0.,        179P    181
1.,0.,0.,1.;                                                         179P    182
110,-3.75,5.,-3.,-1.25,5.,-3.;                                       181P    183
126,1,1,1,0,1,0,0.,0.,1.,1.,1.,1.,0.85,0.4,0.,0.85,1.,0.,0.,1.,      183P    184
0.,0.,1.;                                                            183P    185
110,-1.25,5.,-3.,-1.25,20.,-3.;                                      185P    186
126,1,1,1,0,1,0,0.,0.,1.,1.,1.,1.,0.85,1.,0.,0.832,1.,0.,0.,1.,      187P    187
0.,0.,1.;                                                            187P    188
110,-1.25,20.,-3.,-0.8,20.,-3.;                                      189P    189
126,8,2,1,0,1,0,0.,0.,0.,0.25,0.25,0.5,0.5,0.75,0.75,1.,1.,1.,       191P    190
1.,1.,1.,1.,1.,1.,1.,1.,1.,0.832,1.,0.,0.825634804,1.,0.,            191P    191
0.81975413,0.997564145,0.,0.813873456,0.99512829,0.,                 191P    192
0.809372583,0.990627417,0.,0.80487171,0.986126544,0.,                191P    193
0.802435855,0.98024587,0.,0.8,0.974365196,0.,0.8,0.968,0.,0.,        191P    194
1.,0.,0.,-1.;                                                        191P    195
124,1.40271576922773E-014,1.,0.,-20.,1.,-1.40271576922773E-014,      193P    196
-6.98296267768627E-015,20.0000000000002,-6.98296267768627E-015,      193P    197
9.79511186594754E-029,-1.,-6.00000000000001;                         193P    198
100,-3.,-0.8,19.2,0.,19.2,-0.8,20.;                                  195P    199
126,1,1,1,0,1,0,0.,0.,1.,1.,1.,1.,0.8,0.968,0.,0.8,0.2,0.,0.,        197P    200
1.,0.,0.,1.;                                                         197P    201
110,0.,19.2,-3.,0.,0.,-3.;                                           199P    202
126,1,1,1,0,1,0,0.,0.,1.,1.,1.,1.,0.8,0.2,0.,0.032,0.2,0.,0.,        201P    203
1.,0.,0.,1.;                                                         201P    204
110,0.,0.,-3.,19.2,0.,-3.;                                           203P    205
126,8,2,1,0,1,0,0.,0.,0.,0.25,0.25,0.5,0.5,0.75,0.75,1.,1.,1.,       205P    206
1.,1.,1.,1.,1.,1.,1.,1.,1.,0.032,0.2,0.,0.025634804,0.2,0.,          205P    207
0.01975413,0.197564145,0.,0.013873456,0.19512829,0.,                 205P    208
0.009372583,0.190627417,0.,0.00487171,0.186126544,0.,                205P    209
0.002435855,0.18024587,0.,0.,0.174365196,0.,0.,0.168,0.,0.,1.,       205P    210
0.,0.,-1.;                                                           205P    211
124,1.40271576922773E-014,1.,0.,19.9999999999997,1.,                 207P    212
-1.40271576922773E-014,-6.98296267768627E-015,-20.,                  207P    213
-6.98296267768627E-015,9.79511186594754E-029,-1.,                    207P    214
-5.99999999999987;                                                   207P    215
100,-3.,19.2,-0.8,20.,-0.8,19.2,0.;                                  209P    216
126,1,1,1,0,1,0,0.,0.,1.,1.,1.,1.,0.,0.168,0.,0.,0.13,0.,0.,1.,      211P    217
0.,0.,1.;                                                            211P    218
110,20.,-0.8,-3.,20.,-1.75,-3.;                                      213P    219
126,1,1,1,0,1,0,0.,0.,1.,1.,1.,1.,0.,0.13,0.,0.95,0.13,0.,0.,        215P    220
1.,0.,0.,1.;                                                         215P    221
110,20.,-1.75,-3.,-3.75,-1.75,-3.;                                   217P    222
126,1,1,1,0,1,0,0.,0.,1.,1.,1.,1.,0.95,0.13,0.,0.95,0.,0.,0.,        219P    223
1.,0.,0.,1.;                                                         219P    224
110,-3.75,-1.75,-3.,-3.75,-5.,-3.;                                   221P    225
126,1,1,1,0,1,0,0.,0.,1.,1.,1.,1.,0.95,0.,0.,1.,0.,0.,0.,1.,0.,      223P    226
0.,1.;                                                               223P    227
110,-3.75,-5.,-3.,-5.,-5.,-3.;                                       225P    228
102,15,161,165,171,175,179,183,187,191,197,201,205,211,215,219,      227P    229
223;                                                                 227P    230
102,15,163,169,173,177,181,185,189,195,199,203,209,213,217,221,      229P    231
225;                                                                 229P    232
142,1,159,227,229,1;                                                 231P    233
144,159,1,0,231;                                                     233P    234
128,1,1,1,1,0,0,1,0,0,0.,0.,1.,1.,0.,0.,1.,1.,1.,1.,1.,1.,20.,       235P    235
-5.,3.,-5.,-5.,3.,20.,20.,3.,-5.,20.,3.,0.,1.,0.,1.;                 235P    236
126,1,1,1,0,1,0,0.,0.,1.,1.,1.,1.,0.95,1.,0.,0.95,0.4,0.,0.,1.,      237P    237
0.,0.,1.;                                                            237P    238
110,-3.75,20.,3.,-3.75,5.,3.;                                        239P    239
126,1,1,1,0,1,0,0.,0.,1.,1.,1.,1.,0.95,0.4,0.,0.85,0.4,0.,0.,        241P    240
1.,0.,0.,1.;                                                         241P    241
110,-3.75,5.,3.,-1.25,5.,3.;                                         243P    242
126,1,1,1,0,1,0,0.,0.,1.,1.,1.,1.,0.85,0.4,0.,0.85,1.,0.,0.,1.,      245P    243
0.,0.,1.;                                                            245P    244
110,-1.25,5.,3.,-1.25,20.,3.;                                        247P    245
126,1,1,1,0,1,0,0.,0.,1.,1.,1.,1.,0.85,1.,0.,0.832,1.,0.,0.,1.,      249P    246
0.,0.,1.;                                                            249P    247
110,-1.25,20.,3.,-0.8,20.,3.;                                        251P    248
126,8,2,1,0,1,0,0.,0.,0.,0.25,0.25,0.5,0.5,0.75,0.75,1.,1.,1.,       253P    249
1.,1.,1.,1.,1.,1.,1.,1.,1.,0.832,1.,0.,0.825634804,1.,0.,            253P    250
0.81975413,0.997564145,0.,0.813873456,0.99512829,0.,                 253P    251
0.809372583,0.990627417,0.,0.80487171,0.986126544,0.,                253P    252
0.802435855,0.98024587,0.,0.8,0.974365196,0.,0.8,0.968,0.,0.,        253P    253
1.,0.,0.,-1.;                                                        253P    254
124,1.40271576922773E-014,1.,0.,-20.,1.,-1.40271576922773E-014,      255P    255
-6.98296267768627E-015,20.0000000000003,-6.98296267768627E-015,      255P    256
9.79511186594754E-029,-1.,5.99999999999999;                          255P    257
100,3.,-0.8,19.2,0.,19.2,-0.8,20.;                                   257P    258
126,1,1,1,0,1,0,0.,0.,1.,1.,1.,1.,0.8,0.968,0.,0.8,0.2,0.,0.,        259P    259
1.,0.,0.,1.;                                                         259P    260
110,0.,19.2,3.,0.,0.,3.;                                             261P    261
126,1,1,1,0,1,0,0.,0.,1.,1.,1.,1.,0.8,0.2,0.,0.032,0.2,0.,0.,        263P    262
1.,0.,0.,1.;                                                         263P    263
110,0.,0.,3.,19.2,0.,3.;                                             265P    264
126,8,2,1,0,1,0,0.,0.,0.,0.25,0.25,0.5,0.5,0.75,0.75,1.,1.,1.,       267P    265
1.,1.,1.,1.,1.,1.,1.,1.,1.,0.032,0.2,0.,0.025634804,0.2,0.,          267P    266
0.01975413,0.197564145,0.,0.013873456,0.19512829,0.,                 267P    267
0.009372583,0.190627417,0.,0.00487171,0.186126544,0.,                267P    268
0.002435855,0.18024587,0.,0.,0.174365196,0.,0.,0.168,0.,0.,1.,       267P    269
0.,0.,-1.;                                                           267P    270
124,1.40271576922773E-014,1.,0.,19.9999999999997,1.,                 269P    271
-1.40271576922773E-014,-6.98296267768627E-015,-20.,                  269P    272
-6.98296267768627E-015,9.79511186594754E-029,-1.,                    269P    273
6.00000000000014;                                                    269P    274
100,3.,19.2,-0.8,20.,-0.8,19.2,0.;                                   271P    275
126,1,1,1,0,1,0,0.,0.,1.,1.,1.,1.,0.,0.168,0.,0.,0.13,0.,0.,1.,      273P    276
0.,0.,1.;                                                            273P    277
110,20.,-0.8,3.,20.,-1.75,3.;                                        275P    278
126,1,1,1,0,1,0,0.,0.,1.,1.,1.,1.,0.,0.13,0.,0.95,0.13,0.,0.,        277P    279
1.,0.,0.,1.;                                                         277P    280
110,20.,-1.75,3.,-3.75,-1.75,3.;                                     279P    281
126,1,1,1,0,1,0,0.,0.,1.,1.,1.,1.,0.95,0.13,0.,0.95,0.,0.,0.,        281P    282
1.,0.,0.,1.;                                                         281P    283
110,-3.75,-1.75,3.,-3.75,-5.,3.;                                     283P    284
126,1,1,1,0,1,0,0.,0.,1.,1.,1.,1.,0.95,0.,0.,1.,0.,0.,0.,1.,0.,      285P    285
0.,1.;                                                               285P    286
110,-3.75,-5.,3.,-5.,-5.,3.;                                         287P    287
126,1,1,1,0,1,0,0.,0.,1.,1.,1.,1.,1.,0.,0.,1.,0.968,0.,0.,1.,        289P    288
0.,0.,1.;                                                            289P    289
110,-5.,-5.,3.,-5.,19.2,3.;                                          291P    290
126,8,2,1,0,1,0,0.,0.,0.,0.25,0.25,0.5,0.5,0.75,0.75,1.,1.,1.,       293P    291
1.,1.,1.,1.,1.,1.,1.,1.,1.,1.,0.968,0.,1.,0.974365196,0.,            293P    292
0.997564145,0.98024587,0.,0.99512829,0.986126544,0.,                 293P    293
0.990627417,0.990627417,0.,0.986126544,0.99512829,0.,                293P    294
0.98024587,0.997564145,0.,0.974365196,1.,0.,0.968,1.,0.,0.,1.,       293P    295
0.,0.,-1.;                                                           293P    296
124,-1.,-6.66133814775094E-016,6.98296267768627E-015,                295P    297
-8.40000000000001,-6.66133814775094E-016,1.,0.,                      295P    298
-2.12607709215715E-015,-6.98296267768627E-015,                       295P    299
-4.65158756923706E-030,-1.,5.99999999999997;                         295P    300
100,3.,-4.2,19.2,-3.4,19.2,-4.2,20.;                                 297P    301
126,1,1,1,0,1,0,0.,0.,1.,1.,1.,1.,0.968,1.,0.,0.95,1.,0.,0.,1.,      299P    302
0.,0.,1.;                                                            299P    303
110,-4.2,20.,3.,-3.75,20.,3.;                                        301P    304
102,15,237,241,245,249,253,259,263,267,273,277,281,285,289,293,      303P    305
299;                                                                 303P    306
102,15,239,243,247,251,257,261,265,271,275,279,283,287,291,297,      305P    307
301;                                                                 305P    308
142,1,235,303,305,1;                                                 307P    309
144,235,1,0,307;                                                     309P    310
128,1,1,1,1,0,0,1,0,0,0.,0.,1.,1.,0.,0.,1.,1.,1.,1.,1.,1.,19.2,      311P    311
0.,-3.,0.,0.,-3.,19.2,0.,3.,0.,0.,3.,0.,1.,0.,1.;                    311P    312
126,1,1,1,0,1,0,0.,0.,1.,1.,1.,1.,1.,1.,0.,0.,1.,0.,0.,1.,0.,        313P    313
0.,1.;                                                               313P    314
110,0.,0.,3.,19.2,0.,3.;                                             315P    315
126,1,1,1,0,1,0,0.,0.,1.,1.,1.,1.,0.,1.,0.,0.,0.,0.,0.,1.,0.,        317P    316
0.,1.;                                                               317P    317
110,19.2,0.,3.,19.2,0.,-3.;                                          319P    318
126,1,1,1,0,1,0,0.,0.,1.,1.,1.,1.,0.,0.,0.,1.,0.,0.,0.,1.,0.,        321P    319
0.,1.;                                                               321P    320
110,19.2,0.,-3.,0.,0.,-3.;                                           323P    321
126,1,1,1,0,1,0,0.,0.,1.,1.,1.,1.,1.,0.,0.,1.,1.,0.,0.,1.,0.,        325P    322
0.,1.;                                                               325P    323
110,0.,0.,-3.,0.,0.,3.;                                              327P    324
102,4,313,317,321,325;                                               329P    325
102,4,315,319,323,327;                                               331P    326
142,1,311,329,331,1;                                                 333P    327
126,16,2,1,0,1,0,0.,0.,0.,0.125,0.125,0.25,0.25,0.375,0.375,         335P    328
0.5,0.5,0.625,0.625,0.75,0.75,0.875,0.875,1.,1.,1.,1.,1.,1.,1.,      335P    329
1.,1.,1.,1.,1.,1.,1.,1.,1.,1.,1.,1.,1.,0.322916667,0.166666667,      335P    330
0.,0.302196628,0.166666667,0.,0.283053809,0.192040156,0.,            335P    331
0.26391099,0.217413645,0.,0.24925971,0.26429774,0.,0.234608431,      335P    332
0.311181834,0.,0.226679215,0.372438856,0.,0.21875,0.433695878,       335P    333
0.,0.21875,0.5,0.,0.21875,0.566304122,0.,0.226679215,                335P    334
0.627561144,0.,0.234608431,0.688818166,0.,0.24925971,                335P    335
0.73570226,0.,0.26391099,0.782586355,0.,0.283053809,                 335P    336
0.807959844,0.,0.302196628,0.833333333,0.,0.322916667,               335P    337
0.833333333,0.,0.,1.,0.,0.,1.;                                       335P    338
124,1.40271576953299E-014,1.,0.,12.9999999999998,                    337P    339
-6.12323399573677E-017,8.58915688636046E-031,-1.,                    337P    340
7.96020419445779E-016,-1.,1.40271576953299E-014,                     337P    341
6.12323399573677E-017,13.;                                           337P    342
100,0.,13.,0.,15.,0.,11.,0.;                                         339P    343
126,16,2,1,0,1,0,0.,0.,0.,0.125,0.125,0.25,0.25,0.375,0.375,         341P    344
0.5,0.5,0.625,0.625,0.75,0.75,0.875,0.875,1.,1.,1.,1.,1.,1.,1.,      341P    345
1.,1.,1.,1.,1.,1.,1.,1.,1.,1.,1.,1.,1.,0.322916667,0.833333333,      341P    346
0.,0.343636705,0.833333333,0.,0.362779524,0.807959844,0.,            341P    347
0.381922343,0.782586355,0.,0.396573623,0.73570226,0.,                341P    348
0.411224903,0.688818166,0.,0.419154118,0.627561144,0.,               341P    349
0.427083333,0.566304122,0.,0.427083333,0.5,0.,0.427083333,           341P    350
0.433695878,0.,0.419154118,0.372438856,0.,0.411224903,               341P    351
0.311181834,0.,0.396573623,0.26429774,0.,0.381922343,                341P    352
0.217413645,0.,0.362779524,0.192040156,0.,0.343636705,               341P    353
0.166666667,0.,0.322916667,0.166666667,0.,0.,1.,0.,0.,1.;            341P    354
124,6.12323399573677E-017,-1.,0.,13.,6.12323399573677E-017,          343P    355
3.74939945665464E-033,-1.,-7.9602041944578E-016,1.,                  343P    356
6.12323399573677E-017,6.12323399573677E-017,-13.;                    343P    357
100,0.,13.,0.,15.,0.,11.,0.;                                         345P    358
102,2,335,341;                                                       347P    359
102,2,339,345;                                                       349P    360
142,1,311,347,349,1;                                                 351P    361
144,311,1,1,333,351;                                                 353P    362
128,1,1,1,1,0,0,1,0,0,0.,0.,1.,1.,0.,0.,1.,1.,1.,1.,1.,1.,20.,       355P    363
-4.2,3.017949192,20.,-4.2,-3.017949192,20.,-0.8,3.017949192,         355P    364
20.,-0.8,-3.017949192,0.,1.,0.,1.;                                   355P    365
126,1,1,1,0,1,0,0.,0.,1.,1.,1.,1.,0.,0.720588235,0.,0.,0.,0.,        357P    366
0.,1.,0.,0.,1.;                                                      357P    367
110,20.,-1.75,3.017949192,20.,-4.2,3.017949192;                      359P    368
126,1,1,1,0,1,0,0.,0.,1.,1.,1.,1.,0.,0.,0.,1.,0.,0.,0.,1.,0.,        361P    369
0.,1.;                                                               361P    370
110,20.,-4.2,3.017949192,20.,-4.2,-3.017949192;                      363P    371
126,1,1,1,0,1,0,0.,0.,1.,1.,1.,1.,1.,0.,0.,1.,0.720588235,0.,        365P    372
0.,1.,0.,0.,1.;                                                      365P    373
110,20.,-4.2,-3.017949192,20.,-1.75,-3.017949192;                    367P    374
126,1,1,1,0,1,0,0.,0.,1.,1.,1.,1.,1.,0.720588235,0.,0.99702626,      369P    375
0.720588235,0.,0.,1.,0.,0.,1.;                                       369P    376
110,20.,-1.75,-3.017949192,20.,-1.75,-3.;                            371P    377
126,1,1,1,0,1,0,0.,0.,1.,1.,1.,1.,0.99702626,0.720588235,0.,         373P    378
0.99702626,1.,0.,0.,1.,0.,0.,1.;                                     373P    379
110,20.,-1.75,-3.,20.,-0.8,-3.;                                      375P    380
126,1,1,1,0,1,0,0.,0.,1.,1.,1.,1.,0.99702626,1.,0.,0.00297374,       377P    381
1.,0.,0.,1.,0.,0.,1.;                                                377P    382
110,20.,-0.8,-3.,20.,-0.8,3.;                                        379P    383
126,1,1,1,0,1,0,0.,0.,1.,1.,1.,1.,0.00297374,1.,0.,0.00297374,       381P    384
0.720588235,0.,0.,1.,0.,0.,1.;                                       381P    385
110,20.,-0.8,3.,20.,-1.75,3.;                                        383P    386
126,1,1,1,0,1,0,0.,0.,1.,1.,1.,1.,0.00297374,0.720588235,0.,0.,      385P    387
0.720588235,0.,0.,1.,0.,0.,1.;                                       385P    388
110,20.,-1.75,3.,20.,-1.75,3.017949192;                              387P    389
102,8,357,361,365,369,373,377,381,385;                               389P    390
102,8,359,363,367,371,375,379,383,387;                               391P    391
142,1,355,389,391,1;                                                 393P    392
144,355,1,0,393;                                                     395P    393
128,1,1,1,1,0,0,1,0,0,0.,0.,1.,1.,0.,0.,1.,1.,1.,1.,1.,1.,-5.,       397P    394
-5.,-3.011426524,19.2,-5.,-3.011426524,-5.,-5.,3.011426524,          397P    395
19.2,-5.,3.011426524,0.,1.,0.,1.;                                    397P    396
126,1,1,1,0,1,0,0.,0.,1.,1.,1.,1.,0.051652893,0.,0.,1.,0.,0.,        399P    397
0.,1.,0.,0.,1.;                                                      399P    398
110,-3.75,-5.,-3.011426524,19.2,-5.,-3.011426524;                    401P    399
126,1,1,1,0,1,0,0.,0.,1.,1.,1.,1.,1.,0.,0.,1.,1.,0.,0.,1.,0.,        403P    400
0.,1.;                                                               403P    401
110,19.2,-5.,-3.011426524,19.2,-5.,3.011426524;                      405P    402
126,1,1,1,0,1,0,0.,0.,1.,1.,1.,1.,1.,1.,0.,0.051652893,1.,0.,        407P    403
0.,1.,0.,0.,1.;                                                      407P    404
110,19.2,-5.,3.011426524,-3.75,-5.,3.011426524;                      409P    405
126,1,1,1,0,1,0,0.,0.,1.,1.,1.,1.,0.051652893,1.,0.,                 411P    406
0.051652893,0.998102805,0.,0.,1.,0.,0.,1.;                           411P    407
110,-3.75,-5.,3.011426524,-3.75,-5.,3.;                              413P    408
126,1,1,1,0,1,0,0.,0.,1.,1.,1.,1.,0.051652893,0.998102805,0.,        415P    409
0.,0.998102805,0.,0.,1.,0.,0.,1.;                                    415P    410
110,-3.75,-5.,3.,-5.,-5.,3.;                                         417P    411
126,1,1,1,0,1,0,0.,0.,1.,1.,1.,1.,0.,0.998102805,0.,0.,              419P    412
0.001897195,0.,0.,1.,0.,0.,1.;                                       419P    413
110,-5.,-5.,3.,-5.,-5.,-3.;                                          421P    414
126,1,1,1,0,1,0,0.,0.,1.,1.,1.,1.,0.,0.001897195,0.,                 423P    415
0.051652893,0.001897195,0.,0.,1.,0.,0.,1.;                           423P    416
110,-5.,-5.,-3.,-3.75,-5.,-3.;                                       425P    417
126,1,1,1,0,1,0,0.,0.,1.,1.,1.,1.,0.051652893,0.001897195,0.,        427P    418
0.051652893,0.,0.,0.,1.,0.,0.,1.;                                    427P    419
110,-3.75,-5.,-3.,-3.75,-5.,-3.011426524;                            429P    420
102,8,399,403,407,411,415,419,423,427;                               431P    421
102,8,401,405,409,413,417,421,425,429;                               433P    422
142,1,397,431,433,1;                                                 435P    423
126,16,2,1,0,1,0,0.,0.,0.,0.125,0.125,0.25,0.25,0.375,0.375,         437P    424
0.5,0.5,0.625,0.625,0.75,0.75,0.875,0.875,1.,1.,1.,1.,1.,1.,1.,      437P    425
1.,1.,1.,1.,1.,1.,1.,1.,1.,1.,1.,1.,1.,0.743801653,0.832068537,      437P    426
0.,0.760240692,0.832068537,0.,0.775428383,0.806791325,0.,            437P    427
0.790616074,0.781514112,0.,0.80224023,0.734807914,0.,                437P    428
0.813864386,0.688101716,0.,0.820155333,0.627077127,0.,               437P    429
0.826446281,0.566052539,0.,0.826446281,0.5,0.,0.826446281,           437P    430
0.433947461,0.,0.820155333,0.372922873,0.,0.813864386,               437P    431
0.311898284,0.,0.80224023,0.265192086,0.,0.790616074,                437P    432
0.218485888,0.,0.775428383,0.193208675,0.,0.760240692,               437P    433
0.167931463,0.,0.743801653,0.167931463,0.,0.,1.,0.,0.,1.;            437P    434
124,1.39230742867713E-014,1.,-1.04083408558608E-016,                 439P    435
17.9999999999998,-6.12323399573662E-017,1.04083408558609E-016,       439P    436
1.,-5.,1.,-1.39230742867713E-014,6.12323399573677E-017,              439P    437
-13.0000000000001;                                                   439P    438
100,0.,13.,-5.,15.,-5.,11.,-5.;                                      441P    439
126,16,2,1,0,1,0,0.,0.,0.,0.125,0.125,0.25,0.25,0.375,0.375,         443P    440
0.5,0.5,0.625,0.625,0.75,0.75,0.875,0.875,1.,1.,1.,1.,1.,1.,1.,      443P    441
1.,1.,1.,1.,1.,1.,1.,1.,1.,1.,1.,1.,1.,0.743801653,0.167931463,      443P    442
0.,0.727362614,0.167931463,0.,0.712174923,0.193208675,0.,            443P    443
0.696987232,0.218485888,0.,0.685363076,0.265192086,0.,               443P    444
0.67373892,0.311898284,0.,0.667447973,0.372922873,0.,                443P    445
0.661157025,0.433947461,0.,0.661157025,0.5,0.,0.661157025,           443P    446
0.566052539,0.,0.667447973,0.627077127,0.,0.67373892,                443P    447
0.688101716,0.,0.685363076,0.734807914,0.,0.696987232,               443P    448
0.781514112,0.,0.712174923,0.806791325,0.,0.727362614,               443P    449
0.832068537,0.,0.743801653,0.832068537,0.,0.,1.,0.,0.,1.;            443P    450
124,1.65315748515976E-016,-1.,-1.04083408558608E-016,8.,             445P    451
6.12323399573677E-017,-1.04083408558608E-016,1.,-5.,-1.,             445P    452
-1.65315748515976E-016,6.12323399573677E-017,13.;                    445P    453
100,0.,13.,-5.,15.,-5.,11.,-5.;                                      447P    454
102,2,437,443;                                                       449P    455
102,2,441,447;                                                       451P    456
142,1,397,449,451,1;                                                 453P    457
144,397,1,1,435,453;                                                 455P    458
128,1,1,1,1,0,0,1,0,0,0.,0.,1.,1.,0.,0.,1.,1.,1.,1.,1.,1.,-4.2,      457P    459
20.,-4.25,-4.2,20.,4.25,-0.8,20.,-4.25,-0.8,20.,4.25,0.,1.,0.,       457P    460
1.;                                                                  457P    461
126,1,1,1,0,1,0,0.,0.,1.,1.,1.,1.,0.147058824,0.132352941,0.,        459P    462
0.147058824,0.,0.,0.,1.,0.,0.,1.;                                    459P    463
110,-3.75,20.,-3.,-4.2,20.,-3.;                                      461P    464
126,1,1,1,0,1,0,0.,0.,1.,1.,1.,1.,0.147058824,0.,0.,                 463P    465
0.852941176,0.,0.,0.,1.,0.,0.,1.;                                    463P    466
110,-4.2,20.,-3.,-4.2,20.,3.;                                        465P    467
126,1,1,1,0,1,0,0.,0.,1.,1.,1.,1.,0.852941176,0.,0.,                 467P    468
0.852941176,0.132352941,0.,0.,1.,0.,0.,1.;                           467P    469
110,-4.2,20.,3.,-3.75,20.,3.;                                        469P    470
126,1,1,1,0,1,0,0.,0.,1.,1.,1.,1.,0.852941176,0.132352941,0.,        471P    471
1.,0.132352941,0.,0.,1.,0.,0.,1.;                                    471P    472
110,-3.75,20.,3.,-3.75,20.,4.25;                                     473P    473
126,1,1,1,0,1,0,0.,0.,1.,1.,1.,1.,1.,0.132352941,0.,1.,              475P    474
0.867647059,0.,0.,1.,0.,0.,1.;                                       475P    475
110,-3.75,20.,4.25,-1.25,20.,4.25;                                   477P    476
126,1,1,1,0,1,0,0.,0.,1.,1.,1.,1.,1.,0.867647059,0.,                 479P    477
0.852941176,0.867647059,0.,0.,1.,0.,0.,1.;                           479P    478
110,-1.25,20.,4.25,-1.25,20.,3.;                                     481P    479
126,1,1,1,0,1,0,0.,0.,1.,1.,1.,1.,0.852941176,0.867647059,0.,        483P    480
0.852941176,1.,0.,0.,1.,0.,0.,1.;                                    483P    481
110,-1.25,20.,3.,-0.8,20.,3.;                                        485P    482
126,1,1,1,0,1,0,0.,0.,1.,1.,1.,1.,0.852941176,1.,0.,                 487P    483
0.147058824,1.,0.,0.,1.,0.,0.,1.;                                    487P    484
110,-0.8,20.,3.,-0.8,20.,-3.;                                        489P    485
126,1,1,1,0,1,0,0.,0.,1.,1.,1.,1.,0.147058824,1.,0.,                 491P    486
0.147058824,0.867647059,0.,0.,1.,0.,0.,1.;                           491P    487
110,-0.8,20.,-3.,-1.25,20.,-3.;                                      493P    488
126,1,1,1,0,1,0,0.,0.,1.,1.,1.,1.,0.147058824,0.867647059,0.,        495P    489
0.,0.867647059,0.,0.,1.,0.,0.,1.;                                    495P    490
110,-1.25,20.,-3.,-1.25,20.,-4.25;                                   497P    491
126,1,1,1,0,1,0,0.,0.,1.,1.,1.,1.,0.,0.867647059,0.,0.,              499P    492
0.132352941,0.,0.,1.,0.,0.,1.;                                       499P    493
110,-1.25,20.,-4.25,-3.75,20.,-4.25;                                 501P    494
126,1,1,1,0,1,0,0.,0.,1.,1.,1.,1.,0.,0.132352941,0.,                 503P    495
0.147058824,0.132352941,0.,0.,1.,0.,0.,1.;                           503P    496
110,-3.75,20.,-4.25,-3.75,20.,-3.;                                   505P    497
102,12,459,463,467,471,475,479,483,487,491,495,499,503;              507P    498
102,12,461,465,469,473,477,481,485,489,493,497,501,505;              509P    499
142,1,457,507,509,1;                                                 511P    500
144,457,1,0,511;                                                     513P    501
128,1,1,1,1,0,0,1,0,0,0.,0.,1.,1.,0.,0.,1.,1.,1.,1.,1.,1.,           515P    502
-3.75,5.,3.,-3.75,20.,3.,-3.75,5.,4.25,-3.75,20.,4.25,0.,1.,0.,      515P    503
1.;                                                                  515P    504
126,1,1,1,0,1,0,0.,0.,1.,1.,1.,1.,0.,0.,0.,1.,0.,0.,0.,1.,0.,        517P    505
0.,1.;                                                               517P    506
110,-3.75,5.,3.,-3.75,20.,3.;                                        519P    507
126,1,1,1,0,1,0,0.,0.,1.,1.,1.,1.,1.,0.,0.,1.,1.,0.,0.,1.,0.,        521P    508
0.,1.;                                                               521P    509
110,-3.75,20.,3.,-3.75,20.,4.25;                                     523P    510
126,1,1,1,0,1,0,0.,0.,1.,1.,1.,1.,1.,1.,0.,0.,1.,0.,0.,1.,0.,        525P    511
0.,1.;                                                               525P    512
110,-3.75,20.,4.25,-3.75,5.,4.25;                                    527P    513
126,1,1,1,0,1,0,0.,0.,1.,1.,1.,1.,0.,1.,0.,0.,0.,0.,0.,1.,0.,        529P    514
0.,1.;                                                               529P    515
110,-3.75,5.,4.25,-3.75,5.,3.;                                       531P    516
102,4,517,521,525,529;                                               533P    517
102,4,519,523,527,531;                                               535P    518
142,1,515,533,535,1;                                                 537P    519
144,515,1,0,537;                                                     539P    520
128,1,1,1,1,0,0,1,0,0,0.,0.,1.,1.,0.,0.,1.,1.,1.,1.,1.,1.,           541P    521
-1.25,5.,3.,-3.75,5.,3.,-1.25,5.,4.25,-3.75,5.,4.25,0.,1.,0.,        541P    522
1.;                                                                  541P    523
126,1,1,1,0,1,0,0.,0.,1.,1.,1.,1.,0.,0.,0.,1.,0.,0.,0.,1.,0.,        543P    524
0.,1.;                                                               543P    525
110,-1.25,5.,3.,-3.75,5.,3.;                                         545P    526
126,1,1,1,0,1,0,0.,0.,1.,1.,1.,1.,1.,0.,0.,1.,1.,0.,0.,1.,0.,        547P    527
0.,1.;                                                               547P    528
110,-3.75,5.,3.,-3.75,5.,4.25;                                       549P    529
126,1,1,1,0,1,0,0.,0.,1.,1.,1.,1.,1.,1.,0.,0.,1.,0.,0.,1.,0.,        551P    530
0.,1.;                                                               551P    531
110,-3.75,5.,4.25,-1.25,5.,4.25;                                     553P    532
126,1,1,1,0,1,0,0.,0.,1.,1.,1.,1.,0.,1.,0.,0.,0.,0.,0.,1.,0.,        555P    533
0.,1.;                                                               555P    534
110,-1.25,5.,4.25,-1.25,5.,3.;                                       557P    535
102,4,543,547,551,555;                                               559P    536
102,4,545,549,553,557;                                               561P    537
142,1,541,559,561,1;                                                 563P    538
144,541,1,0,563;                                                     565P    539
128,1,1,1,1,0,0,1,0,0,0.,0.,1.,1.,0.,0.,1.,1.,1.,1.,1.,1.,           567P    540
-1.25,20.,3.,-1.25,5.,3.,-1.25,20.,4.25,-1.25,5.,4.25,0.,1.,0.,      567P    541
1.;                                                                  567P    542
126,1,1,1,0,1,0,0.,0.,1.,1.,1.,1.,0.,0.,0.,1.,0.,0.,0.,1.,0.,        569P    543
0.,1.;                                                               569P    544
110,-1.25,20.,3.,-1.25,5.,3.;                                        571P    545
126,1,1,1,0,1,0,0.,0.,1.,1.,1.,1.,1.,0.,0.,1.,1.,0.,0.,1.,0.,        573P    546
0.,1.;                                                               573P    547
110,-1.25,5.,3.,-1.25,5.,4.25;                                       575P    548
126,1,1,1,0,1,0,0.,0.,1.,1.,1.,1.,1.,1.,0.,0.,1.,0.,0.,1.,0.,        577P    549
0.,1.;                                                               577P    550
110,-1.25,5.,4.25,-1.25,20.,4.25;                                    579P    551
126,1,1,1,0,1,0,0.,0.,1.,1.,1.,1.,0.,1.,0.,0.,0.,0.,0.,1.,0.,        581P    552
0.,1.;                                                               581P    553
110,-1.25,20.,4.25,-1.25,20.,3.;                                     583P    554
102,4,569,573,577,581;                                               585P    555
102,4,571,575,579,583;                                               587P    556
142,1,567,585,587,1;                                                 589P    557
144,567,1,0,589;                                                     591P    558
128,1,1,1,1,0,0,1,0,0,0.,0.,1.,1.,0.,0.,1.,1.,1.,1.,1.,1.,           593P    559
-3.25,5.5,4.75,-1.75,5.5,4.75,-3.25,19.5,4.75,-1.75,19.5,4.75,       593P    560
0.,1.,0.,1.;                                                         593P    561
126,1,1,1,0,1,0,0.,0.,1.,1.,1.,1.,1.,0.,0.,1.,1.,0.,0.,1.,0.,        595P    562
0.,1.;                                                               595P    563
110,-1.75,5.5,4.75,-1.75,19.5,4.75;                                  597P    564
126,1,1,1,0,1,0,0.,0.,1.,1.,1.,1.,1.,1.,0.,0.,1.,0.,0.,1.,0.,        599P    565
0.,1.;                                                               599P    566
110,-1.75,19.5,4.75,-3.25,19.5,4.75;                                 601P    567
126,1,1,1,0,1,0,0.,0.,1.,1.,1.,1.,0.,1.,0.,0.,0.,0.,0.,1.,0.,        603P    568
0.,1.;                                                               603P    569
110,-3.25,19.5,4.75,-3.25,5.5,4.75;                                  605P    570
126,1,1,1,0,1,0,0.,0.,1.,1.,1.,1.,0.,0.,0.,1.,0.,0.,0.,1.,0.,        607P    571
0.,1.;                                                               607P    572
110,-3.25,5.5,4.75,-1.75,5.5,4.75;                                   609P    573
102,4,595,599,603,607;                                               611P    574
102,4,597,601,605,609;                                               613P    575
142,1,593,611,613,1;                                                 615P    576
144,593,1,0,615;                                                     617P    577
128,1,1,1,1,0,0,1,0,0,0.,0.,1.,1.,0.,0.,1.,1.,1.,1.,1.,1.,           619P    578
-3.75,-1.75,3.,20.,-1.75,3.,-3.75,-1.75,4.75,20.,-1.75,4.75,0.,      619P    579
1.,0.,1.;                                                            619P    580
126,1,1,1,0,1,0,0.,0.,1.,1.,1.,1.,0.126315789,1.,0.,0.,              621P    581
0.010256681,0.,0.,1.,0.,0.,1.;                                       621P    582
110,-0.75,-1.75,4.75,-3.75,-1.75,3.017949192;                        623P    583
126,1,1,1,0,1,0,0.,0.,1.,1.,1.,1.,0.,0.010256681,0.,0.,0.,0.,        625P    584
0.,1.,0.,0.,1.;                                                      625P    585
110,-3.75,-1.75,3.017949192,-3.75,-1.75,3.;                          627P    586
126,1,1,1,0,1,0,0.,0.,1.,1.,1.,1.,0.,0.,0.,1.,0.,0.,0.,1.,0.,        629P    587
0.,1.;                                                               629P    588
110,-3.75,-1.75,3.,20.,-1.75,3.;                                     631P    589
126,1,1,1,0,1,0,0.,0.,1.,1.,1.,1.,1.,0.,0.,1.,0.010256681,0.,        633P    590
0.,1.,0.,0.,1.;                                                      633P    591
110,20.,-1.75,3.,20.,-1.75,3.017949192;                              635P    592
126,1,1,1,0,1,0,0.,0.,1.,1.,1.,1.,1.,0.010256681,0.,                 637P    593
0.873684211,1.,0.,0.,1.,0.,0.,1.;                                    637P    594
110,20.,-1.75,3.017949192,17.,-1.75,4.75;                            639P    595
126,1,1,1,0,1,0,0.,0.,1.,1.,1.,1.,0.873684211,1.,0.,                 641P    596
0.126315789,1.,0.,0.,1.,0.,0.,1.;                                    641P    597
110,17.,-1.75,4.75,-0.75,-1.75,4.75;                                 643P    598
102,6,621,625,629,633,637,641;                                       645P    599
102,6,623,627,631,635,639,643;                                       647P    600
142,1,619,645,647,1;                                                 649P    601
144,619,1,0,649;                                                     651P    602
128,1,1,1,1,0,0,1,0,0,0.,0.,1.,1.,0.,0.,1.,1.,1.,1.,1.,1.,           653P    603
-3.75,-5.,3.,-3.75,-1.75,3.,-3.75,-5.,3.017949192,-3.75,-1.75,       653P    604
3.017949192,0.,1.,0.,1.;                                             653P    605
126,1,1,1,0,1,0,0.,0.,1.,1.,1.,1.,0.,0.,0.,1.,0.,0.,0.,1.,0.,        655P    606
0.,1.;                                                               655P    607
110,-3.75,-5.,3.,-3.75,-1.75,3.;                                     657P    608
126,1,1,1,0,1,0,0.,0.,1.,1.,1.,1.,1.,0.,0.,1.,1.,0.,0.,1.,0.,        659P    609
0.,1.;                                                               659P    610
110,-3.75,-1.75,3.,-3.75,-1.75,3.017949192;                          661P    611
126,1,1,1,0,1,0,0.,0.,1.,1.,1.,1.,1.,1.,0.,0.00230876,1.,0.,0.,      663P    612
1.,0.,0.,1.;                                                         663P    613
110,-3.75,-1.75,3.017949192,-3.75,-4.992496529,3.017949192;          665P    614
126,1,1,1,0,1,0,0.,0.,1.,1.,1.,1.,0.00230876,1.,0.,0.,               667P    615
0.636603814,0.,0.,1.,0.,0.,1.;                                       667P    616
110,-3.75,-4.992496529,3.017949192,-3.75,-5.,3.011426524;            669P    617
126,1,1,1,0,1,0,0.,0.,1.,1.,1.,1.,0.,0.636603814,0.,0.,0.,0.,        671P    618
0.,1.,0.,0.,1.;                                                      671P    619
110,-3.75,-5.,3.011426524,-3.75,-5.,3.;                              673P    620
102,5,655,659,663,667,671;                                           675P    621
102,5,657,661,665,669,673;                                           677P    622
142,1,653,675,677,1;                                                 679P    623
144,653,1,0,679;                                                     681P    624
128,1,1,1,1,0,0,1,0,0,0.,0.,1.,1.,0.,0.,1.,1.,1.,1.,1.,1.,           683P    625
-0.75,-3.,4.75,17.,-3.,4.75,-0.75,-1.75,4.75,17.,-1.75,4.75,0.,      683P    626
1.,0.,1.;                                                            683P    627
126,1,1,1,0,1,0,0.,0.,1.,1.,1.,1.,0.,1.,0.,0.,0.,0.,0.,1.,0.,        685P    628
0.,1.;                                                               685P    629
110,-0.75,-1.75,4.75,-0.75,-3.,4.75;                                 687P    630
126,1,1,1,0,1,0,0.,0.,1.,1.,1.,1.,0.,0.,0.,1.,0.,0.,0.,1.,0.,        689P    631
0.,1.;                                                               689P    632
110,-0.75,-3.,4.75,17.,-3.,4.75;                                     691P    633
126,1,1,1,0,1,0,0.,0.,1.,1.,1.,1.,1.,0.,0.,1.,1.,0.,0.,1.,0.,        693P    634
0.,1.;                                                               693P    635
110,17.,-3.,4.75,17.,-1.75,4.75;                                     695P    636
126,1,1,1,0,1,0,0.,0.,1.,1.,1.,1.,1.,1.,0.,0.,1.,0.,0.,1.,0.,        697P    637
0.,1.;                                                               697P    638
110,17.,-1.75,4.75,-0.75,-1.75,4.75;                                 699P    639
102,4,685,689,693,697;                                               701P    640
102,4,687,691,695,699;                                               703P    641
142,1,683,701,703,1;                                                 705P    642
144,683,1,0,705;                                                     707P    643
128,1,1,1,1,0,0,1,0,0,0.,0.,1.,1.,0.,0.,1.,1.,1.,1.,1.,1.,17.,       709P    644
-4.82549198,4.75,17.,-1.75,4.75,20.,-4.82549198,3.017949192,         709P    645
20.,-1.75,3.017949192,0.,1.,0.,1.;                                   709P    646
126,1,1,1,0,1,0,0.,0.,1.,1.,1.,1.,0.593560963,0.,0.,1.,0.,0.,        711P    647
0.,1.,0.,0.,1.;                                                      711P    648
110,17.,-3.,4.75,17.,-1.75,4.75;                                     713P    649
126,1,1,1,0,1,0,0.,0.,1.,1.,1.,1.,1.,0.,0.,1.,1.,0.,0.,1.,0.,        715P    650
0.,1.;                                                               715P    651
110,17.,-1.75,4.75,20.,-1.75,3.017949192;                            717P    652
126,1,1,1,0,1,0,0.,0.,1.,1.,1.,1.,1.,1.,0.,0.203379487,1.,0.,        719P    653
0.,1.,0.,0.,1.;                                                      719P    654
110,20.,-1.75,3.017949192,20.,-4.2,3.017949192;                      721P    655
126,4,2,1,0,1,0,0.,0.,0.,0.5,0.5,1.,1.,1.,1.,1.,1.,1.,1.,            723P    656
0.203379487,1.,0.,0.146461169,1.,0.,0.094744295,0.975630841,0.,      723P    657
0.04302742,0.951261681,0.,0.005964215,0.906977282,0.,0.,1.,0.,       723P    658
0.,-1.;                                                              723P    659
126,3,3,1,0,0,0,0.,0.,0.,0.,1.,1.,1.,1.,1.,0.939077101483353,        725P    660
0.939077101483353,1.,20.,-4.2,3.017949192,20.,-4.437187952,          725P    661
3.017949192,19.900942406,-4.652700638,3.075140121,19.720931846,      725P    662
-4.807149086,3.179069267,0.,1.,0.5,0.,0.866025404;                   725P    663
126,1,1,1,0,1,0,0.,0.,1.,1.,1.,1.,0.005964215,0.906977282,0.,        727P    664
0.593560963,0.,0.,0.,1.,0.,0.,1.;                                    727P    665
110,19.720931846,-4.807149086,3.179069267,17.,-3.,4.75;              729P    666
102,5,711,715,719,723,727;                                           731P    667
102,5,713,717,721,725,729;                                           733P    668
142,1,709,731,733,1;                                                 735P    669
144,709,1,0,735;                                                     737P    670
128,1,1,1,1,0,0,1,0,0,0.,0.,1.,1.,0.,0.,1.,1.,1.,1.,1.,1.,           739P    671
-0.75,-5.011951508,4.75,-0.75,-1.75,4.75,-3.75,-5.011951508,         739P    672
3.017949192,-3.75,-1.75,3.017949192,0.,1.,0.,1.;                     739P    673
126,1,1,1,0,1,0,0.,0.,1.,1.,1.,1.,1.,1.,0.,0.005964215,1.,0.,        741P    674
0.,1.,0.,0.,1.;                                                      741P    675
110,-3.75,-1.75,3.017949192,-3.75,-4.992496529,3.017949192;          743P    676
126,1,1,1,0,1,0,0.,0.,1.,1.,1.,1.,0.005964215,1.,0.,                 745P    677
0.616793813,0.,0.,0.,1.,0.,0.,1.;                                    745P    678
110,-3.75,-4.992496529,3.017949192,-0.75,-3.,4.75;                   747P    679
126,1,1,1,0,1,0,0.,0.,1.,1.,1.,1.,0.616793813,0.,0.,1.,0.,0.,        749P    680
0.,1.,0.,0.,1.;                                                      749P    681
110,-0.75,-3.,4.75,-0.75,-1.75,4.75;                                 751P    682
126,1,1,1,0,1,0,0.,0.,1.,1.,1.,1.,1.,0.,0.,1.,1.,0.,0.,1.,0.,        753P    683
0.,1.;                                                               753P    684
110,-0.75,-1.75,4.75,-3.75,-1.75,3.017949192;                        755P    685
102,4,741,745,749,753;                                               757P    686
102,4,743,747,751,755;                                               759P    687
142,1,739,757,759,1;                                                 761P    688
144,739,1,0,761;                                                     763P    689
128,1,1,1,1,0,0,1,0,0,0.,0.,1.,1.,0.,0.,1.,1.,1.,1.,1.,1.,           765P    690
-3.75,-3.,4.75,19.861757437,-3.,4.75,-3.75,-5.,3.011426524,          765P    691
19.861757437,-5.,3.011426524,0.,1.,0.,1.;                            765P    692
126,1,1,1,0,1,0,0.,0.,1.,1.,1.,1.,0.,1.,0.,0.,0.996248264,0.,        767P    693
0.,1.,0.,0.,1.;                                                      767P    694
110,-3.75,-5.,3.011426524,-3.75,-4.992496529,3.017949192;            769P    695
126,1,1,1,0,1,0,0.,0.,1.,1.,1.,1.,0.,0.996248264,0.,                 771P    696
0.127055346,0.,0.,0.,1.,0.,0.,1.;                                    771P    697
110,-3.75,-4.992496529,3.017949192,-0.75,-3.,4.75;                   773P    698
126,1,1,1,0,1,0,0.,0.,1.,1.,1.,1.,0.127055346,0.,0.,                 775P    699
0.878799473,0.,0.,0.,1.,0.,0.,1.;                                    775P    700
110,-0.75,-3.,4.75,17.,-3.,4.75;                                     777P    701
126,1,1,1,0,1,0,0.,0.,1.,1.,1.,1.,0.878799473,0.,0.,                 779P    702
0.994035785,0.903574543,0.,0.,1.,0.,0.,1.;                           779P    703
110,17.,-3.,4.75,19.720931846,-4.807149086,3.179069267;              781P    704
126,4,2,1,0,1,0,0.,0.,0.,0.5,0.5,1.,1.,1.,1.,1.,1.,1.,1.,            783P    705
0.994035785,0.903574543,0.,0.989428883,0.950239718,0.,               783P    706
0.983736243,0.975119859,0.,0.978043603,1.,0.,0.971973393,1.,0.,      783P    707
0.,1.,0.,0.,-1.;                                                     783P    708
126,3,3,1,0,0,0,0.,0.,0.,0.,1.,1.,1.,1.,1.,0.958533098235546,        785P    709
0.958533098235546,1.,19.720931846,-4.807149086,3.179069267,          785P    710
19.574327166,-4.932935401,3.069724891,19.393171243,-5.,              785P    711
3.011426524,19.2,-5.,3.011426524,0.,1.,0.,-0.656059029,              785P    712
0.75470958;                                                          785P    713
126,1,1,1,0,1,0,0.,0.,1.,1.,1.,1.,0.971973393,1.,0.,0.,1.,0.,        787P    714
0.,1.,0.,0.,1.;                                                      787P    715
110,19.2,-5.,3.011426524,-3.75,-5.,3.011426524;                      789P    716
102,6,767,771,775,779,783,787;                                       791P    717
102,6,769,773,777,781,785,789;                                       793P    718
142,1,765,791,793,1;                                                 795P    719
144,765,1,0,795;                                                     797P    720
128,1,1,1,1,0,0,1,0,0,0.,0.,1.,1.,0.,0.,1.,1.,1.,1.,1.,1.,           799P    721
-1.235,5.5,4.75,-3.765,5.5,4.75,-1.235,5.,4.25,-3.765,5.,4.25,       799P    722
0.,1.,0.,1.;                                                         799P    723
126,1,1,1,0,1,0,0.,0.,1.,1.,1.,1.,0.796442688,0.,0.,                 801P    724
0.994071146,1.,0.,0.,1.,0.,0.,1.;                                    801P    725
110,-3.25,5.5,4.75,-3.75,5.,4.25;                                    803P    726
126,1,1,1,0,1,0,0.,0.,1.,1.,1.,1.,0.994071146,1.,0.,                 805P    727
0.005928854,1.,0.,0.,1.,0.,0.,1.;                                    805P    728
110,-3.75,5.,4.25,-1.25,5.,4.25;                                     807P    729
126,1,1,1,0,1,0,0.,0.,1.,1.,1.,1.,0.005928854,1.,0.,                 809P    730
0.203557312,0.,0.,0.,1.,0.,0.,1.;                                    809P    731
110,-1.25,5.,4.25,-1.75,5.5,4.75;                                    811P    732
126,1,1,1,0,1,0,0.,0.,1.,1.,1.,1.,0.203557312,0.,0.,                 813P    733
0.796442688,0.,0.,0.,1.,0.,0.,1.;                                    813P    734
110,-1.75,5.5,4.75,-3.25,5.5,4.75;                                   815P    735
102,4,801,805,809,813;                                               817P    736
102,4,803,807,811,815;                                               819P    737
142,1,799,817,819,1;                                                 821P    738
144,799,1,0,821;                                                     823P    739
128,1,1,1,1,0,0,1,0,0,0.,0.,1.,1.,0.,0.,1.,1.,1.,1.,1.,1.,           825P    740
-1.75,20.09,4.75,-1.75,4.91,4.75,-1.25,20.09,4.25,-1.25,4.91,        825P    741
4.25,0.,1.,0.,1.;                                                    825P    742
126,1,1,1,0,1,0,0.,0.,1.,1.,1.,1.,0.96113307,0.,0.,0.994071146,      827P    743
1.,0.,0.,1.,0.,0.,1.;                                                827P    744
110,-1.75,5.5,4.75,-1.25,5.,4.25;                                    829P    745
126,1,1,1,0,1,0,0.,0.,1.,1.,1.,1.,0.994071146,1.,0.,                 831P    746
0.005928854,1.,0.,0.,1.,0.,0.,1.;                                    831P    747
110,-1.25,5.,4.25,-1.25,20.,4.25;                                    833P    748
126,1,1,1,0,1,0,0.,0.,1.,1.,1.,1.,0.005928854,1.,0.,0.03886693,      835P    749
0.,0.,0.,1.,0.,0.,1.;                                                835P    750
110,-1.25,20.,4.25,-1.75,19.5,4.75;                                  837P    751
126,1,1,1,0,1,0,0.,0.,1.,1.,1.,1.,0.03886693,0.,0.,0.96113307,       839P    752
0.,0.,0.,1.,0.,0.,1.;                                                839P    753
110,-1.75,19.5,4.75,-1.75,5.5,4.75;                                  841P    754
102,4,827,831,835,839;                                               843P    755
102,4,829,833,837,841;                                               845P    756
142,1,825,843,845,1;                                                 847P    757
144,825,1,0,847;                                                     849P    758
128,1,1,1,1,0,0,1,0,0,0.,0.,1.,1.,0.,0.,1.,1.,1.,1.,1.,1.,           851P    759
-3.25,4.91,4.75,-3.25,20.09,4.75,-3.75,4.91,4.25,-3.75,20.09,        851P    760
4.25,0.,1.,0.,1.;                                                    851P    761
126,1,1,1,0,1,0,0.,0.,1.,1.,1.,1.,0.005928854,1.,0.,0.03886693,      853P    762
0.,0.,0.,1.,0.,0.,1.;                                                853P    763
110,-3.75,5.,4.25,-3.25,5.5,4.75;                                    855P    764
126,1,1,1,0,1,0,0.,0.,1.,1.,1.,1.,0.03886693,0.,0.,0.96113307,       857P    765
0.,0.,0.,1.,0.,0.,1.;                                                857P    766
110,-3.25,5.5,4.75,-3.25,19.5,4.75;                                  859P    767
126,1,1,1,0,1,0,0.,0.,1.,1.,1.,1.,0.96113307,0.,0.,0.994071146,      861P    768
1.,0.,0.,1.,0.,0.,1.;                                                861P    769
110,-3.25,19.5,4.75,-3.75,20.,4.25;                                  863P    770
126,1,1,1,0,1,0,0.,0.,1.,1.,1.,1.,0.994071146,1.,0.,                 865P    771
0.005928854,1.,0.,0.,1.,0.,0.,1.;                                    865P    772
110,-3.75,20.,4.25,-3.75,5.,4.25;                                    867P    773
102,4,853,857,861,865;                                               869P    774
102,4,855,859,863,867;                                               871P    775
142,1,851,869,871,1;                                                 873P    776
144,851,1,0,873;                                                     875P    777
128,1,1,1,1,0,0,1,0,0,0.,0.,1.,1.,0.,0.,1.,1.,1.,1.,1.,1.,           877P    778
-1.235,19.5,4.75,-3.765,19.5,4.75,-1.235,20.,4.25,-3.765,20.,        877P    779
4.25,0.,1.,0.,1.;                                                    877P    780
126,1,1,1,0,1,0,0.,0.,1.,1.,1.,1.,0.203557312,0.,0.,                 879P    781
0.796442688,0.,0.,0.,1.,0.,0.,1.;                                    879P    782
110,-1.75,19.5,4.75,-3.25,19.5,4.75;                                 881P    783
126,1,1,1,0,1,0,0.,0.,1.,1.,1.,1.,0.796442688,0.,0.,                 883P    784
0.994071146,1.,0.,0.,1.,0.,0.,1.;                                    883P    785
110,-3.25,19.5,4.75,-3.75,20.,4.25;                                  885P    786
126,1,1,1,0,1,0,0.,0.,1.,1.,1.,1.,0.994071146,1.,0.,                 887P    787
0.005928854,1.,0.,0.,1.,0.,0.,1.;                                    887P    788
110,-3.75,20.,4.25,-1.25,20.,4.25;                                   889P    789
126,1,1,1,0,1,0,0.,0.,1.,1.,1.,1.,0.005928854,1.,0.,                 891P    790
0.203557312,0.,0.,0.,1.,0.,0.,1.;                                    891P    791
110,-1.25,20.,4.25,-1.75,19.5,4.75;                                  893P    792
102,4,879,883,887,891;                                               895P    793
102,4,881,885,889,893;                                               897P    794
142,1,877,895,897,1;                                                 899P    795
144,877,1,0,899;                                                     901P    796
128,1,1,1,1,0,0,1,0,0,0.,0.,1.,1.,0.,0.,1.,1.,1.,1.,1.,1.,           903P    797
-3.75,20.,-4.25,-3.75,5.,-4.25,-3.75,20.,-3.,-3.75,5.,-3.,0.,        903P    798
1.,0.,1.;                                                            903P    799
126,1,1,1,0,1,0,0.,0.,1.,1.,1.,1.,0.,1.,0.,0.,0.,0.,0.,1.,0.,        905P    800
0.,1.;                                                               905P    801
110,-3.75,20.,-3.,-3.75,20.,-4.25;                                   907P    802
126,1,1,1,0,1,0,0.,0.,1.,1.,1.,1.,0.,0.,0.,1.,0.,0.,0.,1.,0.,        909P    803
0.,1.;                                                               909P    804
110,-3.75,20.,-4.25,-3.75,5.,-4.25;                                  911P    805
126,1,1,1,0,1,0,0.,0.,1.,1.,1.,1.,1.,0.,0.,1.,1.,0.,0.,1.,0.,        913P    806
0.,1.;                                                               913P    807
110,-3.75,5.,-4.25,-3.75,5.,-3.;                                     915P    808
126,1,1,1,0,1,0,0.,0.,1.,1.,1.,1.,1.,1.,0.,0.,1.,0.,0.,1.,0.,        917P    809
0.,1.;                                                               917P    810
110,-3.75,5.,-3.,-3.75,20.,-3.;                                      919P    811
102,4,905,909,913,917;                                               921P    812
102,4,907,911,915,919;                                               923P    813
142,1,903,921,923,1;                                                 925P    814
144,903,1,0,925;                                                     927P    815
128,1,1,1,1,0,0,1,0,0,0.,0.,1.,1.,0.,0.,1.,1.,1.,1.,1.,1.,           929P    816
-1.25,5.,-4.25,-1.25,20.,-4.25,-1.25,5.,-3.,-1.25,20.,-3.,0.,        929P    817
1.,0.,1.;                                                            929P    818
126,1,1,1,0,1,0,0.,0.,1.,1.,1.,1.,0.,1.,0.,0.,0.,0.,0.,1.,0.,        931P    819
0.,1.;                                                               931P    820
110,-1.25,5.,-3.,-1.25,5.,-4.25;                                     933P    821
126,1,1,1,0,1,0,0.,0.,1.,1.,1.,1.,0.,0.,0.,1.,0.,0.,0.,1.,0.,        935P    822
0.,1.;                                                               935P    823
110,-1.25,5.,-4.25,-1.25,20.,-4.25;                                  937P    824
126,1,1,1,0,1,0,0.,0.,1.,1.,1.,1.,1.,0.,0.,1.,1.,0.,0.,1.,0.,        939P    825
0.,1.;                                                               939P    826
110,-1.25,20.,-4.25,-1.25,20.,-3.;                                   941P    827
126,1,1,1,0,1,0,0.,0.,1.,1.,1.,1.,1.,1.,0.,0.,1.,0.,0.,1.,0.,        943P    828
0.,1.;                                                               943P    829
110,-1.25,20.,-3.,-1.25,5.,-3.;                                      945P    830
102,4,931,935,939,943;                                               947P    831
102,4,933,937,941,945;                                               949P    832
142,1,929,947,949,1;                                                 951P    833
144,929,1,0,951;                                                     953P    834
128,1,1,1,1,0,0,1,0,0,0.,0.,1.,1.,0.,0.,1.,1.,1.,1.,1.,1.,           955P    835
-3.75,5.,-4.25,-1.25,5.,-4.25,-3.75,5.,-3.,-1.25,5.,-3.,0.,1.,       955P    836
0.,1.;                                                               955P    837
126,1,1,1,0,1,0,0.,0.,1.,1.,1.,1.,0.,1.,0.,0.,0.,0.,0.,1.,0.,        957P    838
0.,1.;                                                               957P    839
110,-3.75,5.,-3.,-3.75,5.,-4.25;                                     959P    840
126,1,1,1,0,1,0,0.,0.,1.,1.,1.,1.,0.,0.,0.,1.,0.,0.,0.,1.,0.,        961P    841
0.,1.;                                                               961P    842
110,-3.75,5.,-4.25,-1.25,5.,-4.25;                                   963P    843
126,1,1,1,0,1,0,0.,0.,1.,1.,1.,1.,1.,0.,0.,1.,1.,0.,0.,1.,0.,        965P    844
0.,1.;                                                               965P    845
110,-1.25,5.,-4.25,-1.25,5.,-3.;                                     967P    846
126,1,1,1,0,1,0,0.,0.,1.,1.,1.,1.,1.,1.,0.,0.,1.,0.,0.,1.,0.,        969P    847
0.,1.;                                                               969P    848
110,-1.25,5.,-3.,-3.75,5.,-3.;                                       971P    849
102,4,957,961,965,969;                                               973P    850
102,4,959,963,967,971;                                               975P    851
142,1,955,973,975,1;                                                 977P    852
144,955,1,0,977;                                                     979P    853
128,1,1,1,1,0,0,1,0,0,0.,0.,1.,1.,0.,0.,1.,1.,1.,1.,1.,1.,           981P    854
-3.25,19.5,-4.75,-1.75,19.5,-4.75,-3.25,5.5,-4.75,-1.75,5.5,         981P    855
-4.75,0.,1.,0.,1.;                                                   981P    856
126,1,1,1,0,1,0,0.,0.,1.,1.,1.,1.,1.,0.,0.,1.,1.,0.,0.,1.,0.,        983P    857
0.,1.;                                                               983P    858
110,-1.75,19.5,-4.75,-1.75,5.5,-4.75;                                985P    859
126,1,1,1,0,1,0,0.,0.,1.,1.,1.,1.,1.,1.,0.,0.,1.,0.,0.,1.,0.,        987P    860
0.,1.;                                                               987P    861
110,-1.75,5.5,-4.75,-3.25,5.5,-4.75;                                 989P    862
126,1,1,1,0,1,0,0.,0.,1.,1.,1.,1.,0.,1.,0.,0.,0.,0.,0.,1.,0.,        991P    863
0.,1.;                                                               991P    864
110,-3.25,5.5,-4.75,-3.25,19.5,-4.75;                                993P    865
126,1,1,1,0,1,0,0.,0.,1.,1.,1.,1.,0.,0.,0.,1.,0.,0.,0.,1.,0.,        995P    866
0.,1.;                                                               995P    867
110,-3.25,19.5,-4.75,-1.75,19.5,-4.75;                               997P    868
102,4,983,987,991,995;                                               999P    869
102,4,985,989,993,997;                                              1001P    870
142,1,981,999,1001,1;                                               1003P    871
144,981,1,0,1003;                                                   1005P    872
128,1,1,1,1,0,0,1,0,0,0.,0.,1.,1.,0.,0.,1.,1.,1.,1.,1.,1.,          1007P    873
-3.75,-1.75,-3.017949192,-3.75,-5.,-3.017949192,-3.75,-1.75,        1007P    874
-3.,-3.75,-5.,-3.,0.,1.,0.,1.;                                      1007P    875
126,1,1,1,0,1,0,0.,0.,1.,1.,1.,1.,0.,0.,0.,0.99769124,0.,0.,0.,     1009P    876
1.,0.,0.,1.;                                                        1009P    877
110,-3.75,-1.75,-3.017949192,-3.75,-4.992496529,-3.017949192;       1011P    878
126,1,1,1,0,1,0,0.,0.,1.,1.,1.,1.,0.99769124,0.,0.,1.,              1013P    879
0.363396186,0.,0.,1.,0.,0.,1.;                                      1013P    880
110,-3.75,-4.992496529,-3.017949192,-3.75,-5.,-3.011426524;         1015P    881
126,1,1,1,0,1,0,0.,0.,1.,1.,1.,1.,1.,0.363396186,0.,1.,1.,0.,       1017P    882
0.,1.,0.,0.,1.;                                                     1017P    883
110,-3.75,-5.,-3.011426524,-3.75,-5.,-3.;                           1019P    884
126,1,1,1,0,1,0,0.,0.,1.,1.,1.,1.,1.,1.,0.,0.,1.,0.,0.,1.,0.,       1021P    885
0.,1.;                                                              1021P    886
110,-3.75,-5.,-3.,-3.75,-1.75,-3.;                                  1023P    887
126,1,1,1,0,1,0,0.,0.,1.,1.,1.,1.,0.,1.,0.,0.,0.,0.,0.,1.,0.,       1025P    888
0.,1.;                                                              1025P    889
110,-3.75,-1.75,-3.,-3.75,-1.75,-3.017949192;                       1027P    890
102,5,1009,1013,1017,1021,1025;                                     1029P    891
102,5,1011,1015,1019,1023,1027;                                     1031P    892
142,1,1007,1029,1031,1;                                             1033P    893
144,1007,1,0,1033;                                                  1035P    894
128,1,1,1,1,0,0,1,0,0,0.,0.,1.,1.,0.,0.,1.,1.,1.,1.,1.,1.,20.,      1037P    895
-1.75,-4.75,-3.75,-1.75,-4.75,20.,-1.75,-3.,-3.75,-1.75,-3.,0.,     1037P    896
1.,0.,1.;                                                           1037P    897
126,1,1,1,0,1,0,0.,0.,1.,1.,1.,1.,0.,1.,0.,0.,0.989743319,0.,       1039P    898
0.,1.,0.,0.,1.;                                                     1039P    899
110,20.,-1.75,-3.,20.,-1.75,-3.017949192;                           1041P    900
126,1,1,1,0,1,0,0.,0.,1.,1.,1.,1.,0.,0.989743319,0.,                1043P    901
0.126315789,0.,0.,0.,1.,0.,0.,1.;                                   1043P    902
110,20.,-1.75,-3.017949192,17.,-1.75,-4.75;                         1045P    903
126,1,1,1,0,1,0,0.,0.,1.,1.,1.,1.,0.126315789,0.,0.,                1047P    904
0.873684211,0.,0.,0.,1.,0.,0.,1.;                                   1047P    905
110,17.,-1.75,-4.75,-0.75,-1.75,-4.75;                              1049P    906
126,1,1,1,0,1,0,0.,0.,1.,1.,1.,1.,0.873684211,0.,0.,1.,             1051P    907
0.989743319,0.,0.,1.,0.,0.,1.;                                      1051P    908
110,-0.75,-1.75,-4.75,-3.75,-1.75,-3.017949192;                     1053P    909
126,1,1,1,0,1,0,0.,0.,1.,1.,1.,1.,1.,0.989743319,0.,1.,1.,0.,       1055P    910
0.,1.,0.,0.,1.;                                                     1055P    911
110,-3.75,-1.75,-3.017949192,-3.75,-1.75,-3.;                       1057P    912
126,1,1,1,0,1,0,0.,0.,1.,1.,1.,1.,1.,1.,0.,0.,1.,0.,0.,1.,0.,       1059P    913
0.,1.;                                                              1059P    914
110,-3.75,-1.75,-3.,20.,-1.75,-3.;                                  1061P    915
102,6,1039,1043,1047,1051,1055,1059;                                1063P    916
102,6,1041,1045,1049,1053,1057,1061;                                1065P    917
142,1,1037,1063,1065,1;                                             1067P    918
144,1037,1,0,1067;                                                  1069P    919
128,1,1,1,1,0,0,1,0,0,0.,0.,1.,1.,0.,0.,1.,1.,1.,1.,1.,1.,          1071P    920
-0.75,-1.75,-4.75,17.,-1.75,-4.75,-0.75,-3.,-4.75,17.,-3.,          1071P    921
-4.75,0.,1.,0.,1.;                                                  1071P    922
126,1,1,1,0,1,0,0.,0.,1.,1.,1.,1.,1.,0.,0.,1.,1.,0.,0.,1.,0.,       1073P    923
0.,1.;                                                              1073P    924
110,17.,-1.75,-4.75,17.,-3.,-4.75;                                  1075P    925
126,1,1,1,0,1,0,0.,0.,1.,1.,1.,1.,1.,1.,0.,0.,1.,0.,0.,1.,0.,       1077P    926
0.,1.;                                                              1077P    927
110,17.,-3.,-4.75,-0.75,-3.,-4.75;                                  1079P    928
126,1,1,1,0,1,0,0.,0.,1.,1.,1.,1.,0.,1.,0.,0.,0.,0.,0.,1.,0.,       1081P    929
0.,1.;                                                              1081P    930
110,-0.75,-3.,-4.75,-0.75,-1.75,-4.75;                              1083P    931
126,1,1,1,0,1,0,0.,0.,1.,1.,1.,1.,0.,0.,0.,1.,0.,0.,0.,1.,0.,       1085P    932
0.,1.;                                                              1085P    933
110,-0.75,-1.75,-4.75,17.,-1.75,-4.75;                              1087P    934
102,4,1073,1077,1081,1085;                                          1089P    935
102,4,1075,1079,1083,1087;                                          1091P    936
142,1,1071,1089,1091,1;                                             1093P    937
144,1071,1,0,1093;                                                  1095P    938
128,1,1,1,1,0,0,1,0,0,0.,0.,1.,1.,0.,0.,1.,1.,1.,1.,1.,1.,20.,      1097P    939
-4.82549198,-3.017949192,20.,-1.75,-3.017949192,17.,                1097P    940
-4.82549198,-4.75,17.,-1.75,-4.75,0.,1.,0.,1.;                      1097P    941
126,1,1,1,0,1,0,0.,0.,1.,1.,1.,1.,1.,0.,0.,1.,1.,0.,0.,1.,0.,       1099P    942
0.,1.;                                                              1099P    943
110,20.,-1.75,-3.017949192,17.,-1.75,-4.75;                         1101P    944
126,1,1,1,0,1,0,0.,0.,1.,1.,1.,1.,1.,1.,0.,0.593560963,1.,0.,       1103P    945
0.,1.,0.,0.,1.;                                                     1103P    946
110,17.,-1.75,-4.75,17.,-3.,-4.75;                                  1105P    947
126,1,1,1,0,1,0,0.,0.,1.,1.,1.,1.,0.593560963,1.,0.,                1107P    948
0.005964215,0.093022718,0.,0.,1.,0.,0.,1.;                          1107P    949
110,17.,-3.,-4.75,19.720931846,-4.807149086,-3.179069267;           1109P    950
126,4,2,1,0,1,0,0.,0.,0.,0.5,0.5,1.,1.,1.,1.,1.,1.,1.,1.,           1111P    951
0.005964215,0.093022718,0.,0.04302742,0.048738319,0.,               1111P    952
0.094744295,0.024369159,0.,0.146461169,0.,0.,0.203379487,0.,0.,     1111P    953
0.,1.,0.,0.,-1.;                                                    1111P    954
126,3,3,1,0,0,0,0.,0.,0.,0.,1.,1.,1.,1.,1.,0.939077101483353,       1113P    955
0.939077101483353,1.,19.720931846,-4.807149086,-3.179069267,        1113P    956
19.900942406,-4.652700638,-3.075140121,20.,-4.437187952,            1113P    957
-3.017949192,20.,-4.2,-3.017949192,0.,1.,0.5,0.,-0.866025404;       1113P    958
126,1,1,1,0,1,0,0.,0.,1.,1.,1.,1.,0.203379487,0.,0.,1.,0.,0.,       1115P    959
0.,1.,0.,0.,1.;                                                     1115P    960
110,20.,-4.2,-3.017949192,20.,-1.75,-3.017949192;                   1117P    961
102,5,1099,1103,1107,1111,1115;                                     1119P    962
102,5,1101,1105,1109,1113,1117;                                     1121P    963
142,1,1097,1119,1121,1;                                             1123P    964
144,1097,1,0,1123;                                                  1125P    965
128,1,1,1,1,0,0,1,0,0,0.,0.,1.,1.,0.,0.,1.,1.,1.,1.,1.,1.,          1127P    966
-3.75,-1.75,-3.017949192,-3.75,-5.011951508,-3.017949192,-0.75,     1127P    967
-1.75,-4.75,-0.75,-5.011951508,-4.75,0.,1.,0.,1.;                   1127P    968
126,1,1,1,0,1,0,0.,0.,1.,1.,1.,1.,0.,1.,0.,0.,0.,0.,0.,1.,0.,       1129P    969
0.,1.;                                                              1129P    970
110,-0.75,-1.75,-4.75,-3.75,-1.75,-3.017949192;                     1131P    971
126,1,1,1,0,1,0,0.,0.,1.,1.,1.,1.,0.,0.,0.,0.994035785,0.,0.,       1133P    972
0.,1.,0.,0.,1.;                                                     1133P    973
110,-3.75,-1.75,-3.017949192,-3.75,-4.992496529,-3.017949192;       1135P    974
126,1,1,1,0,1,0,0.,0.,1.,1.,1.,1.,0.994035785,0.,0.,                1137P    975
0.383206187,1.,0.,0.,1.,0.,0.,1.;                                   1137P    976
110,-3.75,-4.992496529,-3.017949192,-0.75,-3.,-4.75;                1139P    977
126,1,1,1,0,1,0,0.,0.,1.,1.,1.,1.,0.383206187,1.,0.,0.,1.,0.,       1141P    978
0.,1.,0.,0.,1.;                                                     1141P    979
110,-0.75,-3.,-4.75,-0.75,-1.75,-4.75;                              1143P    980
102,4,1129,1133,1137,1141;                                          1145P    981
102,4,1131,1135,1139,1143;                                          1147P    982
142,1,1127,1145,1147,1;                                             1149P    983
144,1127,1,0,1149;                                                  1151P    984
128,1,1,1,1,0,0,1,0,0,0.,0.,1.,1.,0.,0.,1.,1.,1.,1.,1.,1.,          1153P    985
-3.75,-5.,-3.011426524,19.861757437,-5.,-3.011426524,-3.75,-3.,     1153P    986
-4.75,19.861757437,-3.,-4.75,0.,1.,0.,1.;                           1153P    987
126,1,1,1,0,1,0,0.,0.,1.,1.,1.,1.,0.878799473,1.,0.,                1155P    988
0.127055346,1.,0.,0.,1.,0.,0.,1.;                                   1155P    989
110,17.,-3.,-4.75,-0.75,-3.,-4.75;                                  1157P    990
126,1,1,1,0,1,0,0.,0.,1.,1.,1.,1.,0.127055346,1.,0.,0.,             1159P    991
0.003751736,0.,0.,1.,0.,0.,1.;                                      1159P    992
110,-0.75,-3.,-4.75,-3.75,-4.992496529,-3.017949192;                1161P    993
126,1,1,1,0,1,0,0.,0.,1.,1.,1.,1.,0.,0.003751736,0.,0.,0.,0.,       1163P    994
0.,1.,0.,0.,1.;                                                     1163P    995
110,-3.75,-4.992496529,-3.017949192,-3.75,-5.,-3.011426524;         1165P    996
126,1,1,1,0,1,0,0.,0.,1.,1.,1.,1.,0.,0.,0.,0.971973393,0.,0.,       1167P    997
0.,1.,0.,0.,1.;                                                     1167P    998
110,-3.75,-5.,-3.011426524,19.2,-5.,-3.011426524;                   1169P    999
126,4,2,1,0,1,0,0.,0.,0.,0.5,0.5,1.,1.,1.,1.,1.,1.,1.,1.,           1171P   1000
0.971973393,0.,0.,0.978043603,0.,0.,0.983736243,0.024880141,0.,     1171P   1001
0.989428883,0.049760282,0.,0.994035785,0.096425457,0.,0.,1.,0.,     1171P   1002
0.,-1.;                                                             1171P   1003
126,3,3,1,0,0,0,0.,0.,0.,0.,1.,1.,1.,1.,1.,0.958533098235546,       1173P   1004
0.958533098235546,1.,19.2,-5.,-3.011426524,19.393171243,-5.,        1173P   1005
-3.011426524,19.574327166,-4.932935401,-3.069724891,                1173P   1006
19.720931846,-4.807149086,-3.179069267,0.,1.,0.,-0.656059029,       1173P   1007
-0.75470958;                                                        1173P   1008
126,1,1,1,0,1,0,0.,0.,1.,1.,1.,1.,0.994035785,0.096425457,0.,       1175P   1009
0.878799473,1.,0.,0.,1.,0.,0.,1.;                                   1175P   1010
110,19.720931846,-4.807149086,-3.179069267,17.,-3.,-4.75;           1177P   1011
102,6,1155,1159,1163,1167,1171,1175;                                1179P   1012
102,6,1157,1161,1165,1169,1173,1177;                                1181P   1013
142,1,1153,1179,1181,1;                                             1183P   1014
144,1153,1,0,1183;                                                  1185P   1015
128,1,1,1,1,0,0,1,0,0,0.,0.,1.,1.,0.,0.,1.,1.,1.,1.,1.,1.,          1187P   1016
-1.235,20.,-4.25,-3.765,20.,-4.25,-1.235,19.5,-4.75,-3.765,         1187P   1017
19.5,-4.75,0.,1.,0.,1.;                                             1187P   1018
126,1,1,1,0,1,0,0.,0.,1.,1.,1.,1.,0.005928854,0.,0.,                1189P   1019
0.994071146,0.,0.,0.,1.,0.,0.,1.;                                   1189P   1020
110,-1.25,20.,-4.25,-3.75,20.,-4.25;                                1191P   1021
126,1,1,1,0,1,0,0.,0.,1.,1.,1.,1.,0.994071146,0.,0.,                1193P   1022
0.796442688,1.,0.,0.,1.,0.,0.,1.;                                   1193P   1023
110,-3.75,20.,-4.25,-3.25,19.5,-4.75;                               1195P   1024
126,1,1,1,0,1,0,0.,0.,1.,1.,1.,1.,0.796442688,1.,0.,                1197P   1025
0.203557312,1.,0.,0.,1.,0.,0.,1.;                                   1197P   1026
110,-3.25,19.5,-4.75,-1.75,19.5,-4.75;                              1199P   1027
126,1,1,1,0,1,0,0.,0.,1.,1.,1.,1.,0.203557312,1.,0.,                1201P   1028
0.005928854,0.,0.,0.,1.,0.,0.,1.;                                   1201P   1029
110,-1.75,19.5,-4.75,-1.25,20.,-4.25;                               1203P   1030
102,4,1189,1193,1197,1201;                                          1205P   1031
102,4,1191,1195,1199,1203;                                          1207P   1032
142,1,1187,1205,1207,1;                                             1209P   1033
144,1187,1,0,1209;                                                  1211P   1034
128,1,1,1,1,0,0,1,0,0,0.,0.,1.,1.,0.,0.,1.,1.,1.,1.,1.,1.,          1213P   1035
-3.75,20.09,-4.25,-3.75,4.91,-4.25,-3.25,20.09,-4.75,-3.25,         1213P   1036
4.91,-4.75,0.,1.,0.,1.;                                             1213P   1037
126,1,1,1,0,1,0,0.,0.,1.,1.,1.,1.,0.005928854,0.,0.,                1215P   1038
0.994071146,0.,0.,0.,1.,0.,0.,1.;                                   1215P   1039
110,-3.75,20.,-4.25,-3.75,5.,-4.25;                                 1217P   1040
126,1,1,1,0,1,0,0.,0.,1.,1.,1.,1.,0.994071146,0.,0.,0.96113307,     1219P   1041
1.,0.,0.,1.,0.,0.,1.;                                               1219P   1042
110,-3.75,5.,-4.25,-3.25,5.5,-4.75;                                 1221P   1043
126,1,1,1,0,1,0,0.,0.,1.,1.,1.,1.,0.96113307,1.,0.,0.03886693,      1223P   1044
1.,0.,0.,1.,0.,0.,1.;                                               1223P   1045
110,-3.25,5.5,-4.75,-3.25,19.5,-4.75;                               1225P   1046
126,1,1,1,0,1,0,0.,0.,1.,1.,1.,1.,0.03886693,1.,0.,0.005928854,     1227P   1047
0.,0.,0.,1.,0.,0.,1.;                                               1227P   1048
110,-3.25,19.5,-4.75,-3.75,20.,-4.25;                               1229P   1049
102,4,1215,1219,1223,1227;                                          1231P   1050
102,4,1217,1221,1225,1229;                                          1233P   1051
142,1,1213,1231,1233,1;                                             1235P   1052
144,1213,1,0,1235;                                                  1237P   1053
128,1,1,1,1,0,0,1,0,0,0.,0.,1.,1.,0.,0.,1.,1.,1.,1.,1.,1.,          1239P   1054
-1.25,4.91,-4.25,-1.25,20.09,-4.25,-1.75,4.91,-4.75,-1.75,          1239P   1055
20.09,-4.75,0.,1.,0.,1.;                                            1239P   1056
126,1,1,1,0,1,0,0.,0.,1.,1.,1.,1.,0.96113307,1.,0.,0.03886693,      1241P   1057
1.,0.,0.,1.,0.,0.,1.;                                               1241P   1058
110,-1.75,19.5,-4.75,-1.75,5.5,-4.75;                               1243P   1059
126,1,1,1,0,1,0,0.,0.,1.,1.,1.,1.,0.03886693,1.,0.,0.005928854,     1245P   1060
0.,0.,0.,1.,0.,0.,1.;                                               1245P   1061
110,-1.75,5.5,-4.75,-1.25,5.,-4.25;                                 1247P   1062
126,1,1,1,0,1,0,0.,0.,1.,1.,1.,1.,0.005928854,0.,0.,                1249P   1063
0.994071146,0.,0.,0.,1.,0.,0.,1.;                                   1249P   1064
110,-1.25,5.,-4.25,-1.25,20.,-4.25;                                 1251P   1065
126,1,1,1,0,1,0,0.,0.,1.,1.,1.,1.,0.994071146,0.,0.,0.96113307,     1253P   1066
1.,0.,0.,1.,0.,0.,1.;                                               1253P   1067
110,-1.25,20.,-4.25,-1.75,19.5,-4.75;                               1255P   1068
102,4,1241,1245,1249,1253;                                          1257P   1069
102,4,1243,1247,1251,1255;                                          1259P   1070
142,1,1239,1257,1259,1;                                             1261P   1071
144,1239,1,0,1261;                                                  1263P   1072
128,1,1,1,1,0,0,1,0,0,0.,0.,1.,1.,0.,0.,1.,1.,1.,1.,1.,1.,          1265P   1073
-3.765,5.,-4.25,-1.235,5.,-4.25,-3.765,5.5,-4.75,-1.235,5.5,        1265P   1074
-4.75,0.,1.,0.,1.;                                                  1265P   1075
126,1,1,1,0,1,0,0.,0.,1.,1.,1.,1.,0.005928854,0.,0.,                1267P   1076
0.994071146,0.,0.,0.,1.,0.,0.,1.;                                   1267P   1077
110,-3.75,5.,-4.25,-1.25,5.,-4.25;                                  1269P   1078
126,1,1,1,0,1,0,0.,0.,1.,1.,1.,1.,0.994071146,0.,0.,                1271P   1079
0.796442688,1.,0.,0.,1.,0.,0.,1.;                                   1271P   1080
110,-1.25,5.,-4.25,-1.75,5.5,-4.75;                                 1273P   1081
126,1,1,1,0,1,0,0.,0.,1.,1.,1.,1.,0.796442688,1.,0.,                1275P   1082
0.203557312,1.,0.,0.,1.,0.,0.,1.;                                   1275P   1083
110,-1.75,5.5,-4.75,-3.25,5.5,-4.75;                                1277P   1084
126,1,1,1,0,1,0,0.,0.,1.,1.,1.,1.,0.203557312,1.,0.,                1279P   1085
0.005928854,0.,0.,0.,1.,0.,0.,1.;                                   1279P   1086
110,-3.25,5.5,-4.75,-3.75,5.,-4.25;                                 1281P   1087
102,4,1267,1271,1275,1279;                                          1283P   1088
102,4,1269,1273,1277,1281;                                          1285P   1089
142,1,1265,1283,1285,1;                                             1287P   1090
144,1265,1,0,1287;                                                  1289P   1091
110,13.,-5.001,0.,13.,994.999,0.;                                   1291P   1092
110,13.,-5.,2.,13.,0.,2.;                                           1293P   1093
120,1291,1293,0.,6.28318530717959;                                  1295P   1094
126,1,1,1,0,1,0,0.,0.,1.,1.,1.,1.,1.,3.141592654,0.,1.,0.,0.,       1297P   1095
0.,1.,0.,0.,1.;                                                     1297P   1096
124,1.40271576953299E-014,1.,0.,12.9999999999998,                   1299P   1097
-6.12323399573677E-017,8.58915688636046E-031,-1.,                   1299P   1098
7.96020419445779E-016,-1.,1.40271576953299E-014,                    1299P   1099
6.12323399573677E-017,13.;                                          1299P   1100
100,0.,13.,0.,15.,0.,11.,0.;                                        1301P   1101
126,1,1,1,0,1,0,0.,0.,1.,1.,1.,1.,1.,0.,0.,0.,0.,0.,0.,1.,0.,       1303P   1102
0.,1.;                                                              1303P   1103
110,13.,0.,2.,13.,-5.,2.;                                           1305P   1104
126,1,1,1,0,1,0,0.,0.,1.,1.,1.,1.,0.,0.,0.,0.,3.141592654,0.,       1307P   1105
0.,1.,0.,0.,1.;                                                     1307P   1106
124,1.39230742867713E-014,1.,-1.04083408558608E-016,                1309P   1107
17.9999999999998,-6.12323399573662E-017,1.04083408558609E-016,      1309P   1108
1.,-5.,1.,-1.39230742867713E-014,6.12323399573677E-017,             1309P   1109
-13.0000000000001;                                                  1309P   1110
100,0.,13.,-5.,15.,-5.,11.,-5.;                                     1311P   1111
126,1,1,1,0,1,0,0.,0.,1.,1.,1.,1.,0.,3.141592654,0.,1.,             1313P   1112
3.141592654,0.,0.,1.,0.,0.,1.;                                      1313P   1113
110,13.,-5.,-2.,13.,0.,-2.;                                         1315P   1114
102,4,1297,1303,1307,1313;                                          1317P   1115
102,4,1301,1305,1311,1315;                                          1319P   1116
142,1,1295,1317,1319,1;                                             1321P   1117
144,1295,1,0,1321;                                                  1323P   1118
110,-5.001025,13.,0.,994.998975,13.,0.;                             1325P   1119
110,-5.,15.,0.,0.,15.,0.;                                           1327P   1120
120,1325,1327,0.,6.28318530717959;                                  1329P   1121
126,1,1,1,0,1,0,0.,0.,1.,1.,1.,1.,1.,3.141592654,0.,1.,0.,0.,       1331P   1122
0.,1.,0.,0.,1.;                                                     1331P   1123
124,2.22044604925032E-016,6.12323399573646E-017,-1.,                1333P   1124
-3.68260028347115E-015,-1.,1.38051130904049E-014,                   1333P   1125
-2.22044604925031E-016,12.9999999999998,1.38051130904049E-014,      1333P   1126
1.,6.12323399573677E-017,-13.;                                      1333P   1127
100,0.,0.,13.,2.,13.,-2.,13.;                                       1335P   1128
126,1,1,1,0,1,0,0.,0.,1.,1.,1.,1.,1.,0.,0.,0.,0.,0.,0.,1.,0.,       1337P   1129
0.,1.;                                                              1337P   1130
110,0.,15.,0.,-5.,15.,0.;                                           1339P   1131
126,1,1,1,0,1,0,0.,0.,1.,1.,1.,1.,0.,0.,0.,0.,3.141592654,0.,       1341P   1132
0.,1.,0.,0.,1.;                                                     1341P   1133
124,-1.38777878078145E-016,-6.12323399573676E-017,1.,-5.,1.,        1343P   1134
-2.4407899181455E-016,1.38777878078145E-016,18.,                    1343P   1135
2.4407899181455E-016,1.,6.12323399573677E-017,-13.;                 1343P   1136
100,0.,-5.,13.,-3.,13.,-7.,13.;                                     1345P   1137
126,1,1,1,0,1,0,0.,0.,1.,1.,1.,1.,0.,3.141592654,0.,1.,             1347P   1138
3.141592654,0.,0.,1.,0.,0.,1.;                                      1347P   1139
110,-5.,11.,0.,0.,11.,0.;                                           1349P   1140
102,4,1331,1337,1341,1347;                                          1351P   1141
102,4,1335,1339,1345,1349;                                          1353P   1142
142,1,1329,1351,1353,1;                                             1355P   1143
144,1329,1,0,1355;                                                  1357P   1144
110,-4.2,19.2,-3.,-4.2,19.2,997.;                                   1359P   1145
110,-3.4,19.2,-3.,-3.4,19.2,3.;                                     1361P   1146
120,1359,1361,0.,6.28318530717959;                                  1363P   1147
126,1,1,1,0,1,0,0.,0.,1.,1.,1.,1.,0.,1.570796327,0.,0.,             1365P   1148
3.141592654,0.,0.,1.,0.,0.,1.;                                      1365P   1149
100,-3.,-4.2,19.2,-4.2,20.,-5.,19.2;                                1367P   1150
126,1,1,1,0,1,0,0.,0.,1.,1.,1.,1.,0.,3.141592654,0.,1.,             1369P   1151
3.141592654,0.,0.,1.,0.,0.,1.;                                      1369P   1152
110,-5.,19.2,-3.,-5.,19.2,3.;                                       1371P   1153
126,1,1,1,0,1,0,0.,0.,1.,1.,1.,1.,1.,3.141592654,0.,1.,             1373P   1154
1.570796327,0.,0.,1.,0.,0.,1.;                                      1373P   1155
124,-1.,-6.66133814775094E-016,6.98296267768627E-015,               1375P   1156
-8.40000000000001,-6.66133814775094E-016,1.,0.,                     1375P   1157
-2.12607709215715E-015,-6.98296267768627E-015,                      1375P   1158
-4.65158756923706E-030,-1.,5.99999999999997;                        1375P   1159
100,3.,-4.2,19.2,-3.4,19.2,-4.2,20.;                                1377P   1160
126,1,1,1,0,1,0,0.,0.,1.,1.,1.,1.,1.,1.570796327,0.,0.,             1379P   1161
1.570796327,0.,0.,1.,0.,0.,1.;                                      1379P   1162
110,-4.2,20.,3.,-4.2,20.,-3.;                                       1381P   1163
102,4,1365,1369,1373,1379;                                          1383P   1164
102,4,1367,1371,1377,1381;                                          1385P   1165
142,1,1363,1383,1385,1;                                             1387P   1166
144,1363,1,0,1387;                                                  1389P   1167
110,19.2,-4.2,-3.,19.2,-4.2,997.;                                   1391P   1168
110,20.,-4.2,-3.217218098,20.,-4.2,3.217218098;                     1393P   1169
120,1391,1393,0.,6.28318530717959;                                  1395P   1170
126,2,2,1,0,1,0,0.,0.,0.,1.,1.,1.,1.,1.,1.,0.005928854,             1397P   1171
5.421507197,0.,0.030969132,5.881144148,0.,0.030969132,              1397P   1172
6.283185307,0.,0.,1.,0.,0.,1.;                                      1397P   1173
126,3,3,1,0,0,0,0.,0.,0.,0.,1.,1.,1.,1.,1.,0.939077101483353,       1399P   1174
0.939077101483353,1.,19.720931846,-4.807149086,-3.179069267,        1399P   1175
19.900942406,-4.652700638,-3.075140121,20.,-4.437187952,            1399P   1176
-3.017949192,20.,-4.2,-3.017949192,0.,1.,0.5,0.,-0.866025404;       1399P   1177
126,1,1,1,0,1,0,0.,0.,1.,1.,1.,1.,0.030969132,6.283185307,0.,       1401P   1178
0.969030868,6.283185307,0.,0.,1.,0.,0.,1.;                          1401P   1179
110,20.,-4.2,-3.017949192,20.,-4.2,3.017949192;                     1403P   1180
126,2,2,1,0,1,0,0.,0.,0.,1.,1.,1.,1.,1.,1.,0.969030868,             1405P   1181
6.283185307,0.,0.969030868,5.881144148,0.,0.994071146,              1405P   1182
5.421507197,0.,0.,1.,0.,0.,1.;                                      1405P   1183
126,3,3,1,0,0,0,0.,0.,0.,0.,1.,1.,1.,1.,1.,0.939077101483353,       1407P   1184
0.939077101483353,1.,20.,-4.2,3.017949192,20.,-4.437187952,         1407P   1185
3.017949192,19.900942406,-4.652700638,3.075140121,19.720931846,     1407P   1186
-4.807149086,3.179069267,0.,1.,0.5,0.,0.866025404;                  1407P   1187
126,2,2,1,0,1,0,0.,0.,0.,1.,1.,1.,1.,1.,1.,0.994071146,             1409P   1188
5.421507197,0.,0.968017155,5.051303463,0.,0.968017155,              1409P   1189
4.71238898,0.,0.,1.,0.,0.,1.;                                       1409P   1190
126,3,3,1,0,0,0,0.,0.,0.,0.,1.,1.,1.,1.,1.,0.958533098235546,       1411P   1191
0.958533098235546,1.,19.720931846,-4.807149086,3.179069267,         1411P   1192
19.574327166,-4.932935401,3.069724891,19.393171243,-5.,             1411P   1193
3.011426524,19.2,-5.,3.011426524,0.,1.,0.,-0.656059029,             1411P   1194
0.75470958;                                                         1411P   1195
126,1,1,1,0,1,0,0.,0.,1.,1.,1.,1.,0.968017155,4.71238898,0.,        1413P   1196
0.031982845,4.71238898,0.,0.,1.,0.,0.,1.;                           1413P   1197
110,19.2,-5.,3.011426524,19.2,-5.,-3.011426524;                     1415P   1198
126,2,2,1,0,1,0,0.,0.,0.,1.,1.,1.,1.,1.,1.,0.031982845,             1417P   1199
4.71238898,0.,0.031982845,5.051303463,0.,0.005928854,               1417P   1200
5.421507197,0.,0.,1.,0.,0.,1.;                                      1417P   1201
126,3,3,1,0,0,0,0.,0.,0.,0.,1.,1.,1.,1.,1.,0.958533098235546,       1419P   1202
0.958533098235546,1.,19.2,-5.,-3.011426524,19.393171243,-5.,        1419P   1203
-3.011426524,19.574327166,-4.932935401,-3.069724891,                1419P   1204
19.720931846,-4.807149086,-3.179069267,0.,1.,0.,-0.656059029,       1419P   1205
-0.75470958;                                                        1419P   1206
102,6,1397,1401,1405,1409,1413,1417;                                1421P   1207
102,6,1399,1403,1407,1411,1415,1419;                                1423P   1208
142,1,1395,1421,1423,1;                                             1425P   1209
144,1395,1,0,1425;                                                  1427P   1210
110,19.2,-0.8,-3.,19.2,-0.8,997.;                                   1429P   1211
110,20.,-0.8,-3.,20.,-0.8,3.;                                       1431P   1212
120,1429,1431,0.,6.28318530717959;                                  1433P   1213
126,1,1,1,0,1,0,0.,0.,1.,1.,1.,1.,0.,0.,0.,0.,1.570796327,0.,       1435P   1214
0.,1.,0.,0.,1.;                                                     1435P   1215
100,-3.,19.2,-0.8,20.,-0.8,19.2,0.;                                 1437P   1216
126,1,1,1,0,1,0,0.,0.,1.,1.,1.,1.,0.,1.570796327,0.,1.,             1439P   1217
1.570796327,0.,0.,1.,0.,0.,1.;                                      1439P   1218
110,19.2,0.,-3.,19.2,0.,3.;                                         1441P   1219
126,1,1,1,0,1,0,0.,0.,1.,1.,1.,1.,1.,1.570796327,0.,1.,0.,0.,       1443P   1220
0.,1.,0.,0.,1.;                                                     1443P   1221
124,1.40271576922773E-014,1.,0.,19.9999999999997,1.,                1445P   1222
-1.40271576922773E-014,-6.98296267768627E-015,-20.,                 1445P   1223
-6.98296267768627E-015,9.79511186594754E-029,-1.,                   1445P   1224
6.00000000000014;                                                   1445P   1225
100,3.,19.2,-0.8,20.,-0.8,19.2,0.;                                  1447P   1226
126,1,1,1,0,1,0,0.,0.,1.,1.,1.,1.,1.,0.,0.,0.,0.,0.,0.,1.,0.,       1449P   1227
0.,1.;                                                              1449P   1228
110,20.,-0.8,3.,20.,-0.8,-3.;                                       1451P   1229
102,4,1435,1439,1443,1449;                                          1453P   1230
102,4,1437,1441,1447,1451;                                          1455P   1231
142,1,1433,1453,1455,1;                                             1457P   1232
144,1433,1,0,1457;                                                  1459P   1233
110,-0.8,19.2,-3.,-0.8,19.2,997.;                                   1461P   1234
110,0.,19.2,-3.,0.,19.2,3.;                                         1463P   1235
120,1461,1463,0.,6.28318530717959;                                  1465P   1236
126,1,1,1,0,1,0,0.,0.,1.,1.,1.,1.,0.,0.,0.,0.,1.570796327,0.,       1467P   1237
0.,1.,0.,0.,1.;                                                     1467P   1238
100,-3.,-0.8,19.2,0.,19.2,-0.8,20.;                                 1469P   1239
126,1,1,1,0,1,0,0.,0.,1.,1.,1.,1.,0.,1.570796327,0.,1.,             1471P   1240
1.570796327,0.,0.,1.,0.,0.,1.;                                      1471P   1241
110,-0.8,20.,-3.,-0.8,20.,3.;                                       1473P   1242
126,1,1,1,0,1,0,0.,0.,1.,1.,1.,1.,1.,1.570796327,0.,1.,0.,0.,       1475P   1243
0.,1.,0.,0.,1.;                                                     1475P   1244
124,1.40271576922773E-014,1.,0.,-20.,1.,-1.40271576922773E-014,     1477P   1245
-6.98296267768627E-015,20.0000000000003,-6.98296267768627E-015,     1477P   1246
9.79511186594754E-029,-1.,5.99999999999999;                         1477P   1247
100,3.,-0.8,19.2,0.,19.2,-0.8,20.;                                  1479P   1248
126,1,1,1,0,1,0,0.,0.,1.,1.,1.,1.,1.,0.,0.,0.,0.,0.,0.,1.,0.,       1481P   1249
0.,1.;                                                              1481P   1250
110,0.,19.2,3.,0.,19.2,-3.;                                         1483P   1251
102,4,1467,1471,1475,1481;                                          1485P   1252
102,4,1469,1473,1479,1483;                                          1487P   1253
142,1,1465,1485,1487,1;                                             1489P   1254
144,1465,1,0,1489;                                                  1491P   1255
S      1G      4D   1492P   1255                                        T      1
