SolidWorks IGES file using analytic representation for surfaces         S      1
1H,,1H;,23H3030_int_L_joint.SLDPRT,71HE:\3D printer\1-SquareBOT\Metal\InG      1
ternal L-bracket\3030_int_L_joint.IGS,15HSolidWorks 2013,15HSolidWorks 2G      2
013,32,308,15,308,15,23H3030_int_L_joint.SLDPRT,1.,2,2HMM,50,0.125,13H16G      3
1030.203555,1E-008,499990.,5HAdmin,,11,0,13H161030.203555;              G      4
     314       1       0       0       0                        00000200D      1
     314       0       8       1       0                               0D      2
     110       2       0       0       0                        01010000D      3
     110       0       0       1       0                               0D      4
     110       3       0       0       0                        01010000D      5
     110       0       0       1       0                               0D      6
     120       4       0       0       0                        01010000D      7
     120       0       0       1       0                               0D      8
     126       5       0       0       0                        01010500D      9
     126       0       0       2       0                               0D     10
     110       7       0       0       0                        01010000D     11
     110       0       0       1       0                               0D     12
     126       8       0       0       0                        01010500D     13
     126       0       0       2       0                               0D     14
     124      10       0       0       0                        00000000D     15
     124       0       0       4       0                               0D     16
     100      14       0       0       0              15        01010000D     17
     100       0       0       1       0                               0D     18
     126      15       0       0       0                        01010500D     19
     126       0       0       2       0                               0D     20
     110      17       0       0       0                        01010000D     21
     110       0       0       1       0                               0D     22
     126      18       0       0       0                        01010500D     23
     126       0       0       2       0                               0D     24
     124      20       0       0       0                        00000000D     25
     124       0       0       4       0                               0D     26
     100      24       0       0       0              25        01010000D     27
     100       0       0       1       0                               0D     28
     102      25       0       0       0                        01010500D     29
     102       0       0       1       0                               0D     30
     102      26       0       0       0                        01010000D     31
     102       0       0       1       0                               0D     32
     142      27       0       0       0                        00010500D     33
     142       0       0       1       0                               0D     34
     144      28       0       0       0                        00000000D     35
     144       0      -1       1       0                               0D     36
     110      29       0       0       0                        01010000D     37
     110       0       0       1       0                               0D     38
     110      30       0       0       0                        01010000D     39
     110       0       0       1       0                               0D     40
     120      31       0       0       0                        01010000D     41
     120       0       0       1       0                               0D     42
     126      32       0       0       0                        01010500D     43
     126       0       0       2       0                               0D     44
     110      34       0       0       0                        01010000D     45
     110       0       0       1       0                               0D     46
     126      35       0       0       0                        01010500D     47
     126       0       0       2       0                               0D     48
     124      37       0       0       0                        00000000D     49
     124       0       0       3       0                               0D     50
     100      40       0       0       0              49        01010000D     51
     100       0       0       1       0                               0D     52
     126      41       0       0       0                        01010500D     53
     126       0       0       2       0                               0D     54
     110      43       0       0       0                        01010000D     55
     110       0       0       1       0                               0D     56
     126      44       0       0       0                        01010500D     57
     126       0       0       2       0                               0D     58
     124      46       0       0       0                        00000000D     59
     124       0       0       3       0                               0D     60
     100      49       0       0       0              59        01010000D     61
     100       0       0       1       0                               0D     62
     102      50       0       0       0                        01010500D     63
     102       0       0       1       0                               0D     64
     102      51       0       0       0                        01010000D     65
     102       0       0       1       0                               0D     66
     142      52       0       0       0                        00010500D     67
     142       0       0       1       0                               0D     68
     144      53       0       0       0                        00000000D     69
     144       0      -1       1       0                               0D     70
     128      54       0       0       0                        01010000D     71
     128       0       0       3       0                               0D     72
     126      57       0       0       0                        01010500D     73
     126       0       0       2       0                               0D     74
     110      59       0       0       0                        01010000D     75
     110       0       0       1       0                               0D     76
     126      60       0       0       0                        01010500D     77
     126       0       0       6       0                               0D     78
     124      66       0       0       0                        00000000D     79
     124       0       0       4       0                               0D     80
     100      70       0       0       0              79        01010000D     81
     100       0       0       1       0                               0D     82
     126      71       0       0       0                        01010500D     83
     126       0       0       2       0                               0D     84
     110      73       0       0       0                        01010000D     85
     110       0       0       1       0                               0D     86
     126      74       0       0       0                        01010500D     87
     126       0       0       2       0                               0D     88
     110      76       0       0       0                        01010000D     89
     110       0       0       1       0                               0D     90
     126      77       0       0       0                        01010500D     91
     126       0       0       2       0                               0D     92
     110      79       0       0       0                        01010000D     93
     110       0       0       1       0                               0D     94
     126      80       0       0       0                        01010500D     95
     126       0       0       2       0                               0D     96
     110      82       0       0       0                        01010000D     97
     110       0       0       1       0                               0D     98
     126      83       0       0       0                        01010500D     99
     126       0       0       2       0                               0D    100
     110      85       0       0       0                        01010000D    101
     110       0       0       1       0                               0D    102
     126      86       0       0       0                        01010500D    103
     126       0       0       6       0                               0D    104
     124      92       0       0       0                        00000000D    105
     124       0       0       4       0                               0D    106
     100      96       0       0       0             105        01010000D    107
     100       0       0       1       0                               0D    108
     126      97       0       0       0                        01010500D    109
     126       0       0       2       0                               0D    110
     110      99       0       0       0                        01010000D    111
     110       0       0       1       0                               0D    112
     126     100       0       0       0                        01010500D    113
     126       0       0       2       0                               0D    114
     110     102       0       0       0                        01010000D    115
     110       0       0       1       0                               0D    116
     126     103       0       0       0                        01010500D    117
     126       0       0       6       0                               0D    118
     124     109       0       0       0                        00000000D    119
     124       0       0       4       0                               0D    120
     100     113       0       0       0             119        01010000D    121
     100       0       0       1       0                               0D    122
     126     114       0       0       0                        01010500D    123
     126       0       0       2       0                               0D    124
     110     116       0       0       0                        01010000D    125
     110       0       0       1       0                               0D    126
     126     117       0       0       0                        01010500D    127
     126       0       0       2       0                               0D    128
     110     119       0       0       0                        01010000D    129
     110       0       0       1       0                               0D    130
     126     120       0       0       0                        01010500D    131
     126       0       0       2       0                               0D    132
     110     122       0       0       0                        01010000D    133
     110       0       0       1       0                               0D    134
     126     123       0       0       0                        01010500D    135
     126       0       0       2       0                               0D    136
     110     125       0       0       0                        01010000D    137
     110       0       0       1       0                               0D    138
     102     126       0       0       0                        01010500D    139
     102       0       0       1       0                               0D    140
     102     127       0       0       0                        01010000D    141
     102       0       0       1       0                               0D    142
     142     128       0       0       0                        00010500D    143
     142       0       0       1       0                               0D    144
     144     129       0       0       0                        00000000D    145
     144       0      -1       1       0                               0D    146
     128     130       0       0       0                        01010000D    147
     128       0       0       2       0                               0D    148
     126     132       0       0       0                        01010500D    149
     126       0       0       2       0                               0D    150
     110     134       0       0       0                        01010000D    151
     110       0       0       1       0                               0D    152
     126     135       0       0       0                        01010500D    153
     126       0       0       2       0                               0D    154
     110     137       0       0       0                        01010000D    155
     110       0       0       1       0                               0D    156
     126     138       0       0       0                        01010500D    157
     126       0       0       2       0                               0D    158
     110     140       0       0       0                        01010000D    159
     110       0       0       1       0                               0D    160
     126     141       0       0       0                        01010500D    161
     126       0       0       2       0                               0D    162
     110     143       0       0       0                        01010000D    163
     110       0       0       1       0                               0D    164
     126     144       0       0       0                        01010500D    165
     126       0       0       6       0                               0D    166
     124     150       0       0       0                        00000000D    167
     124       0       0       4       0                               0D    168
     100     154       0       0       0             167        01010000D    169
     100       0       0       1       0                               0D    170
     126     155       0       0       0                        01010500D    171
     126       0       0       2       0                               0D    172
     110     157       0       0       0                        01010000D    173
     110       0       0       1       0                               0D    174
     126     158       0       0       0                        01010500D    175
     126       0       0       2       0                               0D    176
     110     160       0       0       0                        01010000D    177
     110       0       0       1       0                               0D    178
     126     161       0       0       0                        01010500D    179
     126       0       0       6       0                               0D    180
     124     167       0       0       0                        00000000D    181
     124       0       0       4       0                               0D    182
     100     171       0       0       0             181        01010000D    183
     100       0       0       1       0                               0D    184
     126     172       0       0       0                        01010500D    185
     126       0       0       2       0                               0D    186
     110     174       0       0       0                        01010000D    187
     110       0       0       1       0                               0D    188
     126     175       0       0       0                        01010500D    189
     126       0       0       2       0                               0D    190
     110     177       0       0       0                        01010000D    191
     110       0       0       1       0                               0D    192
     126     178       0       0       0                        01010500D    193
     126       0       0       2       0                               0D    194
     110     180       0       0       0                        01010000D    195
     110       0       0       1       0                               0D    196
     126     181       0       0       0                        01010500D    197
     126       0       0       2       0                               0D    198
     110     183       0       0       0                        01010000D    199
     110       0       0       1       0                               0D    200
     126     184       0       0       0                        01010500D    201
     126       0       0       2       0                               0D    202
     110     186       0       0       0                        01010000D    203
     110       0       0       1       0                               0D    204
     126     187       0       0       0                        01010500D    205
     126       0       0       6       0                               0D    206
     124     193       0       0       0                        00000000D    207
     124       0       0       4       0                               0D    208
     100     197       0       0       0             207        01010000D    209
     100       0       0       1       0                               0D    210
     126     198       0       0       0                        01010500D    211
     126       0       0       2       0                               0D    212
     110     200       0       0       0                        01010000D    213
     110       0       0       1       0                               0D    214
     102     201       0       0       0                        01010500D    215
     102       0       0       2       0                               0D    216
     102     203       0       0       0                        01010000D    217
     102       0       0       2       0                               0D    218
     142     205       0       0       0                        00010500D    219
     142       0       0       1       0                               0D    220
     144     206       0       0       0                        00000000D    221
     144       0      -1       1       0                               0D    222
     128     207       0       0       0                        01010000D    223
     128       0       0       2       0                               0D    224
     126     209       0       0       0                        01010500D    225
     126       0       0       2       0                               0D    226
     110     211       0       0       0                        01010000D    227
     110       0       0       1       0                               0D    228
     126     212       0       0       0                        01010500D    229
     126       0       0       2       0                               0D    230
     110     214       0       0       0                        01010000D    231
     110       0       0       1       0                               0D    232
     126     215       0       0       0                        01010500D    233
     126       0       0       2       0                               0D    234
     110     217       0       0       0                        01010000D    235
     110       0       0       1       0                               0D    236
     126     218       0       0       0                        01010500D    237
     126       0       0       2       0                               0D    238
     110     220       0       0       0                        01010000D    239
     110       0       0       1       0                               0D    240
     102     221       0       0       0                        01010500D    241
     102       0       0       1       0                               0D    242
     102     222       0       0       0                        01010000D    243
     102       0       0       1       0                               0D    244
     142     223       0       0       0                        00010500D    245
     142       0       0       1       0                               0D    246
     126     224       0       0       0                        01010500D    247
     126       0       0      11       0                               0D    248
     124     235       0       0       0                        00000000D    249
     124       0       0       4       0                               0D    250
     100     239       0       0       0             249        01010000D    251
     100       0       0       1       0                               0D    252
     126     240       0       0       0                        01010500D    253
     126       0       0      11       0                               0D    254
     124     251       0       0       0                        00000000D    255
     124       0       0       3       0                               0D    256
     100     254       0       0       0             255        01010000D    257
     100       0       0       1       0                               0D    258
     102     255       0       0       0                        01010500D    259
     102       0       0       1       0                               0D    260
     102     256       0       0       0                        01010000D    261
     102       0       0       1       0                               0D    262
     142     257       0       0       0                        00010500D    263
     142       0       0       1       0                               0D    264
     144     258       0       0       0                        00000000D    265
     144       0      -1       1       0                               0D    266
     128     259       0       0       0                        01010000D    267
     128       0       0       3       0                               0D    268
     126     262       0       0       0                        01010500D    269
     126       0       0       2       0                               0D    270
     110     264       0       0       0                        01010000D    271
     110       0       0       1       0                               0D    272
     126     265       0       0       0                        01010500D    273
     126       0       0       2       0                               0D    274
     110     267       0       0       0                        01010000D    275
     110       0       0       1       0                               0D    276
     126     268       0       0       0                        01010500D    277
     126       0       0       2       0                               0D    278
     110     270       0       0       0                        01010000D    279
     110       0       0       1       0                               0D    280
     126     271       0       0       0                        01010500D    281
     126       0       0       2       0                               0D    282
     110     273       0       0       0                        01010000D    283
     110       0       0       1       0                               0D    284
     126     274       0       0       0                        01010500D    285
     126       0       0       2       0                               0D    286
     110     276       0       0       0                        01010000D    287
     110       0       0       1       0                               0D    288
     126     277       0       0       0                        01010500D    289
     126       0       0       2       0                               0D    290
     110     279       0       0       0                        01010000D    291
     110       0       0       1       0                               0D    292
     126     280       0       0       0                        01010500D    293
     126       0       0       2       0                               0D    294
     110     282       0       0       0                        01010000D    295
     110       0       0       1       0                               0D    296
     126     283       0       0       0                        01010500D    297
     126       0       0       2       0                               0D    298
     110     285       0       0       0                        01010000D    299
     110       0       0       1       0                               0D    300
     102     286       0       0       0                        01010500D    301
     102       0       0       1       0                               0D    302
     102     287       0       0       0                        01010000D    303
     102       0       0       1       0                               0D    304
     142     288       0       0       0                        00010500D    305
     142       0       0       1       0                               0D    306
     144     289       0       0       0                        00000000D    307
     144       0      -1       1       0                               0D    308
     128     290       0       0       0                        01010000D    309
     128       0       0       3       0                               0D    310
     126     293       0       0       0                        01010500D    311
     126       0       0       2       0                               0D    312
     110     295       0       0       0                        01010000D    313
     110       0       0       1       0                               0D    314
     126     296       0       0       0                        01010500D    315
     126       0       0       2       0                               0D    316
     110     298       0       0       0                        01010000D    317
     110       0       0       1       0                               0D    318
     126     299       0       0       0                        01010500D    319
     126       0       0       2       0                               0D    320
     110     301       0       0       0                        01010000D    321
     110       0       0       1       0                               0D    322
     126     302       0       0       0                        01010500D    323
     126       0       0       2       0                               0D    324
     110     304       0       0       0                        01010000D    325
     110       0       0       1       0                               0D    326
     126     305       0       0       0                        01010500D    327
     126       0       0       2       0                               0D    328
     110     307       0       0       0                        01010000D    329
     110       0       0       1       0                               0D    330
     126     308       0       0       0                        01010500D    331
     126       0       0       2       0                               0D    332
     110     310       0       0       0                        01010000D    333
     110       0       0       1       0                               0D    334
     126     311       0       0       0                        01010500D    335
     126       0       0       2       0                               0D    336
     110     313       0       0       0                        01010000D    337
     110       0       0       1       0                               0D    338
     126     314       0       0       0                        01010500D    339
     126       0       0       2       0                               0D    340
     110     316       0       0       0                        01010000D    341
     110       0       0       1       0                               0D    342
     102     317       0       0       0                        01010500D    343
     102       0       0       1       0                               0D    344
     102     318       0       0       0                        01010000D    345
     102       0       0       1       0                               0D    346
     142     319       0       0       0                        00010500D    347
     142       0       0       1       0                               0D    348
     126     320       0       0       0                        01010500D    349
     126       0       0      11       0                               0D    350
     124     331       0       0       0                        00000000D    351
     124       0       0       4       0                               0D    352
     100     335       0       0       0             351        01010000D    353
     100       0       0       1       0                               0D    354
     126     336       0       0       0                        01010500D    355
     126       0       0      11       0                               0D    356
     124     347       0       0       0                        00000000D    357
     124       0       0       3       0                               0D    358
     100     350       0       0       0             357        01010000D    359
     100       0       0       1       0                               0D    360
     102     351       0       0       0                        01010500D    361
     102       0       0       1       0                               0D    362
     102     352       0       0       0                        01010000D    363
     102       0       0       1       0                               0D    364
     142     353       0       0       0                        00010500D    365
     142       0       0       1       0                               0D    366
     144     354       0       0       0                        00000000D    367
     144       0      -1       1       0                               0D    368
     128     355       0       0       0                        01010000D    369
     128       0       0       2       0                               0D    370
     126     357       0       0       0                        01010500D    371
     126       0       0       2       0                               0D    372
     110     359       0       0       0                        01010000D    373
     110       0       0       1       0                               0D    374
     126     360       0       0       0                        01010500D    375
     126       0       0       2       0                               0D    376
     110     362       0       0       0                        01010000D    377
     110       0       0       1       0                               0D    378
     126     363       0       0       0                        01010500D    379
     126       0       0       2       0                               0D    380
     110     365       0       0       0                        01010000D    381
     110       0       0       1       0                               0D    382
     126     366       0       0       0                        01010500D    383
     126       0       0       2       0                               0D    384
     110     368       0       0       0                        01010000D    385
     110       0       0       1       0                               0D    386
     102     369       0       0       0                        01010500D    387
     102       0       0       1       0                               0D    388
     102     370       0       0       0                        01010000D    389
     102       0       0       1       0                               0D    390
     142     371       0       0       0                        00010500D    391
     142       0       0       1       0                               0D    392
     126     372       0       0       0                        01010500D    393
     126       0       0      11       0                               0D    394
     124     383       0       0       0                        00000000D    395
     124       0       0       3       0                               0D    396
     100     386       0       0       0             395        01010000D    397
     100       0       0       1       0                               0D    398
     126     387       0       0       0                        01010500D    399
     126       0       0      11       0                               0D    400
     124     398       0       0       0                        00000000D    401
     124       0       0       4       0                               0D    402
     100     402       0       0       0             401        01010000D    403
     100       0       0       1       0                               0D    404
     102     403       0       0       0                        01010500D    405
     102       0       0       1       0                               0D    406
     102     404       0       0       0                        01010000D    407
     102       0       0       1       0                               0D    408
     142     405       0       0       0                        00010500D    409
     142       0       0       1       0                               0D    410
     144     406       0       0       0                        00000000D    411
     144       0      -1       1       0                               0D    412
     128     407       0       0       0                        01010000D    413
     128       0       0       3       0                               0D    414
     126     410       0       0       0                        01010500D    415
     126       0       0       2       0                               0D    416
     110     412       0       0       0                        01010000D    417
     110       0       0       1       0                               0D    418
     126     413       0       0       0                        01010500D    419
     126       0       0       2       0                               0D    420
     110     415       0       0       0                        01010000D    421
     110       0       0       1       0                               0D    422
     126     416       0       0       0                        01010500D    423
     126       0       0       2       0                               0D    424
     110     418       0       0       0                        01010000D    425
     110       0       0       1       0                               0D    426
     126     419       0       0       0                        01010500D    427
     126       0       0       2       0                               0D    428
     110     421       0       0       0                        01010000D    429
     110       0       0       1       0                               0D    430
     126     422       0       0       0                        01010500D    431
     126       0       0       2       0                               0D    432
     110     424       0       0       0                        01010000D    433
     110       0       0       1       0                               0D    434
     126     425       0       0       0                        01010500D    435
     126       0       0       2       0                               0D    436
     110     427       0       0       0                        01010000D    437
     110       0       0       1       0                               0D    438
     126     428       0       0       0                        01010500D    439
     126       0       0       2       0                               0D    440
     110     430       0       0       0                        01010000D    441
     110       0       0       1       0                               0D    442
     126     431       0       0       0                        01010500D    443
     126       0       0       2       0                               0D    444
     110     433       0       0       0                        01010000D    445
     110       0       0       1       0                               0D    446
     126     434       0       0       0                        01010500D    447
     126       0       0       2       0                               0D    448
     110     436       0       0       0                        01010000D    449
     110       0       0       1       0                               0D    450
     126     437       0       0       0                        01010500D    451
     126       0       0       2       0                               0D    452
     110     439       0       0       0                        01010000D    453
     110       0       0       1       0                               0D    454
     126     440       0       0       0                        01010500D    455
     126       0       0       2       0                               0D    456
     110     442       0       0       0                        01010000D    457
     110       0       0       1       0                               0D    458
     126     443       0       0       0                        01010500D    459
     126       0       0       2       0                               0D    460
     110     445       0       0       0                        01010000D    461
     110       0       0       1       0                               0D    462
     102     446       0       0       0                        01010500D    463
     102       0       0       1       0                               0D    464
     102     447       0       0       0                        01010000D    465
     102       0       0       1       0                               0D    466
     142     448       0       0       0                        00010500D    467
     142       0       0       1       0                               0D    468
     144     449       0       0       0                        00000000D    469
     144       0      -1       1       0                               0D    470
     128     450       0       0       0                        01010000D    471
     128       0       0       2       0                               0D    472
     126     452       0       0       0                        01010500D    473
     126       0       0       2       0                               0D    474
     110     454       0       0       0                        01010000D    475
     110       0       0       1       0                               0D    476
     126     455       0       0       0                        01010500D    477
     126       0       0       2       0                               0D    478
     110     457       0       0       0                        01010000D    479
     110       0       0       1       0                               0D    480
     126     458       0       0       0                        01010500D    481
     126       0       0       2       0                               0D    482
     110     460       0       0       0                        01010000D    483
     110       0       0       1       0                               0D    484
     126     461       0       0       0                        01010500D    485
     126       0       0       2       0                               0D    486
     110     463       0       0       0                        01010000D    487
     110       0       0       1       0                               0D    488
     102     464       0       0       0                        01010500D    489
     102       0       0       1       0                               0D    490
     102     465       0       0       0                        01010000D    491
     102       0       0       1       0                               0D    492
     142     466       0       0       0                        00010500D    493
     142       0       0       1       0                               0D    494
     126     467       0       0       0                        01010500D    495
     126       0       0      11       0                               0D    496
     124     478       0       0       0                        00000000D    497
     124       0       0       4       0                               0D    498
     100     482       0       0       0             497        01010000D    499
     100       0       0       1       0                               0D    500
     126     483       0       0       0                        01010500D    501
     126       0       0      11       0                               0D    502
     124     494       0       0       0                        00000000D    503
     124       0       0       4       0                               0D    504
     100     498       0       0       0             503        01010000D    505
     100       0       0       1       0                               0D    506
     102     499       0       0       0                        01010500D    507
     102       0       0       1       0                               0D    508
     102     500       0       0       0                        01010000D    509
     102       0       0       1       0                               0D    510
     142     501       0       0       0                        00010500D    511
     142       0       0       1       0                               0D    512
     144     502       0       0       0                        00000000D    513
     144       0      -1       1       0                               0D    514
     128     503       0       0       0                        01010000D    515
     128       0       0       3       0                               0D    516
     126     506       0       0       0                        01010500D    517
     126       0       0       2       0                               0D    518
     110     508       0       0       0                        01010000D    519
     110       0       0       1       0                               0D    520
     126     509       0       0       0                        01010500D    521
     126       0       0       2       0                               0D    522
     110     511       0       0       0                        01010000D    523
     110       0       0       1       0                               0D    524
     126     512       0       0       0                        01010500D    525
     126       0       0       2       0                               0D    526
     110     514       0       0       0                        01010000D    527
     110       0       0       1       0                               0D    528
     126     515       0       0       0                        01010500D    529
     126       0       0       2       0                               0D    530
     110     517       0       0       0                        01010000D    531
     110       0       0       1       0                               0D    532
     102     518       0       0       0                        01010500D    533
     102       0       0       1       0                               0D    534
     102     519       0       0       0                        01010000D    535
     102       0       0       1       0                               0D    536
     142     520       0       0       0                        00010500D    537
     142       0       0       1       0                               0D    538
     144     521       0       0       0                        00000000D    539
     144       0      -1       1       0                               0D    540
     128     522       0       0       0                        01010000D    541
     128       0       0       3       0                               0D    542
     126     525       0       0       0                        01010500D    543
     126       0       0       2       0                               0D    544
     110     527       0       0       0                        01010000D    545
     110       0       0       1       0                               0D    546
     126     528       0       0       0                        01010500D    547
     126       0       0       2       0                               0D    548
     110     530       0       0       0                        01010000D    549
     110       0       0       1       0                               0D    550
     126     531       0       0       0                        01010500D    551
     126       0       0       2       0                               0D    552
     110     533       0       0       0                        01010000D    553
     110       0       0       1       0                               0D    554
     126     534       0       0       0                        01010500D    555
     126       0       0       2       0                               0D    556
     110     536       0       0       0                        01010000D    557
     110       0       0       1       0                               0D    558
     102     537       0       0       0                        01010500D    559
     102       0       0       1       0                               0D    560
     102     538       0       0       0                        01010000D    561
     102       0       0       1       0                               0D    562
     142     539       0       0       0                        00010500D    563
     142       0       0       1       0                               0D    564
     144     540       0       0       0                        00000000D    565
     144       0      -1       1       0                               0D    566
     128     541       0       0       0                        01010000D    567
     128       0       0       3       0                               0D    568
     126     544       0       0       0                        01010500D    569
     126       0       0       2       0                               0D    570
     110     546       0       0       0                        01010000D    571
     110       0       0       1       0                               0D    572
     126     547       0       0       0                        01010500D    573
     126       0       0       2       0                               0D    574
     110     549       0       0       0                        01010000D    575
     110       0       0       1       0                               0D    576
     126     550       0       0       0                        01010500D    577
     126       0       0       2       0                               0D    578
     110     552       0       0       0                        01010000D    579
     110       0       0       1       0                               0D    580
     126     553       0       0       0                        01010500D    581
     126       0       0       2       0                               0D    582
     110     555       0       0       0                        01010000D    583
     110       0       0       1       0                               0D    584
     102     556       0       0       0                        01010500D    585
     102       0       0       1       0                               0D    586
     102     557       0       0       0                        01010000D    587
     102       0       0       1       0                               0D    588
     142     558       0       0       0                        00010500D    589
     142       0       0       1       0                               0D    590
     144     559       0       0       0                        00000000D    591
     144       0      -1       1       0                               0D    592
     128     560       0       0       0                        01010000D    593
     128       0       0       3       0                               0D    594
     126     563       0       0       0                        01010500D    595
     126       0       0       2       0                               0D    596
     110     565       0       0       0                        01010000D    597
     110       0       0       1       0                               0D    598
     126     566       0       0       0                        01010500D    599
     126       0       0       2       0                               0D    600
     110     568       0       0       0                        01010000D    601
     110       0       0       1       0                               0D    602
     126     569       0       0       0                        01010500D    603
     126       0       0       2       0                               0D    604
     110     571       0       0       0                        01010000D    605
     110       0       0       1       0                               0D    606
     126     572       0       0       0                        01010500D    607
     126       0       0       2       0                               0D    608
     110     574       0       0       0                        01010000D    609
     110       0       0       1       0                               0D    610
     102     575       0       0       0                        01010500D    611
     102       0       0       1       0                               0D    612
     102     576       0       0       0                        01010000D    613
     102       0       0       1       0                               0D    614
     142     577       0       0       0                        00010500D    615
     142       0       0       1       0                               0D    616
     144     578       0       0       0                        00000000D    617
     144       0      -1       1       0                               0D    618
     128     579       0       0       0                        01010000D    619
     128       0       0       3       0                               0D    620
     126     582       0       0       0                        01010500D    621
     126       0       0       2       0                               0D    622
     110     584       0       0       0                        01010000D    623
     110       0       0       1       0                               0D    624
     126     585       0       0       0                        01010500D    625
     126       0       0       2       0                               0D    626
     110     587       0       0       0                        01010000D    627
     110       0       0       1       0                               0D    628
     126     588       0       0       0                        01010500D    629
     126       0       0       2       0                               0D    630
     110     590       0       0       0                        01010000D    631
     110       0       0       1       0                               0D    632
     126     591       0       0       0                        01010500D    633
     126       0       0       2       0                               0D    634
     110     593       0       0       0                        01010000D    635
     110       0       0       1       0                               0D    636
     126     594       0       0       0                        01010500D    637
     126       0       0       2       0                               0D    638
     110     596       0       0       0                        01010000D    639
     110       0       0       1       0                               0D    640
     126     597       0       0       0                        01010500D    641
     126       0       0       2       0                               0D    642
     110     599       0       0       0                        01010000D    643
     110       0       0       1       0                               0D    644
     102     600       0       0       0                        01010500D    645
     102       0       0       1       0                               0D    646
     102     601       0       0       0                        01010000D    647
     102       0       0       1       0                               0D    648
     142     602       0       0       0                        00010500D    649
     142       0       0       1       0                               0D    650
     144     603       0       0       0                        00000000D    651
     144       0      -1       1       0                               0D    652
     128     604       0       0       0                        01010000D    653
     128       0       0       3       0                               0D    654
     126     607       0       0       0                        01010500D    655
     126       0       0       2       0                               0D    656
     110     609       0       0       0                        01010000D    657
     110       0       0       1       0                               0D    658
     126     610       0       0       0                        01010500D    659
     126       0       0       2       0                               0D    660
     110     612       0       0       0                        01010000D    661
     110       0       0       1       0                               0D    662
     126     613       0       0       0                        01010500D    663
     126       0       0       2       0                               0D    664
     110     615       0       0       0                        01010000D    665
     110       0       0       1       0                               0D    666
     126     616       0       0       0                        01010500D    667
     126       0       0       2       0                               0D    668
     110     618       0       0       0                        01010000D    669
     110       0       0       1       0                               0D    670
     126     619       0       0       0                        01010500D    671
     126       0       0       2       0                               0D    672
     110     621       0       0       0                        01010000D    673
     110       0       0       1       0                               0D    674
     102     622       0       0       0                        01010500D    675
     102       0       0       1       0                               0D    676
     102     623       0       0       0                        01010000D    677
     102       0       0       1       0                               0D    678
     142     624       0       0       0                        00010500D    679
     142       0       0       1       0                               0D    680
     144     625       0       0       0                        00000000D    681
     144       0      -1       1       0                               0D    682
     128     626       0       0       0                        01010000D    683
     128       0       0       3       0                               0D    684
     126     629       0       0       0                        01010500D    685
     126       0       0       2       0                               0D    686
     110     631       0       0       0                        01010000D    687
     110       0       0       1       0                               0D    688
     126     632       0       0       0                        01010500D    689
     126       0       0       2       0                               0D    690
     110     634       0       0       0                        01010000D    691
     110       0       0       1       0                               0D    692
     126     635       0       0       0                        01010500D    693
     126       0       0       2       0                               0D    694
     110     637       0       0       0                        01010000D    695
     110       0       0       1       0                               0D    696
     126     638       0       0       0                        01010500D    697
     126       0       0       2       0                               0D    698
     110     640       0       0       0                        01010000D    699
     110       0       0       1       0                               0D    700
     102     641       0       0       0                        01010500D    701
     102       0       0       1       0                               0D    702
     102     642       0       0       0                        01010000D    703
     102       0       0       1       0                               0D    704
     142     643       0       0       0                        00010500D    705
     142       0       0       1       0                               0D    706
     144     644       0       0       0                        00000000D    707
     144       0      -1       1       0                               0D    708
     128     645       0       0       0                        01010000D    709
     128       0       0       3       0                               0D    710
     126     648       0       0       0                        01010500D    711
     126       0       0       2       0                               0D    712
     110     650       0       0       0                        01010000D    713
     110       0       0       1       0                               0D    714
     126     651       0       0       0                        01010500D    715
     126       0       0       2       0                               0D    716
     110     653       0       0       0                        01010000D    717
     110       0       0       1       0                               0D    718
     126     654       0       0       0                        01010500D    719
     126       0       0       2       0                               0D    720
     110     656       0       0       0                        01010000D    721
     110       0       0       1       0                               0D    722
     126     657       0       0       0                        01010500D    723
     126       0       0       4       0                               0D    724
     126     661       0       0       0                        01010000D    725
     126       0       0       4       0                               0D    726
     126     665       0       0       0                        01010500D    727
     126       0       0       2       0                               0D    728
     110     667       0       0       0                        01010000D    729
     110       0       0       1       0                               0D    730
     102     668       0       0       0                        01010500D    731
     102       0       0       1       0                               0D    732
     102     669       0       0       0                        01010000D    733
     102       0       0       1       0                               0D    734
     142     670       0       0       0                        00010500D    735
     142       0       0       1       0                               0D    736
     144     671       0       0       0                        00000000D    737
     144       0      -1       1       0                               0D    738
     128     672       0       0       0                        01010000D    739
     128       0       0       3       0                               0D    740
     126     675       0       0       0                        01010500D    741
     126       0       0       2       0                               0D    742
     110     677       0       0       0                        01010000D    743
     110       0       0       1       0                               0D    744
     126     678       0       0       0                        01010500D    745
     126       0       0       2       0                               0D    746
     110     680       0       0       0                        01010000D    747
     110       0       0       1       0                               0D    748
     126     681       0       0       0                        01010500D    749
     126       0       0       2       0                               0D    750
     110     683       0       0       0                        01010000D    751
     110       0       0       1       0                               0D    752
     126     684       0       0       0                        01010500D    753
     126       0       0       2       0                               0D    754
     110     686       0       0       0                        01010000D    755
     110       0       0       1       0                               0D    756
     102     687       0       0       0                        01010500D    757
     102       0       0       1       0                               0D    758
     102     688       0       0       0                        01010000D    759
     102       0       0       1       0                               0D    760
     142     689       0       0       0                        00010500D    761
     142       0       0       1       0                               0D    762
     144     690       0       0       0                        00000000D    763
     144       0      -1       1       0                               0D    764
     128     691       0       0       0                        01010000D    765
     128       0       0       3       0                               0D    766
     126     694       0       0       0                        01010500D    767
     126       0       0       2       0                               0D    768
     110     696       0       0       0                        01010000D    769
     110       0       0       1       0                               0D    770
     126     697       0       0       0                        01010500D    771
     126       0       0       2       0                               0D    772
     110     699       0       0       0                        01010000D    773
     110       0       0       1       0                               0D    774
     126     700       0       0       0                        01010500D    775
     126       0       0       2       0                               0D    776
     110     702       0       0       0                        01010000D    777
     110       0       0       1       0                               0D    778
     126     703       0       0       0                        01010500D    779
     126       0       0       2       0                               0D    780
     110     705       0       0       0                        01010000D    781
     110       0       0       1       0                               0D    782
     126     706       0       0       0                        01010500D    783
     126       0       0       4       0                               0D    784
     126     710       0       0       0                        01010000D    785
     126       0       0       4       0                               0D    786
     126     714       0       0       0                        01010500D    787
     126       0       0       2       0                               0D    788
     110     716       0       0       0                        01010000D    789
     110       0       0       1       0                               0D    790
     102     717       0       0       0                        01010500D    791
     102       0       0       1       0                               0D    792
     102     718       0       0       0                        01010000D    793
     102       0       0       1       0                               0D    794
     142     719       0       0       0                        00010500D    795
     142       0       0       1       0                               0D    796
     144     720       0       0       0                        00000000D    797
     144       0      -1       1       0                               0D    798
     128     721       0       0       0                        01010000D    799
     128       0       0       3       0                               0D    800
     126     724       0       0       0                        01010500D    801
     126       0       0       2       0                               0D    802
     110     726       0       0       0                        01010000D    803
     110       0       0       1       0                               0D    804
     126     727       0       0       0                        01010500D    805
     126       0       0       2       0                               0D    806
     110     729       0       0       0                        01010000D    807
     110       0       0       1       0                               0D    808
     126     730       0       0       0                        01010500D    809
     126       0       0       2       0                               0D    810
     110     732       0       0       0                        01010000D    811
     110       0       0       1       0                               0D    812
     126     733       0       0       0                        01010500D    813
     126       0       0       2       0                               0D    814
     110     735       0       0       0                        01010000D    815
     110       0       0       1       0                               0D    816
     102     736       0       0       0                        01010500D    817
     102       0       0       1       0                               0D    818
     102     737       0       0       0                        01010000D    819
     102       0       0       1       0                               0D    820
     142     738       0       0       0                        00010500D    821
     142       0       0       1       0                               0D    822
     144     739       0       0       0                        00000000D    823
     144       0      -1       1       0                               0D    824
     128     740       0       0       0                        01010000D    825
     128       0       0       3       0                               0D    826
     126     743       0       0       0                        01010500D    827
     126       0       0       2       0                               0D    828
     110     745       0       0       0                        01010000D    829
     110       0       0       1       0                               0D    830
     126     746       0       0       0                        01010500D    831
     126       0       0       2       0                               0D    832
     110     748       0       0       0                        01010000D    833
     110       0       0       1       0                               0D    834
     126     749       0       0       0                        01010500D    835
     126       0       0       2       0                               0D    836
     110     751       0       0       0                        01010000D    837
     110       0       0       1       0                               0D    838
     126     752       0       0       0                        01010500D    839
     126       0       0       2       0                               0D    840
     110     754       0       0       0                        01010000D    841
     110       0       0       1       0                               0D    842
     102     755       0       0       0                        01010500D    843
     102       0       0       1       0                               0D    844
     102     756       0       0       0                        01010000D    845
     102       0       0       1       0                               0D    846
     142     757       0       0       0                        00010500D    847
     142       0       0       1       0                               0D    848
     144     758       0       0       0                        00000000D    849
     144       0      -1       1       0                               0D    850
     128     759       0       0       0                        01010000D    851
     128       0       0       3       0                               0D    852
     126     762       0       0       0                        01010500D    853
     126       0       0       2       0                               0D    854
     110     764       0       0       0                        01010000D    855
     110       0       0       1       0                               0D    856
     126     765       0       0       0                        01010500D    857
     126       0       0       2       0                               0D    858
     110     767       0       0       0                        01010000D    859
     110       0       0       1       0                               0D    860
     126     768       0       0       0                        01010500D    861
     126       0       0       2       0                               0D    862
     110     770       0       0       0                        01010000D    863
     110       0       0       1       0                               0D    864
     126     771       0       0       0                        01010500D    865
     126       0       0       2       0                               0D    866
     110     773       0       0       0                        01010000D    867
     110       0       0       1       0                               0D    868
     102     774       0       0       0                        01010500D    869
     102       0       0       1       0                               0D    870
     102     775       0       0       0                        01010000D    871
     102       0       0       1       0                               0D    872
     142     776       0       0       0                        00010500D    873
     142       0       0       1       0                               0D    874
     144     777       0       0       0                        00000000D    875
     144       0      -1       1       0                               0D    876
     128     778       0       0       0                        01010000D    877
     128       0       0       3       0                               0D    878
     126     781       0       0       0                        01010500D    879
     126       0       0       2       0                               0D    880
     110     783       0       0       0                        01010000D    881
     110       0       0       1       0                               0D    882
     126     784       0       0       0                        01010500D    883
     126       0       0       2       0                               0D    884
     110     786       0       0       0                        01010000D    885
     110       0       0       1       0                               0D    886
     126     787       0       0       0                        01010500D    887
     126       0       0       2       0                               0D    888
     110     789       0       0       0                        01010000D    889
     110       0       0       1       0                               0D    890
     126     790       0       0       0                        01010500D    891
     126       0       0       2       0                               0D    892
     110     792       0       0       0                        01010000D    893
     110       0       0       1       0                               0D    894
     102     793       0       0       0                        01010500D    895
     102       0       0       1       0                               0D    896
     102     794       0       0       0                        01010000D    897
     102       0       0       1       0                               0D    898
     142     795       0       0       0                        00010500D    899
     142       0       0       1       0                               0D    900
     144     796       0       0       0                        00000000D    901
     144       0      -1       1       0                               0D    902
     128     797       0       0       0                        01010000D    903
     128       0       0       3       0                               0D    904
     126     800       0       0       0                        01010500D    905
     126       0       0       2       0                               0D    906
     110     802       0       0       0                        01010000D    907
     110       0       0       1       0                               0D    908
     126     803       0       0       0                        01010500D    909
     126       0       0       2       0                               0D    910
     110     805       0       0       0                        01010000D    911
     110       0       0       1       0                               0D    912
     126     806       0       0       0                        01010500D    913
     126       0       0       2       0                               0D    914
     110     808       0       0       0                        01010000D    915
     110       0       0       1       0                               0D    916
     126     809       0       0       0                        01010500D    917
     126       0       0       2       0                               0D    918
     110     811       0       0       0                        01010000D    919
     110       0       0       1       0                               0D    920
     102     812       0       0       0                        01010500D    921
     102       0       0       1       0                               0D    922
     102     813       0       0       0                        01010000D    923
     102       0       0       1       0                               0D    924
     142     814       0       0       0                        00010500D    925
     142       0       0       1       0                               0D    926
     144     815       0       0       0                        00000000D    927
     144       0      -1       1       0                               0D    928
     128     816       0       0       0                        01010000D    929
     128       0       0       3       0                               0D    930
     126     819       0       0       0                        01010500D    931
     126       0       0       2       0                               0D    932
     110     821       0       0       0                        01010000D    933
     110       0       0       1       0                               0D    934
     126     822       0       0       0                        01010500D    935
     126       0       0       2       0                               0D    936
     110     824       0       0       0                        01010000D    937
     110       0       0       1       0                               0D    938
     126     825       0       0       0                        01010500D    939
     126       0       0       2       0                               0D    940
     110     827       0       0       0                        01010000D    941
     110       0       0       1       0                               0D    942
     126     828       0       0       0                        01010500D    943
     126       0       0       2       0                               0D    944
     110     830       0       0       0                        01010000D    945
     110       0       0       1       0                               0D    946
     102     831       0       0       0                        01010500D    947
     102       0       0       1       0                               0D    948
     102     832       0       0       0                        01010000D    949
     102       0       0       1       0                               0D    950
     142     833       0       0       0                        00010500D    951
     142       0       0       1       0                               0D    952
     144     834       0       0       0                        00000000D    953
     144       0      -1       1       0                               0D    954
     128     835       0       0       0                        01010000D    955
     128       0       0       3       0                               0D    956
     126     838       0       0       0                        01010500D    957
     126       0       0       2       0                               0D    958
     110     840       0       0       0                        01010000D    959
     110       0       0       1       0                               0D    960
     126     841       0       0       0                        01010500D    961
     126       0       0       2       0                               0D    962
     110     843       0       0       0                        01010000D    963
     110       0       0       1       0                               0D    964
     126     844       0       0       0                        01010500D    965
     126       0       0       2       0                               0D    966
     110     846       0       0       0                        01010000D    967
     110       0       0       1       0                               0D    968
     126     847       0       0       0                        01010500D    969
     126       0       0       2       0                               0D    970
     110     849       0       0       0                        01010000D    971
     110       0       0       1       0                               0D    972
     102     850       0       0       0                        01010500D    973
     102       0       0       1       0                               0D    974
     102     851       0       0       0                        01010000D    975
     102       0       0       1       0                               0D    976
     142     852       0       0       0                        00010500D    977
     142       0       0       1       0                               0D    978
     144     853       0       0       0                        00000000D    979
     144       0      -1       1       0                               0D    980
     128     854       0       0       0                        01010000D    981
     128       0       0       3       0                               0D    982
     126     857       0       0       0                        01010500D    983
     126       0       0       2       0                               0D    984
     110     859       0       0       0                        01010000D    985
     110       0       0       1       0                               0D    986
     126     860       0       0       0                        01010500D    987
     126       0       0       2       0                               0D    988
     110     862       0       0       0                        01010000D    989
     110       0       0       1       0                               0D    990
     126     863       0       0       0                        01010500D    991
     126       0       0       2       0                               0D    992
     110     865       0       0       0                        01010000D    993
     110       0       0       1       0                               0D    994
     126     866       0       0       0                        01010500D    995
     126       0       0       2       0                               0D    996
     110     868       0       0       0                        01010000D    997
     110       0       0       1       0                               0D    998
     102     869       0       0       0                        01010500D    999
     102       0       0       1       0                               0D   1000
     102     870       0       0       0                        01010000D   1001
     102       0       0       1       0                               0D   1002
     142     871       0       0       0                        00010500D   1003
     142       0       0       1       0                               0D   1004
     144     872       0       0       0                        00000000D   1005
     144       0      -1       1       0                               0D   1006
     128     873       0       0       0                        01010000D   1007
     128       0       0       3       0                               0D   1008
     126     876       0       0       0                        01010500D   1009
     126       0       0       2       0                               0D   1010
     110     878       0       0       0                        01010000D   1011
     110       0       0       1       0                               0D   1012
     126     879       0       0       0                        01010500D   1013
     126       0       0       2       0                               0D   1014
     110     881       0       0       0                        01010000D   1015
     110       0       0       1       0                               0D   1016
     126     882       0       0       0                        01010500D   1017
     126       0       0       2       0                               0D   1018
     110     884       0       0       0                        01010000D   1019
     110       0       0       1       0                               0D   1020
     126     885       0       0       0                        01010500D   1021
     126       0       0       2       0                               0D   1022
     110     887       0       0       0                        01010000D   1023
     110       0       0       1       0                               0D   1024
     126     888       0       0       0                        01010500D   1025
     126       0       0       2       0                               0D   1026
     110     890       0       0       0                        01010000D   1027
     110       0       0       1       0                               0D   1028
     102     891       0       0       0                        01010500D   1029
     102       0       0       1       0                               0D   1030
     102     892       0       0       0                        01010000D   1031
     102       0       0       1       0                               0D   1032
     142     893       0       0       0                        00010500D   1033
     142       0       0       1       0                               0D   1034
     144     894       0       0       0                        00000000D   1035
     144       0      -1       1       0                               0D   1036
     128     895       0       0       0                        01010000D   1037
     128       0       0       3       0                               0D   1038
     126     898       0       0       0                        01010500D   1039
     126       0       0       2       0                               0D   1040
     110     900       0       0       0                        01010000D   1041
     110       0       0       1       0                               0D   1042
     126     901       0       0       0                        01010500D   1043
     126       0       0       2       0                               0D   1044
     110     903       0       0       0                        01010000D   1045
     110       0       0       1       0                               0D   1046
     126     904       0       0       0                        01010500D   1047
     126       0       0       2       0                               0D   1048
     110     906       0       0       0                        01010000D   1049
     110       0       0       1       0                               0D   1050
     126     907       0       0       0                        01010500D   1051
     126       0       0       2       0                               0D   1052
     110     909       0       0       0                        01010000D   1053
     110       0       0       1       0                               0D   1054
     126     910       0       0       0                        01010500D   1055
     126       0       0       2       0                               0D   1056
     110     912       0       0       0                        01010000D   1057
     110       0       0       1       0                               0D   1058
     126     913       0       0       0                        01010500D   1059
     126       0       0       2       0                               0D   1060
     110     915       0       0       0                        01010000D   1061
     110       0       0       1       0                               0D   1062
     102     916       0       0       0                        01010500D   1063
     102       0       0       1       0                               0D   1064
     102     917       0       0       0                        01010000D   1065
     102       0       0       1       0                               0D   1066
     142     918       0       0       0                        00010500D   1067
     142       0       0       1       0                               0D   1068
     144     919       0       0       0                        00000000D   1069
     144       0      -1       1       0                               0D   1070
     128     920       0       0       0                        01010000D   1071
     128       0       0       3       0                               0D   1072
     126     923       0       0       0                        01010500D   1073
     126       0       0       2       0                               0D   1074
     110     925       0       0       0                        01010000D   1075
     110       0       0       1       0                               0D   1076
     126     926       0       0       0                        01010500D   1077
     126       0       0       2       0                               0D   1078
     110     928       0       0       0                        01010000D   1079
     110       0       0       1       0                               0D   1080
     126     929       0       0       0                        01010500D   1081
     126       0       0       2       0                               0D   1082
     110     931       0       0       0                        01010000D   1083
     110       0       0       1       0                               0D   1084
     126     932       0       0       0                        01010500D   1085
     126       0       0       2       0                               0D   1086
     110     934       0       0       0                        01010000D   1087
     110       0       0       1       0                               0D   1088
     102     935       0       0       0                        01010500D   1089
     102       0       0       1       0                               0D   1090
     102     936       0       0       0                        01010000D   1091
     102       0       0       1       0                               0D   1092
     142     937       0       0       0                        00010500D   1093
     142       0       0       1       0                               0D   1094
     144     938       0       0       0                        00000000D   1095
     144       0      -1       1       0                               0D   1096
     128     939       0       0       0                        01010000D   1097
     128       0       0       3       0                               0D   1098
     126     942       0       0       0                        01010500D   1099
     126       0       0       2       0                               0D   1100
     110     944       0       0       0                        01010000D   1101
     110       0       0       1       0                               0D   1102
     126     945       0       0       0                        01010500D   1103
     126       0       0       2       0                               0D   1104
     110     947       0       0       0                        01010000D   1105
     110       0       0       1       0                               0D   1106
     126     948       0       0       0                        01010500D   1107
     126       0       0       2       0                               0D   1108
     110     950       0       0       0                        01010000D   1109
     110       0       0       1       0                               0D   1110
     126     951       0       0       0                        01010500D   1111
     126       0       0       4       0                               0D   1112
     126     955       0       0       0                        01010000D   1113
     126       0       0       5       0                               0D   1114
     126     960       0       0       0                        01010500D   1115
     126       0       0       2       0                               0D   1116
     110     962       0       0       0                        01010000D   1117
     110       0       0       1       0                               0D   1118
     102     963       0       0       0                        01010500D   1119
     102       0       0       1       0                               0D   1120
     102     964       0       0       0                        01010000D   1121
     102       0       0       1       0                               0D   1122
     142     965       0       0       0                        00010500D   1123
     142       0       0       1       0                               0D   1124
     144     966       0       0       0                        00000000D   1125
     144       0      -1       1       0                               0D   1126
     128     967       0       0       0                        01010000D   1127
     128       0       0       3       0                               0D   1128
     126     970       0       0       0                        01010500D   1129
     126       0       0       2       0                               0D   1130
     110     972       0       0       0                        01010000D   1131
     110       0       0       1       0                               0D   1132
     126     973       0       0       0                        01010500D   1133
     126       0       0       2       0                               0D   1134
     110     975       0       0       0                        01010000D   1135
     110       0       0       1       0                               0D   1136
     126     976       0       0       0                        01010500D   1137
     126       0       0       2       0                               0D   1138
     110     978       0       0       0                        01010000D   1139
     110       0       0       1       0                               0D   1140
     126     979       0       0       0                        01010500D   1141
     126       0       0       2       0                               0D   1142
     110     981       0       0       0                        01010000D   1143
     110       0       0       1       0                               0D   1144
     102     982       0       0       0                        01010500D   1145
     102       0       0       1       0                               0D   1146
     102     983       0       0       0                        01010000D   1147
     102       0       0       1       0                               0D   1148
     142     984       0       0       0                        00010500D   1149
     142       0       0       1       0                               0D   1150
     144     985       0       0       0                        00000000D   1151
     144       0      -1       1       0                               0D   1152
     128     986       0       0       0                        01010000D   1153
     128       0       0       3       0                               0D   1154
     126     989       0       0       0                        01010500D   1155
     126       0       0       2       0                               0D   1156
     110     991       0       0       0                        01010000D   1157
     110       0       0       1       0                               0D   1158
     126     992       0       0       0                        01010500D   1159
     126       0       0       2       0                               0D   1160
     110     994       0       0       0                        01010000D   1161
     110       0       0       1       0                               0D   1162
     126     995       0       0       0                        01010500D   1163
     126       0       0       2       0                               0D   1164
     110     997       0       0       0                        01010000D   1165
     110       0       0       1       0                               0D   1166
     126     998       0       0       0                        01010500D   1167
     126       0       0       2       0                               0D   1168
     110    1000       0       0       0                        01010000D   1169
     110       0       0       1       0                               0D   1170
     126    1001       0       0       0                        01010500D   1171
     126       0       0       4       0                               0D   1172
     126    1005       0       0       0                        01010000D   1173
     126       0       0       5       0                               0D   1174
     126    1010       0       0       0                        01010500D   1175
     126       0       0       2       0                               0D   1176
     110    1012       0       0       0                        01010000D   1177
     110       0       0       1       0                               0D   1178
     102    1013       0       0       0                        01010500D   1179
     102       0       0       1       0                               0D   1180
     102    1014       0       0       0                        01010000D   1181
     102       0       0       1       0                               0D   1182
     142    1015       0       0       0                        00010500D   1183
     142       0       0       1       0                               0D   1184
     144    1016       0       0       0                        00000000D   1185
     144       0      -1       1       0                               0D   1186
     128    1017       0       0       0                        01010000D   1187
     128       0       0       3       0                               0D   1188
     126    1020       0       0       0                        01010500D   1189
     126       0       0       2       0                               0D   1190
     110    1022       0       0       0                        01010000D   1191
     110       0       0       1       0                               0D   1192
     126    1023       0       0       0                        01010500D   1193
     126       0       0       2       0                               0D   1194
     110    1025       0       0       0                        01010000D   1195
     110       0       0       1       0                               0D   1196
     126    1026       0       0       0                        01010500D   1197
     126       0       0       2       0                               0D   1198
     110    1028       0       0       0                        01010000D   1199
     110       0       0       1       0                               0D   1200
     126    1029       0       0       0                        01010500D   1201
     126       0       0       2       0                               0D   1202
     110    1031       0       0       0                        01010000D   1203
     110       0       0       1       0                               0D   1204
     102    1032       0       0       0                        01010500D   1205
     102       0       0       1       0                               0D   1206
     102    1033       0       0       0                        01010000D   1207
     102       0       0       1       0                               0D   1208
     142    1034       0       0       0                        00010500D   1209
     142       0       0       1       0                               0D   1210
     144    1035       0       0       0                        00000000D   1211
     144       0      -1       1       0                               0D   1212
     128    1036       0       0       0                        01010000D   1213
     128       0       0       3       0                               0D   1214
     126    1039       0       0       0                        01010500D   1215
     126       0       0       2       0                               0D   1216
     110    1041       0       0       0                        01010000D   1217
     110       0       0       1       0                               0D   1218
     126    1042       0       0       0                        01010500D   1219
     126       0       0       2       0                               0D   1220
     110    1044       0       0       0                        01010000D   1221
     110       0       0       1       0                               0D   1222
     126    1045       0       0       0                        01010500D   1223
     126       0       0       2       0                               0D   1224
     110    1047       0       0       0                        01010000D   1225
     110       0       0       1       0                               0D   1226
     126    1048       0       0       0                        01010500D   1227
     126       0       0       2       0                               0D   1228
     110    1050       0       0       0                        01010000D   1229
     110       0       0       1       0                               0D   1230
     102    1051       0       0       0                        01010500D   1231
     102       0       0       1       0                               0D   1232
     102    1052       0       0       0                        01010000D   1233
     102       0       0       1       0                               0D   1234
     142    1053       0       0       0                        00010500D   1235
     142       0       0       1       0                               0D   1236
     144    1054       0       0       0                        00000000D   1237
     144       0      -1       1       0                               0D   1238
     128    1055       0       0       0                        01010000D   1239
     128       0       0       3       0                               0D   1240
     126    1058       0       0       0                        01010500D   1241
     126       0       0       2       0                               0D   1242
     110    1060       0       0       0                        01010000D   1243
     110       0       0       1       0                               0D   1244
     126    1061       0       0       0                        01010500D   1245
     126       0       0       2       0                               0D   1246
     110    1063       0       0       0                        01010000D   1247
     110       0       0       1       0                               0D   1248
     126    1064       0       0       0                        01010500D   1249
     126       0       0       2       0                               0D   1250
     110    1066       0       0       0                        01010000D   1251
     110       0       0       1       0                               0D   1252
     126    1067       0       0       0                        01010500D   1253
     126       0       0       2       0                               0D   1254
     110    1069       0       0       0                        01010000D   1255
     110       0       0       1       0                               0D   1256
     102    1070       0       0       0                        01010500D   1257
     102       0       0       1       0                               0D   1258
     102    1071       0       0       0                        01010000D   1259
     102       0       0       1       0                               0D   1260
     142    1072       0       0       0                        00010500D   1261
     142       0       0       1       0                               0D   1262
     144    1073       0       0       0                        00000000D   1263
     144       0      -1       1       0                               0D   1264
     128    1074       0       0       0                        01010000D   1265
     128       0       0       3       0                               0D   1266
     126    1077       0       0       0                        01010500D   1267
     126       0       0       2       0                               0D   1268
     110    1079       0       0       0                        01010000D   1269
     110       0       0       1       0                               0D   1270
     126    1080       0       0       0                        01010500D   1271
     126       0       0       2       0                               0D   1272
     110    1082       0       0       0                        01010000D   1273
     110       0       0       1       0                               0D   1274
     126    1083       0       0       0                        01010500D   1275
     126       0       0       2       0                               0D   1276
     110    1085       0       0       0                        01010000D   1277
     110       0       0       1       0                               0D   1278
     126    1086       0       0       0                        01010500D   1279
     126       0       0       2       0                               0D   1280
     110    1088       0       0       0                        01010000D   1281
     110       0       0       1       0                               0D   1282
     102    1089       0       0       0                        01010500D   1283
     102       0       0       1       0                               0D   1284
     102    1090       0       0       0                        01010000D   1285
     102       0       0       1       0                               0D   1286
     142    1091       0       0       0                        00010500D   1287
     142       0       0       1       0                               0D   1288
     144    1092       0       0       0                        00000000D   1289
     144       0      -1       1       0                               0D   1290
     110    1093       0       0       0                        01010000D   1291
     110       0       0       1       0                               0D   1292
     110    1094       0       0       0                        01010000D   1293
     110       0       0       1       0                               0D   1294
     120    1095       0       0       0                        01010000D   1295
     120       0       0       1       0                               0D   1296
     126    1096       0       0       0                        01010500D   1297
     126       0       0       2       0                               0D   1298
     124    1098       0       0       0                        00000000D   1299
     124       0       0       4       0                               0D   1300
     100    1102       0       0       0            1299        01010000D   1301
     100       0       0       1       0                               0D   1302
     126    1103       0       0       0                        01010500D   1303
     126       0       0       2       0                               0D   1304
     110    1105       0       0       0                        01010000D   1305
     110       0       0       1       0                               0D   1306
     126    1106       0       0       0                        01010500D   1307
     126       0       0       2       0                               0D   1308
     124    1108       0       0       0                        00000000D   1309
     124       0       0       4       0                               0D   1310
     100    1112       0       0       0            1309        01010000D   1311
     100       0       0       1       0                               0D   1312
     126    1113       0       0       0                        01010500D   1313
     126       0       0       2       0                               0D   1314
     110    1115       0       0       0                        01010000D   1315
     110       0       0       1       0                               0D   1316
     102    1116       0       0       0                        01010500D   1317
     102       0       0       1       0                               0D   1318
     102    1117       0       0       0                        01010000D   1319
     102       0       0       1       0                               0D   1320
     142    1118       0       0       0                        00010500D   1321
     142       0       0       1       0                               0D   1322
     144    1119       0       0       0                        00000000D   1323
     144       0      -1       1       0                               0D   1324
     110    1120       0       0       0                        01010000D   1325
     110       0       0       1       0                               0D   1326
     110    1121       0       0       0                        01010000D   1327
     110       0       0       1       0                               0D   1328
     120    1122       0       0       0                        01010000D   1329
     120       0       0       1       0                               0D   1330
     126    1123       0       0       0                        01010500D   1331
     126       0       0       2       0                               0D   1332
     100    1125       0       0       0                        01010000D   1333
     100       0       0       1       0                               0D   1334
     126    1126       0       0       0                        01010500D   1335
     126       0       0       2       0                               0D   1336
     110    1128       0       0       0                        01010000D   1337
     110       0       0       1       0                               0D   1338
     126    1129       0       0       0                        01010500D   1339
     126       0       0       2       0                               0D   1340
     124    1131       0       0       0                        00000000D   1341
     124       0       0       4       0                               0D   1342
     100    1135       0       0       0            1341        01010000D   1343
     100       0       0       1       0                               0D   1344
     126    1136       0       0       0                        01010500D   1345
     126       0       0       2       0                               0D   1346
     110    1138       0       0       0                        01010000D   1347
     110       0       0       1       0                               0D   1348
     102    1139       0       0       0                        01010500D   1349
     102       0       0       1       0                               0D   1350
     102    1140       0       0       0                        01010000D   1351
     102       0       0       1       0                               0D   1352
     142    1141       0       0       0                        00010500D   1353
     142       0       0       1       0                               0D   1354
     144    1142       0       0       0                        00000000D   1355
     144       0      -1       1       0                               0D   1356
     110    1143       0       0       0                        01010000D   1357
     110       0       0       1       0                               0D   1358
     110    1144       0       0       0                        01010000D   1359
     110       0       0       1       0                               0D   1360
     120    1145       0       0       0                        01010000D   1361
     120       0       0       1       0                               0D   1362
     126    1146       0       0       0                        01010500D   1363
     126       0       0       4       0                               0D   1364
     126    1150       0       0       0                        01010000D   1365
     126       0       0       5       0                               0D   1366
     126    1155       0       0       0                        01010500D   1367
     126       0       0       2       0                               0D   1368
     110    1157       0       0       0                        01010000D   1369
     110       0       0       1       0                               0D   1370
     126    1158       0       0       0                        01010500D   1371
     126       0       0       4       0                               0D   1372
     126    1162       0       0       0                        01010000D   1373
     126       0       0       4       0                               0D   1374
     126    1166       0       0       0                        01010500D   1375
     126       0       0       4       0                               0D   1376
     126    1170       0       0       0                        01010000D   1377
     126       0       0       4       0                               0D   1378
     126    1174       0       0       0                        01010500D   1379
     126       0       0       2       0                               0D   1380
     110    1176       0       0       0                        01010000D   1381
     110       0       0       1       0                               0D   1382
     126    1177       0       0       0                        01010500D   1383
     126       0       0       4       0                               0D   1384
     126    1181       0       0       0                        01010000D   1385
     126       0       0       5       0                               0D   1386
     102    1186       0       0       0                        01010500D   1387
     102       0       0       1       0                               0D   1388
     102    1187       0       0       0                        01010000D   1389
     102       0       0       1       0                               0D   1390
     142    1188       0       0       0                        00010500D   1391
     142       0       0       1       0                               0D   1392
     144    1189       0       0       0                        00000000D   1393
     144       0      -1       1       0                               0D   1394
     110    1190       0       0       0                        01010000D   1395
     110       0       0       1       0                               0D   1396
     110    1191       0       0       0                        01010000D   1397
     110       0       0       1       0                               0D   1398
     120    1192       0       0       0                        01010000D   1399
     120       0       0       1       0                               0D   1400
     126    1193       0       0       0                        01010500D   1401
     126       0       0       2       0                               0D   1402
     100    1195       0       0       0                        01010000D   1403
     100       0       0       1       0                               0D   1404
     126    1196       0       0       0                        01010500D   1405
     126       0       0       2       0                               0D   1406
     110    1198       0       0       0                        01010000D   1407
     110       0       0       1       0                               0D   1408
     126    1199       0       0       0                        01010500D   1409
     126       0       0       2       0                               0D   1410
     124    1201       0       0       0                        00000000D   1411
     124       0       0       4       0                               0D   1412
     100    1205       0       0       0            1411        01010000D   1413
     100       0       0       1       0                               0D   1414
     126    1206       0       0       0                        01010500D   1415
     126       0       0       2       0                               0D   1416
     110    1208       0       0       0                        01010000D   1417
     110       0       0       1       0                               0D   1418
     102    1209       0       0       0                        01010500D   1419
     102       0       0       1       0                               0D   1420
     102    1210       0       0       0                        01010000D   1421
     102       0       0       1       0                               0D   1422
     142    1211       0       0       0                        00010500D   1423
     142       0       0       1       0                               0D   1424
     144    1212       0       0       0                        00000000D   1425
     144       0      -1       1       0                               0D   1426
     110    1213       0       0       0                        01010000D   1427
     110       0       0       1       0                               0D   1428
     110    1214       0       0       0                        01010000D   1429
     110       0       0       1       0                               0D   1430
     120    1215       0       0       0                        01010000D   1431
     120       0       0       1       0                               0D   1432
     126    1216       0       0       0                        01010500D   1433
     126       0       0       2       0                               0D   1434
     100    1218       0       0       0                        01010000D   1435
     100       0       0       1       0                               0D   1436
     126    1219       0       0       0                        01010500D   1437
     126       0       0       2       0                               0D   1438
     110    1221       0       0       0                        01010000D   1439
     110       0       0       1       0                               0D   1440
     126    1222       0       0       0                        01010500D   1441
     126       0       0       2       0                               0D   1442
     124    1224       0       0       0                        00000000D   1443
     124       0       0       4       0                               0D   1444
     100    1228       0       0       0            1443        01010000D   1445
     100       0       0       1       0                               0D   1446
     126    1229       0       0       0                        01010500D   1447
     126       0       0       2       0                               0D   1448
     110    1231       0       0       0                        01010000D   1449
     110       0       0       1       0                               0D   1450
     102    1232       0       0       0                        01010500D   1451
     102       0       0       1       0                               0D   1452
     102    1233       0       0       0                        01010000D   1453
     102       0       0       1       0                               0D   1454
     142    1234       0       0       0                        00010500D   1455
     142       0       0       1       0                               0D   1456
     144    1235       0       0       0                        00000000D   1457
     144       0      -1       1       0                               0D   1458
     110    1236       0       0       0                        01010000D   1459
     110       0       0       1       0                               0D   1460
     110    1237       0       0       0                        01010000D   1461
     110       0       0       1       0                               0D   1462
     120    1238       0       0       0                        01010000D   1463
     120       0       0       1       0                               0D   1464
     126    1239       0       0       0                        01010500D   1465
     126       0       0       2       0                               0D   1466
     124    1241       0       0       0                        00000000D   1467
     124       0       0       4       0                               0D   1468
     100    1245       0       0       0            1467        01010000D   1469
     100       0       0       1       0                               0D   1470
     126    1246       0       0       0                        01010500D   1471
     126       0       0       2       0                               0D   1472
     110    1248       0       0       0                        01010000D   1473
     110       0       0       1       0                               0D   1474
     126    1249       0       0       0                        01010500D   1475
     126       0       0       2       0                               0D   1476
     124    1251       0       0       0                        00000000D   1477
     124       0       0       3       0                               0D   1478
     100    1254       0       0       0            1477        01010000D   1479
     100       0       0       1       0                               0D   1480
     126    1255       0       0       0                        01010500D   1481
     126       0       0       2       0                               0D   1482
     110    1257       0       0       0                        01010000D   1483
     110       0       0       1       0                               0D   1484
     102    1258       0       0       0                        01010500D   1485
     102       0       0       1       0                               0D   1486
     102    1259       0       0       0                        01010000D   1487
     102       0       0       1       0                               0D   1488
     142    1260       0       0       0                        00010500D   1489
     142       0       0       1       0                               0D   1490
     144    1261       0       0       0                        00000000D   1491
     144       0      -1       1       0                               0D   1492
314,89.8039215686275,91.7647058823529,92.9411764705882,;               1P      1
110,-7.201,17.8,0.,992.799,17.8,0.;                                    3P      2
110,-7.2,20.8,0.,0.,20.8,0.;                                           5P      3
120,3,5,0.,6.28318530717959;                                           7P      4
126,1,1,1,0,1,0,0.,0.,1.,1.,1.,1.,0.,6.283185307,0.,1.,                9P      5
6.283185307,0.,0.,1.,0.,0.,1.;                                         9P      6
110,-7.2,20.8,0.,0.,20.8,0.;                                          11P      7
126,1,1,1,0,1,0,0.,0.,1.,1.,1.,1.,1.,6.283185307,0.,1.,               13P      8
3.141592654,0.,0.,1.,0.,0.,1.;                                        13P      9
124,-2.91060985902149E-016,-6.12323399573676E-017,-1.,                15P     10
-4.09094989781711E-015,1.,-9.17958839905461E-017,                     15P     11
-2.91060985902149E-016,17.8,-9.17958839905461E-017,-1.,               15P     12
6.12323399573677E-017,17.8;                                           15P     13
100,0.,0.,17.8,3.,17.8,-3.,17.8;                                      17P     14
126,1,1,1,0,1,0,0.,0.,1.,1.,1.,1.,1.,3.141592654,0.,0.,               19P     15
3.141592654,0.,0.,1.,0.,0.,1.;                                        19P     16
110,0.,14.8,0.,-7.2,14.8,0.;                                          21P     17
126,1,1,1,0,1,0,0.,0.,1.,1.,1.,1.,0.,3.141592654,0.,0.,               23P     18
6.283185307,0.,0.,1.,0.,0.,1.;                                        23P     19
124,8.58915688636046E-031,6.12323399573677E-017,1.,                   25P     20
-7.20000000000001,-1.,1.40271576953299E-014,0.,                       25P     21
10.5999999999997,-1.40271576953299E-014,-1.,                          25P     22
6.12323399573677E-017,17.7999999999999;                               25P     23
100,0.,-7.2,17.8,-4.2,17.8,-10.2,17.8;                                27P     24
102,4,9,13,19,23;                                                     29P     25
102,4,11,17,21,27;                                                    31P     26
142,1,7,29,31,1;                                                      33P     27
144,7,1,0,33;                                                         35P     28
110,12.8,-7.201,0.,12.8,992.799,0.;                                   37P     29
110,12.8,-7.2,3.,12.8,0.,3.;                                          39P     30
120,37,39,0.,6.28318530717959;                                        41P     31
126,1,1,1,0,1,0,0.,0.,1.,1.,1.,1.,0.,6.283185307,0.,1.,               43P     32
6.283185307,0.,0.,1.,0.,0.,1.;                                        43P     33
110,12.8,-7.2,3.,12.8,0.,3.;                                          45P     34
126,1,1,1,0,1,0,0.,0.,1.,1.,1.,1.,1.,6.283185307,0.,1.,               47P     35
3.141592654,0.,0.,1.,0.,0.,1.;                                        47P     36
124,6.12323399573677E-017,-1.,0.,12.8,6.12323399573677E-017,          49P     37
3.74939945665464E-033,-1.,-7.83773951454306E-016,1.,                  49P     38
6.12323399573677E-017,6.12323399573677E-017,-12.8;                    49P     39
100,0.,12.8,0.,15.8,0.,9.8,0.;                                        51P     40
126,1,1,1,0,1,0,0.,0.,1.,1.,1.,1.,1.,3.141592654,0.,0.,               53P     41
3.141592654,0.,0.,1.,0.,0.,1.;                                        53P     42
110,12.8,0.,-3.,12.8,-7.2,-3.;                                        55P     43
126,1,1,1,0,1,0,0.,0.,1.,1.,1.,1.,0.,3.141592654,0.,0.,               57P     44
6.283185307,0.,0.,1.,0.,0.,1.;                                        57P     45
124,2.29108805374478E-016,-1.,-1.6787646541711E-016,                  59P     46
5.59999999999999,6.12323399573677E-017,-1.6787646541711E-016,         59P     47
1.,-7.2,-1.,-2.29108805374478E-016,6.12323399573677E-017,12.8;        59P     48
100,0.,12.8,-7.2,15.8,-7.2,9.8,-7.2;                                  61P     49
102,4,43,47,53,57;                                                    63P     50
102,4,45,51,55,61;                                                    65P     51
142,1,41,63,65,1;                                                     67P     52
144,41,1,0,67;                                                        69P     53
128,1,1,1,1,0,0,1,0,0,0.,0.,1.,1.,0.,0.,1.,1.,1.,1.,1.,1.,23.8,       71P     54
-7.2,-3.9,-7.2,-7.2,-3.9,23.8,29.8,-3.9,-7.2,29.8,-3.9,0.,1.,         71P     55
0.,1.;                                                                71P     56
126,1,1,1,0,1,0,0.,0.,1.,1.,1.,1.,1.,0.,0.,1.,0.978378378,0.,         73P     57
0.,1.,0.,0.,1.;                                                       73P     58
110,-7.2,-7.2,-3.9,-7.2,29.,-3.9;                                     75P     59
126,8,2,1,0,1,0,0.,0.,0.,0.25,0.25,0.5,0.5,0.75,0.75,1.,1.,1.,        77P     60
1.,1.,1.,1.,1.,1.,1.,1.,1.,1.,0.978378378,0.,1.,0.982679186,0.,       77P     61
0.998035601,0.986652615,0.,0.996071202,0.990626043,0.,                77P     62
0.992441465,0.993667174,0.,0.988811729,0.996708304,0.,                77P     63
0.98406925,0.998354152,0.,0.979326771,1.,0.,0.974193548,1.,0.,        77P     64
0.,1.,0.,0.,-1.;                                                      77P     65
124,-1.,-6.66133814775094E-016,6.98296267768627E-015,-12.8,           79P     66
-6.66133814775094E-016,1.,0.,-5.0570658771676E-015,                   79P     67
-6.98296267768627E-015,-4.65158756923706E-030,-1.,                    79P     68
-7.80000000000004;                                                    79P     69
100,-3.9,-6.4,29.,-5.6,29.,-6.4,29.8;                                 81P     70
126,1,1,1,0,1,0,0.,0.,1.,1.,1.,1.,0.974193548,1.,0.,                  83P     71
0.956451613,1.,0.,0.,1.,0.,0.,1.;                                     83P     72
110,-6.4,29.8,-3.9,-5.85,29.8,-3.9;                                   85P     73
126,1,1,1,0,1,0,0.,0.,1.,1.,1.,1.,0.956451613,1.,0.,                  87P     74
0.956451613,0.318918919,0.,0.,1.,0.,0.,1.;                            87P     75
110,-5.85,29.8,-3.9,-5.85,4.6,-3.9;                                   89P     76
126,1,1,1,0,1,0,0.,0.,1.,1.,1.,1.,0.956451613,0.318918919,0.,         91P     77
0.811290323,0.318918919,0.,0.,1.,0.,0.,1.;                            91P     78
110,-5.85,4.6,-3.9,-1.35,4.6,-3.9;                                    93P     79
126,1,1,1,0,1,0,0.,0.,1.,1.,1.,1.,0.811290323,0.318918919,0.,         95P     80
0.811290323,1.,0.,0.,1.,0.,0.,1.;                                     95P     81
110,-1.35,4.6,-3.9,-1.35,29.8,-3.9;                                   97P     82
126,1,1,1,0,1,0,0.,0.,1.,1.,1.,1.,0.811290323,1.,0.,                  99P     83
0.793548387,1.,0.,0.,1.,0.,0.,1.;                                     99P     84
110,-1.35,29.8,-3.9,-0.8,29.8,-3.9;                                  101P     85
126,8,2,1,0,1,0,0.,0.,0.,0.25,0.25,0.5,0.5,0.75,0.75,1.,1.,1.,       103P     86
1.,1.,1.,1.,1.,1.,1.,1.,1.,0.793548387,1.,0.,0.788415165,1.,0.,      103P     87
0.783672686,0.998354152,0.,0.778930207,0.996708304,0.,               103P     88
0.77530047,0.993667174,0.,0.771670734,0.990626043,0.,                103P     89
0.769706335,0.986652615,0.,0.767741935,0.982679186,0.,               103P     90
0.767741935,0.978378378,0.,0.,1.,0.,0.,-1.;                          103P     91
124,1.40271576922773E-014,1.,0.,-29.8,1.,                            105P     92
-1.40271576922773E-014,-6.98296267768627E-015,29.8000000000004,      105P     93
-6.98296267768627E-015,9.79511186594754E-029,-1.,                    105P     94
-7.80000000000001;                                                   105P     95
100,-3.9,-0.8,29.,0.,29.,-0.8,29.8;                                  107P     96
126,1,1,1,0,1,0,0.,0.,1.,1.,1.,1.,0.767741935,0.978378378,0.,        109P     97
0.767741935,0.194594595,0.,0.,1.,0.,0.,1.;                           109P     98
110,0.,29.,-3.9,0.,0.,-3.9;                                          111P     99
126,1,1,1,0,1,0,0.,0.,1.,1.,1.,1.,0.767741935,0.194594595,0.,        113P    100
0.025806452,0.194594595,0.,0.,1.,0.,0.,1.;                           113P    101
110,0.,0.,-3.9,23.,0.,-3.9;                                          115P    102
126,8,2,1,0,1,0,0.,0.,0.,0.25,0.25,0.5,0.5,0.75,0.75,1.,1.,1.,       117P    103
1.,1.,1.,1.,1.,1.,1.,1.,1.,0.025806452,0.194594595,0.,               117P    104
0.020673229,0.194594595,0.,0.01593075,0.192948747,0.,                117P    105
0.011188271,0.191302899,0.,0.007558535,0.188261768,0.,               117P    106
0.003928798,0.185220638,0.,0.001964399,0.181247209,0.,0.,            117P    107
0.177273781,0.,0.,0.172972973,0.,0.,1.,0.,0.,-1.;                    117P    108
124,1.44712469037817E-014,1.,0.,23.7999999999997,1.,                 119P    109
-1.44712469037817E-014,-6.98296267768627E-015,-23.8,                 119P    110
-6.98296267768627E-015,1.01052177035048E-028,-1.,                    119P    111
-7.79999999999984;                                                   119P    112
100,-3.9,23.,-0.8,23.8,-0.8,23.,0.;                                  121P    113
126,1,1,1,0,1,0,0.,0.,1.,1.,1.,1.,0.,0.172972973,0.,0.,              123P    114
0.158108108,0.,0.,1.,0.,0.,1.;                                       123P    115
110,23.8,-0.8,-3.9,23.8,-1.35,-3.9;                                  125P    116
126,1,1,1,0,1,0,0.,0.,1.,1.,1.,1.,0.,0.158108108,0.,                 127P    117
0.956451613,0.158108108,0.,0.,1.,0.,0.,1.;                           127P    118
110,23.8,-1.35,-3.9,-5.85,-1.35,-3.9;                                129P    119
126,1,1,1,0,1,0,0.,0.,1.,1.,1.,1.,0.956451613,0.158108108,0.,        131P    120
0.956451613,0.,0.,0.,1.,0.,0.,1.;                                    131P    121
110,-5.85,-1.35,-3.9,-5.85,-7.2,-3.9;                                133P    122
126,1,1,1,0,1,0,0.,0.,1.,1.,1.,1.,0.956451613,0.,0.,1.,0.,0.,        135P    123
0.,1.,0.,0.,1.;                                                      135P    124
110,-5.85,-7.2,-3.9,-7.2,-7.2,-3.9;                                  137P    125
102,15,73,77,83,87,91,95,99,103,109,113,117,123,127,131,135;         139P    126
102,15,75,81,85,89,93,97,101,107,111,115,121,125,129,133,137;        141P    127
142,1,71,139,141,1;                                                  143P    128
144,71,1,0,143;                                                      145P    129
128,1,1,1,1,0,0,1,0,0,0.,0.,1.,1.,0.,0.,1.,1.,1.,1.,1.,1.,23.8,      147P    130
-7.2,3.9,-7.2,-7.2,3.9,23.8,29.8,3.9,-7.2,29.8,3.9,0.,1.,0.,1.;      147P    131
126,1,1,1,0,1,0,0.,0.,1.,1.,1.,1.,0.956451613,1.,0.,                 149P    132
0.956451613,0.318918919,0.,0.,1.,0.,0.,1.;                           149P    133
110,-5.85,29.8,3.9,-5.85,4.6,3.9;                                    151P    134
126,1,1,1,0,1,0,0.,0.,1.,1.,1.,1.,0.956451613,0.318918919,0.,        153P    135
0.811290323,0.318918919,0.,0.,1.,0.,0.,1.;                           153P    136
110,-5.85,4.6,3.9,-1.35,4.6,3.9;                                     155P    137
126,1,1,1,0,1,0,0.,0.,1.,1.,1.,1.,0.811290323,0.318918919,0.,        157P    138
0.811290323,1.,0.,0.,1.,0.,0.,1.;                                    157P    139
110,-1.35,4.6,3.9,-1.35,29.8,3.9;                                    159P    140
126,1,1,1,0,1,0,0.,0.,1.,1.,1.,1.,0.811290323,1.,0.,                 161P    141
0.793548387,1.,0.,0.,1.,0.,0.,1.;                                    161P    142
110,-1.35,29.8,3.9,-0.8,29.8,3.9;                                    163P    143
126,8,2,1,0,1,0,0.,0.,0.,0.25,0.25,0.5,0.5,0.75,0.75,1.,1.,1.,       165P    144
1.,1.,1.,1.,1.,1.,1.,1.,1.,0.793548387,1.,0.,0.788415165,1.,0.,      165P    145
0.783672686,0.998354152,0.,0.778930207,0.996708304,0.,               165P    146
0.77530047,0.993667174,0.,0.771670734,0.990626043,0.,                165P    147
0.769706335,0.986652615,0.,0.767741935,0.982679186,0.,               165P    148
0.767741935,0.978378378,0.,0.,1.,0.,0.,-1.;                          165P    149
124,1.40271576922773E-014,1.,0.,-29.8,1.,                            167P    150
-1.40271576922773E-014,-6.98296267768627E-015,29.8000000000004,      167P    151
-6.98296267768627E-015,9.79511186594754E-029,-1.,                    167P    152
7.79999999999999;                                                    167P    153
100,3.9,-0.8,29.,0.,29.,-0.8,29.8;                                   169P    154
126,1,1,1,0,1,0,0.,0.,1.,1.,1.,1.,0.767741935,0.978378378,0.,        171P    155
0.767741935,0.194594595,0.,0.,1.,0.,0.,1.;                           171P    156
110,0.,29.,3.9,0.,0.,3.9;                                            173P    157
126,1,1,1,0,1,0,0.,0.,1.,1.,1.,1.,0.767741935,0.194594595,0.,        175P    158
0.025806452,0.194594595,0.,0.,1.,0.,0.,1.;                           175P    159
110,0.,0.,3.9,23.,0.,3.9;                                            177P    160
126,8,2,1,0,1,0,0.,0.,0.,0.25,0.25,0.5,0.5,0.75,0.75,1.,1.,1.,       179P    161
1.,1.,1.,1.,1.,1.,1.,1.,1.,0.025806452,0.194594595,0.,               179P    162
0.020673229,0.194594595,0.,0.01593075,0.192948747,0.,                179P    163
0.011188271,0.191302899,0.,0.007558535,0.188261768,0.,               179P    164
0.003928798,0.185220638,0.,0.001964399,0.181247209,0.,0.,            179P    165
0.177273781,0.,0.,0.172972973,0.,0.,1.,0.,0.,-1.;                    179P    166
124,1.44712469037817E-014,1.,0.,23.7999999999997,1.,                 181P    167
-1.44712469037817E-014,-6.98296267768627E-015,-23.8,                 181P    168
-6.98296267768627E-015,1.01052177035048E-028,-1.,                    181P    169
7.80000000000016;                                                    181P    170
100,3.9,23.,-0.8,23.8,-0.8,23.,0.;                                   183P    171
126,1,1,1,0,1,0,0.,0.,1.,1.,1.,1.,0.,0.172972973,0.,0.,              185P    172
0.158108108,0.,0.,1.,0.,0.,1.;                                       185P    173
110,23.8,-0.8,3.9,23.8,-1.35,3.9;                                    187P    174
126,1,1,1,0,1,0,0.,0.,1.,1.,1.,1.,0.,0.158108108,0.,                 189P    175
0.956451613,0.158108108,0.,0.,1.,0.,0.,1.;                           189P    176
110,23.8,-1.35,3.9,-5.85,-1.35,3.9;                                  191P    177
126,1,1,1,0,1,0,0.,0.,1.,1.,1.,1.,0.956451613,0.158108108,0.,        193P    178
0.956451613,0.,0.,0.,1.,0.,0.,1.;                                    193P    179
110,-5.85,-1.35,3.9,-5.85,-7.2,3.9;                                  195P    180
126,1,1,1,0,1,0,0.,0.,1.,1.,1.,1.,0.956451613,0.,0.,1.,0.,0.,        197P    181
0.,1.,0.,0.,1.;                                                      197P    182
110,-5.85,-7.2,3.9,-7.2,-7.2,3.9;                                    199P    183
126,1,1,1,0,1,0,0.,0.,1.,1.,1.,1.,1.,0.,0.,1.,0.978378378,0.,        201P    184
0.,1.,0.,0.,1.;                                                      201P    185
110,-7.2,-7.2,3.9,-7.2,29.,3.9;                                      203P    186
126,8,2,1,0,1,0,0.,0.,0.,0.25,0.25,0.5,0.5,0.75,0.75,1.,1.,1.,       205P    187
1.,1.,1.,1.,1.,1.,1.,1.,1.,1.,0.978378378,0.,1.,0.982679186,0.,      205P    188
0.998035601,0.986652615,0.,0.996071202,0.990626043,0.,               205P    189
0.992441465,0.993667174,0.,0.988811729,0.996708304,0.,               205P    190
0.98406925,0.998354152,0.,0.979326771,1.,0.,0.974193548,1.,0.,       205P    191
0.,1.,0.,0.,-1.;                                                     205P    192
124,-1.,-6.66133814775094E-016,6.98296267768627E-015,-12.8,          207P    193
-6.66133814775094E-016,1.,0.,-5.05706587716757E-015,                 207P    194
-6.98296267768627E-015,-4.65158756923706E-030,-1.,                   207P    195
7.79999999999996;                                                    207P    196
100,3.9,-6.4,29.,-5.6,29.,-6.4,29.8;                                 209P    197
126,1,1,1,0,1,0,0.,0.,1.,1.,1.,1.,0.974193548,1.,0.,                 211P    198
0.956451613,1.,0.,0.,1.,0.,0.,1.;                                    211P    199
110,-6.4,29.8,3.9,-5.85,29.8,3.9;                                    213P    200
102,15,149,153,157,161,165,171,175,179,185,189,193,197,201,205,      215P    201
211;                                                                 215P    202
102,15,151,155,159,163,169,173,177,183,187,191,195,199,203,209,      217P    203
213;                                                                 217P    204
142,1,147,215,217,1;                                                 219P    205
144,147,1,0,219;                                                     221P    206
128,1,1,1,1,0,0,1,0,0,0.,0.,1.,1.,0.,0.,1.,1.,1.,1.,1.,1.,23.,       223P    207
0.,-3.9,0.,0.,-3.9,23.,0.,3.9,0.,0.,3.9,0.,1.,0.,1.;                 223P    208
126,1,1,1,0,1,0,0.,0.,1.,1.,1.,1.,1.,1.,0.,0.,1.,0.,0.,1.,0.,        225P    209
0.,1.;                                                               225P    210
110,0.,0.,3.9,23.,0.,3.9;                                            227P    211
126,1,1,1,0,1,0,0.,0.,1.,1.,1.,1.,0.,1.,0.,0.,0.,0.,0.,1.,0.,        229P    212
0.,1.;                                                               229P    213
110,23.,0.,3.9,23.,0.,-3.9;                                          231P    214
126,1,1,1,0,1,0,0.,0.,1.,1.,1.,1.,0.,0.,0.,1.,0.,0.,0.,1.,0.,        233P    215
0.,1.;                                                               233P    216
110,23.,0.,-3.9,0.,0.,-3.9;                                          235P    217
126,1,1,1,0,1,0,0.,0.,1.,1.,1.,1.,1.,0.,0.,1.,1.,0.,0.,1.,0.,        237P    218
0.,1.;                                                               237P    219
110,0.,0.,-3.9,0.,0.,3.9;                                            239P    220
102,4,225,229,233,237;                                               241P    221
102,4,227,231,235,239;                                               243P    222
142,1,223,241,243,1;                                                 245P    223
126,16,2,1,0,1,0,0.,0.,0.,0.125,0.125,0.25,0.25,0.375,0.375,         247P    224
0.5,0.5,0.625,0.625,0.75,0.75,0.875,0.875,1.,1.,1.,1.,1.,1.,1.,      247P    225
1.,1.,1.,1.,1.,1.,1.,1.,1.,1.,1.,1.,1.,0.443478261,0.115384615,      247P    226
0.,0.417533169,0.115384615,0.,0.393563031,0.144661718,0.,            247P    227
0.369592892,0.173938821,0.,0.351246942,0.228035853,0.,               247P    228
0.332900992,0.282132886,0.,0.322972235,0.352814064,0.,               247P    229
0.313043478,0.423495243,0.,0.313043478,0.5,0.,0.313043478,           247P    230
0.576504757,0.,0.322972235,0.647185936,0.,0.332900992,               247P    231
0.717867114,0.,0.351246942,0.771964147,0.,0.369592892,               247P    232
0.826061179,0.,0.393563031,0.855338282,0.,0.417533169,               247P    233
0.884615385,0.,0.443478261,0.884615385,0.,0.,1.,0.,0.,1.;            247P    234
124,1.40271576953299E-014,1.,0.,12.7999999999998,                    249P    235
-6.12323399573677E-017,8.58915688636046E-031,-1.,                    249P    236
7.83773951454306E-016,-1.,1.40271576953299E-014,                     249P    237
6.12323399573677E-017,12.8;                                          249P    238
100,0.,12.8,0.,15.8,0.,9.8,0.;                                       251P    239
126,16,2,1,0,1,0,0.,0.,0.,0.125,0.125,0.25,0.25,0.375,0.375,         253P    240
0.5,0.5,0.625,0.625,0.75,0.75,0.875,0.875,1.,1.,1.,1.,1.,1.,1.,      253P    241
1.,1.,1.,1.,1.,1.,1.,1.,1.,1.,1.,1.,1.,0.443478261,0.884615385,      253P    242
0.,0.469423352,0.884615385,0.,0.493393491,0.855338282,0.,            253P    243
0.51736363,0.826061179,0.,0.53570958,0.771964147,0.,0.55405553,      253P    244
0.717867114,0.,0.563984287,0.647185936,0.,0.573913043,               253P    245
0.576504757,0.,0.573913043,0.5,0.,0.573913043,0.423495243,0.,        253P    246
0.563984287,0.352814064,0.,0.55405553,0.282132886,0.,                253P    247
0.53570958,0.228035853,0.,0.51736363,0.173938821,0.,                 253P    248
0.493393491,0.144661718,0.,0.469423352,0.115384615,0.,               253P    249
0.443478261,0.115384615,0.,0.,1.,0.,0.,1.;                           253P    250
124,6.12323399573677E-017,-1.,0.,12.8,6.12323399573677E-017,         255P    251
3.74939945665464E-033,-1.,-7.83773951454306E-016,1.,                 255P    252
6.12323399573677E-017,6.12323399573677E-017,-12.8;                   255P    253
100,0.,12.8,0.,15.8,0.,9.8,0.;                                       257P    254
102,2,247,253;                                                       259P    255
102,2,251,257;                                                       261P    256
142,1,223,259,261,1;                                                 263P    257
144,223,1,1,245,263;                                                 265P    258
128,1,1,1,1,0,0,1,0,0,0.,0.,1.,1.,0.,0.,1.,1.,1.,1.,1.,1.,23.8,      267P    259
-6.4,3.948894778,23.8,-6.4,-3.948894778,23.8,-0.8,3.948894778,       267P    260
23.8,-0.8,-3.948894778,0.,1.,0.,1.;                                  267P    261
126,1,1,1,0,1,0,0.,0.,1.,1.,1.,1.,0.,0.901785714,0.,0.,0.,0.,        269P    262
0.,1.,0.,0.,1.;                                                      269P    263
110,23.8,-1.35,3.948894778,23.8,-6.4,3.948894778;                    271P    264
126,1,1,1,0,1,0,0.,0.,1.,1.,1.,1.,0.,0.,0.,1.,0.,0.,0.,1.,0.,        273P    265
0.,1.;                                                               273P    266
110,23.8,-6.4,3.948894778,23.8,-6.4,-3.948894778;                    275P    267
126,1,1,1,0,1,0,0.,0.,1.,1.,1.,1.,1.,0.,0.,1.,0.901785714,0.,        277P    268
0.,1.,0.,0.,1.;                                                      277P    269
110,23.8,-6.4,-3.948894778,23.8,-1.35,-3.948894778;                  279P    270
126,1,1,1,0,1,0,0.,0.,1.,1.,1.,1.,1.,0.901785714,0.,                 281P    271
0.993809055,0.901785714,0.,0.,1.,0.,0.,1.;                           281P    272
110,23.8,-1.35,-3.948894778,23.8,-1.35,-3.9;                         283P    273
126,1,1,1,0,1,0,0.,0.,1.,1.,1.,1.,0.993809055,0.901785714,0.,        285P    274
0.993809055,1.,0.,0.,1.,0.,0.,1.;                                    285P    275
110,23.8,-1.35,-3.9,23.8,-0.8,-3.9;                                  287P    276
126,1,1,1,0,1,0,0.,0.,1.,1.,1.,1.,0.993809055,1.,0.,                 289P    277
0.006190945,1.,0.,0.,1.,0.,0.,1.;                                    289P    278
110,23.8,-0.8,-3.9,23.8,-0.8,3.9;                                    291P    279
126,1,1,1,0,1,0,0.,0.,1.,1.,1.,1.,0.006190945,1.,0.,                 293P    280
0.006190945,0.901785714,0.,0.,1.,0.,0.,1.;                           293P    281
110,23.8,-0.8,3.9,23.8,-1.35,3.9;                                    295P    282
126,1,1,1,0,1,0,0.,0.,1.,1.,1.,1.,0.006190945,0.901785714,0.,        297P    283
0.,0.901785714,0.,0.,1.,0.,0.,1.;                                    297P    284
110,23.8,-1.35,3.9,23.8,-1.35,3.948894778;                           299P    285
102,8,269,273,277,281,285,289,293,297;                               301P    286
102,8,271,275,279,283,287,291,295,299;                               303P    287
142,1,267,301,303,1;                                                 305P    288
144,267,1,0,305;                                                     307P    289
128,1,1,1,1,0,0,1,0,0,0.,0.,1.,1.,0.,0.,1.,1.,1.,1.,1.,1.,-7.2,      309P    290
-7.2,-3.935898385,23.,-7.2,-3.935898385,-7.2,-7.2,3.935898385,       309P    291
23.,-7.2,3.935898385,0.,1.,0.,1.;                                    309P    292
126,1,1,1,0,1,0,0.,0.,1.,1.,1.,1.,0.044701987,0.,0.,1.,0.,0.,        311P    293
0.,1.,0.,0.,1.;                                                      311P    294
110,-5.85,-7.2,-3.935898385,23.,-7.2,-3.935898385;                   313P    295
126,1,1,1,0,1,0,0.,0.,1.,1.,1.,1.,1.,0.,0.,1.,1.,0.,0.,1.,0.,        315P    296
0.,1.;                                                               315P    297
110,23.,-7.2,-3.935898385,23.,-7.2,3.935898385;                      317P    298
126,1,1,1,0,1,0,0.,0.,1.,1.,1.,1.,1.,1.,0.,0.044701987,1.,0.,        319P    299
0.,1.,0.,0.,1.;                                                      319P    300
110,23.,-7.2,3.935898385,-5.85,-7.2,3.935898385;                     321P    301
126,1,1,1,0,1,0,0.,0.,1.,1.,1.,1.,0.044701987,1.,0.,                 323P    302
0.044701987,0.99543962,0.,0.,1.,0.,0.,1.;                            323P    303
110,-5.85,-7.2,3.935898385,-5.85,-7.2,3.9;                           325P    304
126,1,1,1,0,1,0,0.,0.,1.,1.,1.,1.,0.044701987,0.99543962,0.,0.,      327P    305
0.99543962,0.,0.,1.,0.,0.,1.;                                        327P    306
110,-5.85,-7.2,3.9,-7.2,-7.2,3.9;                                    329P    307
126,1,1,1,0,1,0,0.,0.,1.,1.,1.,1.,0.,0.99543962,0.,0.,               331P    308
0.00456038,0.,0.,1.,0.,0.,1.;                                        331P    309
110,-7.2,-7.2,3.9,-7.2,-7.2,-3.9;                                    333P    310
126,1,1,1,0,1,0,0.,0.,1.,1.,1.,1.,0.,0.00456038,0.,0.044701987,      335P    311
0.00456038,0.,0.,1.,0.,0.,1.;                                        335P    312
110,-7.2,-7.2,-3.9,-5.85,-7.2,-3.9;                                  337P    313
126,1,1,1,0,1,0,0.,0.,1.,1.,1.,1.,0.044701987,0.00456038,0.,         339P    314
0.044701987,0.,0.,0.,1.,0.,0.,1.;                                    339P    315
110,-5.85,-7.2,-3.9,-5.85,-7.2,-3.935898385;                         341P    316
102,8,311,315,319,323,327,331,335,339;                               343P    317
102,8,313,317,321,325,329,333,337,341;                               345P    318
142,1,309,343,345,1;                                                 347P    319
126,16,2,1,0,1,0,0.,0.,0.,0.125,0.125,0.25,0.25,0.375,0.375,         349P    320
0.5,0.5,0.625,0.625,0.75,0.75,0.875,0.875,1.,1.,1.,1.,1.,1.,1.,      349P    321
1.,1.,1.,1.,1.,1.,1.,1.,1.,1.,1.,1.,1.,0.662251656,0.8811074,        349P    322
0.,0.682011162,0.8811074,0.,0.700266566,0.852097327,0.,              349P    323
0.71852197,0.823087253,0.,0.732494051,0.769483627,0.,                349P    324
0.746466132,0.715880001,0.,0.754027768,0.645843488,0.,               349P    325
0.761589404,0.575806975,0.,0.761589404,0.5,0.,0.761589404,           349P    326
0.424193025,0.,0.754027768,0.354156512,0.,0.746466132,               349P    327
0.284119999,0.,0.732494051,0.230516373,0.,0.71852197,                349P    328
0.176912747,0.,0.700266566,0.147902673,0.,0.682011162,               349P    329
0.1188926,0.,0.662251656,0.1188926,0.,0.,1.,0.,0.,1.;                349P    330
124,1.38592812299128E-014,1.,-1.6787646541711E-016,                  351P    331
19.9999999999998,-6.12323399573653E-017,1.67876465417111E-016,       351P    332
1.,-7.2,1.,-1.38592812299128E-014,6.12323399573677E-017,             351P    333
-12.8000000000001;                                                   351P    334
100,0.,12.8,-7.2,15.8,-7.2,9.8,-7.2;                                 353P    335
126,16,2,1,0,1,0,0.,0.,0.,0.125,0.125,0.25,0.25,0.375,0.375,         355P    336
0.5,0.5,0.625,0.625,0.75,0.75,0.875,0.875,1.,1.,1.,1.,1.,1.,1.,      355P    337
1.,1.,1.,1.,1.,1.,1.,1.,1.,1.,1.,1.,1.,0.662251656,0.1188926,        355P    338
0.,0.642492149,0.1188926,0.,0.624236745,0.147902673,0.,              355P    339
0.605981341,0.176912747,0.,0.59200926,0.230516373,0.,                355P    340
0.578037179,0.284119999,0.,0.570475543,0.354156512,0.,               355P    341
0.562913907,0.424193025,0.,0.562913907,0.5,0.,0.562913907,           355P    342
0.575806975,0.,0.570475543,0.645843488,0.,0.578037179,               355P    343
0.715880001,0.,0.59200926,0.769483627,0.,0.605981341,                355P    344
0.823087253,0.,0.624236745,0.852097327,0.,0.642492149,               355P    345
0.8811074,0.,0.662251656,0.8811074,0.,0.,1.,0.,0.,1.;                355P    346
124,2.29108805374478E-016,-1.,-1.6787646541711E-016,                 357P    347
5.59999999999999,6.12323399573677E-017,-1.6787646541711E-016,        357P    348
1.,-7.2,-1.,-2.29108805374478E-016,6.12323399573677E-017,12.8;       357P    349
100,0.,12.8,-7.2,15.8,-7.2,9.8,-7.2;                                 359P    350
102,2,349,355;                                                       361P    351
102,2,353,359;                                                       363P    352
142,1,309,361,363,1;                                                 365P    353
144,309,1,1,347,365;                                                 367P    354
128,1,1,1,1,0,0,1,0,0,0.,0.,1.,1.,0.,0.,1.,1.,1.,1.,1.,1.,-7.2,      369P    355
-7.2,-3.9,-7.2,-7.2,3.9,-7.2,29.,-3.9,-7.2,29.,3.9,0.,1.,0.,1.;      369P    356
126,1,1,1,0,1,0,0.,0.,1.,1.,1.,1.,1.,0.,0.,1.,1.,0.,0.,1.,0.,        371P    357
0.,1.;                                                               371P    358
110,-7.2,-7.2,3.9,-7.2,29.,3.9;                                      373P    359
126,1,1,1,0,1,0,0.,0.,1.,1.,1.,1.,1.,1.,0.,0.,1.,0.,0.,1.,0.,        375P    360
0.,1.;                                                               375P    361
110,-7.2,29.,3.9,-7.2,29.,-3.9;                                      377P    362
126,1,1,1,0,1,0,0.,0.,1.,1.,1.,1.,0.,1.,0.,0.,0.,0.,0.,1.,0.,        379P    363
0.,1.;                                                               379P    364
110,-7.2,29.,-3.9,-7.2,-7.2,-3.9;                                    381P    365
126,1,1,1,0,1,0,0.,0.,1.,1.,1.,1.,0.,0.,0.,1.,0.,0.,0.,1.,0.,        383P    366
0.,1.;                                                               383P    367
110,-7.2,-7.2,-3.9,-7.2,-7.2,3.9;                                    385P    368
102,4,371,375,379,383;                                               387P    369
102,4,373,377,381,385;                                               389P    370
142,1,369,387,389,1;                                                 391P    371
126,16,2,1,0,1,0,0.,0.,0.,0.125,0.125,0.25,0.25,0.375,0.375,         393P    372
0.5,0.5,0.625,0.625,0.75,0.75,0.875,0.875,1.,1.,1.,1.,1.,1.,1.,      393P    373
1.,1.,1.,1.,1.,1.,1.,1.,1.,1.,1.,1.,1.,0.5,0.773480663,0.,           393P    374
0.576504757,0.773480663,0.,0.647185936,0.767172337,0.,               393P    375
0.717867114,0.760864011,0.,0.771964147,0.749207744,0.,               393P    376
0.826061179,0.737551478,0.,0.855338282,0.722321831,0.,               393P    377
0.884615385,0.707092185,0.,0.884615385,0.690607735,0.,               393P    378
0.884615385,0.674123284,0.,0.855338282,0.658893638,0.,               393P    379
0.826061179,0.643663992,0.,0.771964147,0.632007725,0.,               393P    380
0.717867114,0.620351459,0.,0.647185936,0.614043133,0.,               393P    381
0.576504757,0.607734807,0.,0.5,0.607734807,0.,0.,1.,0.,0.,1.;        393P    382
124,3.74939945665464E-033,-6.12323399573677E-017,1.,                 395P    383
-7.20000000000001,1.,6.12323399573677E-017,0.,25.,                   395P    384
-6.12323399573677E-017,1.,6.12323399573677E-017,-17.8;               395P    385
100,0.,-7.2,17.8,-4.2,17.8,-10.2,17.8;                               397P    386
126,16,2,1,0,1,0,0.,0.,0.,0.125,0.125,0.25,0.25,0.375,0.375,         399P    387
0.5,0.5,0.625,0.625,0.75,0.75,0.875,0.875,1.,1.,1.,1.,1.,1.,1.,      399P    388
1.,1.,1.,1.,1.,1.,1.,1.,1.,1.,1.,1.,1.,0.5,0.607734807,0.,           399P    389
0.423495243,0.607734807,0.,0.352814064,0.614043133,0.,               399P    390
0.282132886,0.620351459,0.,0.228035853,0.632007725,0.,               399P    391
0.173938821,0.643663992,0.,0.144661718,0.658893638,0.,               399P    392
0.115384615,0.674123284,0.,0.115384615,0.690607735,0.,               399P    393
0.115384615,0.707092185,0.,0.144661718,0.722321831,0.,               399P    394
0.173938821,0.737551478,0.,0.228035853,0.749207744,0.,               399P    395
0.282132886,0.760864011,0.,0.352814064,0.767172337,0.,               399P    396
0.423495243,0.773480663,0.,0.5,0.773480663,0.,0.,1.,0.,0.,1.;        399P    397
124,8.58915688636046E-031,6.12323399573677E-017,1.,                  401P    398
-7.20000000000001,-1.,1.40271576953299E-014,0.,                      401P    399
10.5999999999997,-1.40271576953299E-014,-1.,                         401P    400
6.12323399573677E-017,17.7999999999999;                              401P    401
100,0.,-7.2,17.8,-4.2,17.8,-10.2,17.8;                               403P    402
102,2,393,399;                                                       405P    403
102,2,397,403;                                                       407P    404
142,1,369,405,407,1;                                                 409P    405
144,369,1,1,391,409;                                                 411P    406
128,1,1,1,1,0,0,1,0,0,0.,0.,1.,1.,0.,0.,1.,1.,1.,1.,1.,1.,-0.8,      413P    407
29.8,-6.4,-6.4,29.8,-6.4,-0.8,29.8,6.4,-6.4,29.8,6.4,0.,1.,0.,       413P    408
1.;                                                                  413P    409
126,1,1,1,0,1,0,0.,0.,1.,1.,1.,1.,0.901785714,0.1953125,0.,1.,       415P    410
0.1953125,0.,0.,1.,0.,0.,1.;                                         415P    411
110,-5.85,29.8,-3.9,-6.4,29.8,-3.9;                                  417P    412
126,1,1,1,0,1,0,0.,0.,1.,1.,1.,1.,1.,0.1953125,0.,1.,0.8046875,      419P    413
0.,0.,1.,0.,0.,1.;                                                   419P    414
110,-6.4,29.8,-3.9,-6.4,29.8,3.9;                                    421P    415
126,1,1,1,0,1,0,0.,0.,1.,1.,1.,1.,1.,0.8046875,0.,0.901785714,       423P    416
0.8046875,0.,0.,1.,0.,0.,1.;                                         423P    417
110,-6.4,29.8,3.9,-5.85,29.8,3.9;                                    425P    418
126,1,1,1,0,1,0,0.,0.,1.,1.,1.,1.,0.901785714,0.8046875,0.,          427P    419
0.901785714,1.,0.,0.,1.,0.,0.,1.;                                    427P    420
110,-5.85,29.8,3.9,-5.85,29.8,6.4;                                   429P    421
126,1,1,1,0,1,0,0.,0.,1.,1.,1.,1.,0.901785714,1.,0.,                 431P    422
0.098214286,1.,0.,0.,1.,0.,0.,1.;                                    431P    423
110,-5.85,29.8,6.4,-1.35,29.8,6.4;                                   433P    424
126,1,1,1,0,1,0,0.,0.,1.,1.,1.,1.,0.098214286,1.,0.,                 435P    425
0.098214286,0.8046875,0.,0.,1.,0.,0.,1.;                             435P    426
110,-1.35,29.8,6.4,-1.35,29.8,3.9;                                   437P    427
126,1,1,1,0,1,0,0.,0.,1.,1.,1.,1.,0.098214286,0.8046875,0.,0.,       439P    428
0.8046875,0.,0.,1.,0.,0.,1.;                                         439P    429
110,-1.35,29.8,3.9,-0.8,29.8,3.9;                                    441P    430
126,1,1,1,0,1,0,0.,0.,1.,1.,1.,1.,0.,0.8046875,0.,0.,0.1953125,      443P    431
0.,0.,1.,0.,0.,1.;                                                   443P    432
110,-0.8,29.8,3.9,-0.8,29.8,-3.9;                                    445P    433
126,1,1,1,0,1,0,0.,0.,1.,1.,1.,1.,0.,0.1953125,0.,0.098214286,       447P    434
0.1953125,0.,0.,1.,0.,0.,1.;                                         447P    435
110,-0.8,29.8,-3.9,-1.35,29.8,-3.9;                                  449P    436
126,1,1,1,0,1,0,0.,0.,1.,1.,1.,1.,0.098214286,0.1953125,0.,          451P    437
0.098214286,0.,0.,0.,1.,0.,0.,1.;                                    451P    438
110,-1.35,29.8,-3.9,-1.35,29.8,-6.4;                                 453P    439
126,1,1,1,0,1,0,0.,0.,1.,1.,1.,1.,0.098214286,0.,0.,                 455P    440
0.901785714,0.,0.,0.,1.,0.,0.,1.;                                    455P    441
110,-1.35,29.8,-6.4,-5.85,29.8,-6.4;                                 457P    442
126,1,1,1,0,1,0,0.,0.,1.,1.,1.,1.,0.901785714,0.,0.,                 459P    443
0.901785714,0.1953125,0.,0.,1.,0.,0.,1.;                             459P    444
110,-5.85,29.8,-6.4,-5.85,29.8,-3.9;                                 461P    445
102,12,415,419,423,427,431,435,439,443,447,451,455,459;              463P    446
102,12,417,421,425,429,433,437,441,445,449,453,457,461;              465P    447
142,1,413,463,465,1;                                                 467P    448
144,413,1,0,467;                                                     469P    449
128,1,1,1,1,0,0,1,0,0,0.,0.,1.,1.,0.,0.,1.,1.,1.,1.,1.,1.,0.,        471P    450
0.,-3.9,0.,29.,-3.9,0.,0.,3.9,0.,29.,3.9,0.,1.,0.,1.;                471P    451
126,1,1,1,0,1,0,0.,0.,1.,1.,1.,1.,0.,0.,0.,1.,0.,0.,0.,1.,0.,        473P    452
0.,1.;                                                               473P    453
110,0.,0.,-3.9,0.,29.,-3.9;                                          475P    454
126,1,1,1,0,1,0,0.,0.,1.,1.,1.,1.,1.,0.,0.,1.,1.,0.,0.,1.,0.,        477P    455
0.,1.;                                                               477P    456
110,0.,29.,-3.9,0.,29.,3.9;                                          479P    457
126,1,1,1,0,1,0,0.,0.,1.,1.,1.,1.,1.,1.,0.,0.,1.,0.,0.,1.,0.,        481P    458
0.,1.;                                                               481P    459
110,0.,29.,3.9,0.,0.,3.9;                                            483P    460
126,1,1,1,0,1,0,0.,0.,1.,1.,1.,1.,0.,1.,0.,0.,0.,0.,0.,1.,0.,        485P    461
0.,1.;                                                               485P    462
110,0.,0.,3.9,0.,0.,-3.9;                                            487P    463
102,4,473,477,481,485;                                               489P    464
102,4,475,479,483,487;                                               491P    465
142,1,471,489,491,1;                                                 493P    466
126,16,2,1,0,1,0,0.,0.,0.,0.125,0.125,0.25,0.25,0.375,0.375,         495P    467
0.5,0.5,0.625,0.625,0.75,0.75,0.875,0.875,1.,1.,1.,1.,1.,1.,1.,      495P    468
1.,1.,1.,1.,1.,1.,1.,1.,1.,1.,1.,1.,1.,0.510344828,0.5,0.,           495P    469
0.510344828,0.576504757,0.,0.518219359,0.647185936,0.,               495P    470
0.52609389,0.717867114,0.,0.540644126,0.771964147,0.,                495P    471
0.555194362,0.826061179,0.,0.574205162,0.855338282,0.,               495P    472
0.593215962,0.884615385,0.,0.613793103,0.884615385,0.,               495P    473
0.634370245,0.884615385,0.,0.653381045,0.855338282,0.,               495P    474
0.672391845,0.826061179,0.,0.686942081,0.771964147,0.,               495P    475
0.701492317,0.717867114,0.,0.709366848,0.647185936,0.,               495P    476
0.717241379,0.576504757,0.,0.717241379,0.5,0.,0.,1.,0.,0.,1.;        495P    477
124,2.9106098590215E-016,6.12323399573637E-017,-1.,                  497P    478
-6.27082120029932E-015,-1.,1.37360967094278E-014,                    497P    479
-2.91060985902149E-016,17.7999999999997,1.37360967094278E-014,       497P    480
1.,6.12323399573677E-017,-17.8;                                      497P    481
100,0.,0.,17.8,3.,17.8,-3.,17.8;                                     499P    482
126,16,2,1,0,1,0,0.,0.,0.,0.125,0.125,0.25,0.25,0.375,0.375,         501P    483
0.5,0.5,0.625,0.625,0.75,0.75,0.875,0.875,1.,1.,1.,1.,1.,1.,1.,      501P    484
1.,1.,1.,1.,1.,1.,1.,1.,1.,1.,1.,1.,1.,0.717241379,0.5,0.,           501P    485
0.717241379,0.423495243,0.,0.709366848,0.352814064,0.,               501P    486
0.701492317,0.282132886,0.,0.686942081,0.228035853,0.,               501P    487
0.672391845,0.173938821,0.,0.653381045,0.144661718,0.,               501P    488
0.634370245,0.115384615,0.,0.613793103,0.115384615,0.,               501P    489
0.593215962,0.115384615,0.,0.574205162,0.144661718,0.,               501P    490
0.555194362,0.173938821,0.,0.540644126,0.228035853,0.,               501P    491
0.52609389,0.282132886,0.,0.518219359,0.352814064,0.,                501P    492
0.510344828,0.423495243,0.,0.510344828,0.5,0.,0.,1.,0.,0.,1.;        501P    493
124,-2.91060985902149E-016,-6.12323399573676E-017,-1.,               503P    494
-4.09094989781711E-015,1.,-9.17958839905461E-017,                    503P    495
-2.91060985902149E-016,17.8,-9.17958839905461E-017,-1.,              503P    496
6.12323399573677E-017,17.8;                                          503P    497
100,0.,0.,17.8,3.,17.8,-3.,17.8;                                     505P    498
102,2,495,501;                                                       507P    499
102,2,499,505;                                                       509P    500
142,1,471,507,509,1;                                                 511P    501
144,471,1,1,493,511;                                                 513P    502
128,1,1,1,1,0,0,1,0,0,0.,0.,1.,1.,0.,0.,1.,1.,1.,1.,1.,1.,           515P    503
-5.85,4.6,3.9,-5.85,29.8,3.9,-5.85,4.6,6.4,-5.85,29.8,6.4,0.,        515P    504
1.,0.,1.;                                                            515P    505
126,1,1,1,0,1,0,0.,0.,1.,1.,1.,1.,0.,0.,0.,1.,0.,0.,0.,1.,0.,        517P    506
0.,1.;                                                               517P    507
110,-5.85,4.6,3.9,-5.85,29.8,3.9;                                    519P    508
126,1,1,1,0,1,0,0.,0.,1.,1.,1.,1.,1.,0.,0.,1.,1.,0.,0.,1.,0.,        521P    509
0.,1.;                                                               521P    510
110,-5.85,29.8,3.9,-5.85,29.8,6.4;                                   523P    511
126,1,1,1,0,1,0,0.,0.,1.,1.,1.,1.,1.,1.,0.,0.,1.,0.,0.,1.,0.,        525P    512
0.,1.;                                                               525P    513
110,-5.85,29.8,6.4,-5.85,4.6,6.4;                                    527P    514
126,1,1,1,0,1,0,0.,0.,1.,1.,1.,1.,0.,1.,0.,0.,0.,0.,0.,1.,0.,        529P    515
0.,1.;                                                               529P    516
110,-5.85,4.6,6.4,-5.85,4.6,3.9;                                     531P    517
102,4,517,521,525,529;                                               533P    518
102,4,519,523,527,531;                                               535P    519
142,1,515,533,535,1;                                                 537P    520
144,515,1,0,537;                                                     539P    521
128,1,1,1,1,0,0,1,0,0,0.,0.,1.,1.,0.,0.,1.,1.,1.,1.,1.,1.,           541P    522
-1.35,4.6,3.9,-5.85,4.6,3.9,-1.35,4.6,6.4,-5.85,4.6,6.4,0.,1.,       541P    523
0.,1.;                                                               541P    524
126,1,1,1,0,1,0,0.,0.,1.,1.,1.,1.,0.,0.,0.,1.,0.,0.,0.,1.,0.,        543P    525
0.,1.;                                                               543P    526
110,-1.35,4.6,3.9,-5.85,4.6,3.9;                                     545P    527
126,1,1,1,0,1,0,0.,0.,1.,1.,1.,1.,1.,0.,0.,1.,1.,0.,0.,1.,0.,        547P    528
0.,1.;                                                               547P    529
110,-5.85,4.6,3.9,-5.85,4.6,6.4;                                     549P    530
126,1,1,1,0,1,0,0.,0.,1.,1.,1.,1.,1.,1.,0.,0.,1.,0.,0.,1.,0.,        551P    531
0.,1.;                                                               551P    532
110,-5.85,4.6,6.4,-1.35,4.6,6.4;                                     553P    533
126,1,1,1,0,1,0,0.,0.,1.,1.,1.,1.,0.,1.,0.,0.,0.,0.,0.,1.,0.,        555P    534
0.,1.;                                                               555P    535
110,-1.35,4.6,6.4,-1.35,4.6,3.9;                                     557P    536
102,4,543,547,551,555;                                               559P    537
102,4,545,549,553,557;                                               561P    538
142,1,541,559,561,1;                                                 563P    539
144,541,1,0,563;                                                     565P    540
128,1,1,1,1,0,0,1,0,0,0.,0.,1.,1.,0.,0.,1.,1.,1.,1.,1.,1.,           567P    541
-1.35,29.8,3.9,-1.35,4.6,3.9,-1.35,29.8,6.4,-1.35,4.6,6.4,0.,        567P    542
1.,0.,1.;                                                            567P    543
126,1,1,1,0,1,0,0.,0.,1.,1.,1.,1.,0.,0.,0.,1.,0.,0.,0.,1.,0.,        569P    544
0.,1.;                                                               569P    545
110,-1.35,29.8,3.9,-1.35,4.6,3.9;                                    571P    546
126,1,1,1,0,1,0,0.,0.,1.,1.,1.,1.,1.,0.,0.,1.,1.,0.,0.,1.,0.,        573P    547
0.,1.;                                                               573P    548
110,-1.35,4.6,3.9,-1.35,4.6,6.4;                                     575P    549
126,1,1,1,0,1,0,0.,0.,1.,1.,1.,1.,1.,1.,0.,0.,1.,0.,0.,1.,0.,        577P    550
0.,1.;                                                               577P    551
110,-1.35,4.6,6.4,-1.35,29.8,6.4;                                    579P    552
126,1,1,1,0,1,0,0.,0.,1.,1.,1.,1.,0.,1.,0.,0.,0.,0.,0.,1.,0.,        581P    553
0.,1.;                                                               581P    554
110,-1.35,29.8,6.4,-1.35,29.8,3.9;                                   583P    555
102,4,569,573,577,581;                                               585P    556
102,4,571,575,579,583;                                               587P    557
142,1,567,585,587,1;                                                 589P    558
144,567,1,0,589;                                                     591P    559
128,1,1,1,1,0,0,1,0,0,0.,0.,1.,1.,0.,0.,1.,1.,1.,1.,1.,1.,           593P    560
-4.85,5.6,7.4,-2.35,5.6,7.4,-4.85,28.8,7.4,-2.35,28.8,7.4,0.,        593P    561
1.,0.,1.;                                                            593P    562
126,1,1,1,0,1,0,0.,0.,1.,1.,1.,1.,1.,0.,0.,1.,1.,0.,0.,1.,0.,        595P    563
0.,1.;                                                               595P    564
110,-2.35,5.6,7.4,-2.35,28.8,7.4;                                    597P    565
126,1,1,1,0,1,0,0.,0.,1.,1.,1.,1.,1.,1.,0.,0.,1.,0.,0.,1.,0.,        599P    566
0.,1.;                                                               599P    567
110,-2.35,28.8,7.4,-4.85,28.8,7.4;                                   601P    568
126,1,1,1,0,1,0,0.,0.,1.,1.,1.,1.,0.,1.,0.,0.,0.,0.,0.,1.,0.,        603P    569
0.,1.;                                                               603P    570
110,-4.85,28.8,7.4,-4.85,5.6,7.4;                                    605P    571
126,1,1,1,0,1,0,0.,0.,1.,1.,1.,1.,0.,0.,0.,1.,0.,0.,0.,1.,0.,        607P    572
0.,1.;                                                               607P    573
110,-4.85,5.6,7.4,-2.35,5.6,7.4;                                     609P    574
102,4,595,599,603,607;                                               611P    575
102,4,597,601,605,609;                                               613P    576
142,1,593,611,613,1;                                                 615P    577
144,593,1,0,615;                                                     617P    578
128,1,1,1,1,0,0,1,0,0,0.,0.,1.,1.,0.,0.,1.,1.,1.,1.,1.,1.,           619P    579
-5.85,-1.35,3.9,23.8,-1.35,3.9,-5.85,-1.35,7.4,23.8,-1.35,7.4,       619P    580
0.,1.,0.,1.;                                                         619P    581
126,1,1,1,0,1,0,0.,0.,1.,1.,1.,1.,0.101180438,1.,0.,0.,              621P    582
0.013969937,0.,0.,1.,0.,0.,1.;                                       621P    583
110,-2.85,-1.35,7.4,-5.85,-1.35,3.948894778;                         623P    584
126,1,1,1,0,1,0,0.,0.,1.,1.,1.,1.,0.,0.013969937,0.,0.,0.,0.,        625P    585
0.,1.,0.,0.,1.;                                                      625P    586
110,-5.85,-1.35,3.948894778,-5.85,-1.35,3.9;                         627P    587
126,1,1,1,0,1,0,0.,0.,1.,1.,1.,1.,0.,0.,0.,1.,0.,0.,0.,1.,0.,        629P    588
0.,1.;                                                               629P    589
110,-5.85,-1.35,3.9,23.8,-1.35,3.9;                                  631P    590
126,1,1,1,0,1,0,0.,0.,1.,1.,1.,1.,1.,0.,0.,1.,0.013969937,0.,        633P    591
0.,1.,0.,0.,1.;                                                      633P    592
110,23.8,-1.35,3.9,23.8,-1.35,3.948894778;                           635P    593
126,1,1,1,0,1,0,0.,0.,1.,1.,1.,1.,1.,0.013969937,0.,                 637P    594
0.898819562,1.,0.,0.,1.,0.,0.,1.;                                    637P    595
110,23.8,-1.35,3.948894778,20.8,-1.35,7.4;                           639P    596
126,1,1,1,0,1,0,0.,0.,1.,1.,1.,1.,0.898819562,1.,0.,                 641P    597
0.101180438,1.,0.,0.,1.,0.,0.,1.;                                    641P    598
110,20.8,-1.35,7.4,-2.85,-1.35,7.4;                                  643P    599
102,6,621,625,629,633,637,641;                                       645P    600
102,6,623,627,631,635,639,643;                                       647P    601
142,1,619,645,647,1;                                                 649P    602
144,619,1,0,649;                                                     651P    603
128,1,1,1,1,0,0,1,0,0,0.,0.,1.,1.,0.,0.,1.,1.,1.,1.,1.,1.,           653P    604
-5.85,-7.2,3.9,-5.85,-1.35,3.9,-5.85,-7.2,3.948894778,-5.85,         653P    605
-1.35,3.948894778,0.,1.,0.,1.;                                       653P    606
126,1,1,1,0,1,0,0.,0.,1.,1.,1.,1.,0.,0.,0.,1.,0.,0.,0.,1.,0.,        655P    607
0.,1.;                                                               655P    608
110,-5.85,-7.2,3.9,-5.85,-1.35,3.9;                                  657P    609
126,1,1,1,0,1,0,0.,0.,1.,1.,1.,1.,1.,0.,0.,1.,1.,0.,0.,1.,0.,        659P    610
0.,1.;                                                               659P    611
110,-5.85,-1.35,3.9,-5.85,-1.35,3.948894778;                         661P    612
126,1,1,1,0,1,0,0.,0.,1.,1.,1.,1.,1.,1.,0.,0.001282645,1.,0.,        663P    613
0.,1.,0.,0.,1.;                                                      663P    614
110,-5.85,-1.35,3.948894778,-5.85,-7.192496529,3.948894778;          665P    615
126,1,1,1,0,1,0,0.,0.,1.,1.,1.,1.,0.001282645,1.,0.,0.,              667P    616
0.734196699,0.,0.,1.,0.,0.,1.;                                       667P    617
110,-5.85,-7.192496529,3.948894778,-5.85,-7.2,3.935898385;           669P    618
126,1,1,1,0,1,0,0.,0.,1.,1.,1.,1.,0.,0.734196699,0.,0.,0.,0.,        671P    619
0.,1.,0.,0.,1.;                                                      671P    620
110,-5.85,-7.2,3.935898385,-5.85,-7.2,3.9;                           673P    621
102,5,655,659,663,667,671;                                           675P    622
102,5,657,661,665,669,673;                                           677P    623
142,1,653,675,677,1;                                                 679P    624
144,653,1,0,679;                                                     681P    625
128,1,1,1,1,0,0,1,0,0,0.,0.,1.,1.,0.,0.,1.,1.,1.,1.,1.,1.,           683P    626
-2.85,-5.2,7.4,20.8,-5.2,7.4,-2.85,-1.35,7.4,20.8,-1.35,7.4,0.,      683P    627
1.,0.,1.;                                                            683P    628
126,1,1,1,0,1,0,0.,0.,1.,1.,1.,1.,0.,1.,0.,0.,0.,0.,0.,1.,0.,        685P    629
0.,1.;                                                               685P    630
110,-2.85,-1.35,7.4,-2.85,-5.2,7.4;                                  687P    631
126,1,1,1,0,1,0,0.,0.,1.,1.,1.,1.,0.,0.,0.,1.,0.,0.,0.,1.,0.,        689P    632
0.,1.;                                                               689P    633
110,-2.85,-5.2,7.4,20.8,-5.2,7.4;                                    691P    634
126,1,1,1,0,1,0,0.,0.,1.,1.,1.,1.,1.,0.,0.,1.,1.,0.,0.,1.,0.,        693P    635
0.,1.;                                                               693P    636
110,20.8,-5.2,7.4,20.8,-1.35,7.4;                                    695P    637
126,1,1,1,0,1,0,0.,0.,1.,1.,1.,1.,1.,1.,0.,0.,1.,0.,0.,1.,0.,        697P    638
0.,1.;                                                               697P    639
110,20.8,-1.35,7.4,-2.85,-1.35,7.4;                                  699P    640
102,4,685,689,693,697;                                               701P    641
102,4,687,691,695,699;                                               703P    642
142,1,683,701,703,1;                                                 705P    643
144,683,1,0,705;                                                     707P    644
128,1,1,1,1,0,0,1,0,0,0.,0.,1.,1.,0.,0.,1.,1.,1.,1.,1.,1.,20.8,      709P    645
-7.04109198,7.4,20.8,-1.35,7.4,23.8,-7.04109198,3.948894778,         709P    646
23.8,-1.35,3.948894778,0.,1.,0.,1.;                                  709P    647
126,1,1,1,0,1,0,0.,0.,1.,1.,1.,1.,0.323504169,0.,0.,1.,0.,0.,        711P    648
0.,1.,0.,0.,1.;                                                      711P    649
110,20.8,-5.2,7.4,20.8,-1.35,7.4;                                    713P    650
126,1,1,1,0,1,0,0.,0.,1.,1.,1.,1.,1.,0.,0.,1.,1.,0.,0.,1.,0.,        715P    651
0.,1.;                                                               715P    652
110,20.8,-1.35,7.4,23.8,-1.35,3.948894778;                           717P    653
126,1,1,1,0,1,0,0.,0.,1.,1.,1.,1.,1.,1.,0.,0.112648325,1.,0.,        719P    654
0.,1.,0.,0.,1.;                                                      719P    655
110,23.8,-1.35,3.948894778,23.8,-6.4,3.948894778;                    721P    656
126,4,2,1,0,1,0,0.,0.,0.,0.5,0.5,1.,1.,1.,1.,1.,1.,1.,1.,            723P    657
0.112648325,1.,0.,0.081889408,1.,0.,0.053941373,0.975630841,0.,      723P    658
0.025993339,0.951261681,0.,0.005964215,0.906977282,0.,0.,1.,0.,      723P    659
0.,-1.;                                                              723P    660
126,3,3,1,0,0,0,0.,0.,0.,0.,1.,1.,1.,1.,1.,0.939077101483352,        725P    661
0.939077101483352,1.,23.8,-6.4,3.948894778,23.8,-6.637187952,        725P    662
3.948894778,23.700942406,-6.852700638,4.062847505,23.520931846,      725P    663
-7.007149086,4.269925967,0.,1.,0.75470958,0.,0.656059029;            725P    664
126,1,1,1,0,1,0,0.,0.,1.,1.,1.,1.,0.005964215,0.906977282,0.,        727P    665
0.323504169,0.,0.,0.,1.,0.,0.,1.;                                    727P    666
110,23.520931846,-7.007149086,4.269925967,20.8,-5.2,7.4;             729P    667
102,5,711,715,719,723,727;                                           731P    668
102,5,713,717,721,725,729;                                           733P    669
142,1,709,731,733,1;                                                 735P    670
144,709,1,0,735;                                                     737P    671
128,1,1,1,1,0,0,1,0,0,0.,0.,1.,1.,0.,0.,1.,1.,1.,1.,1.,1.,           739P    672
-2.85,-7.227551508,7.4,-2.85,-1.35,7.4,-5.85,-7.227551508,           739P    673
3.948894778,-5.85,-1.35,3.948894778,0.,1.,0.,1.;                     739P    674
126,1,1,1,0,1,0,0.,0.,1.,1.,1.,1.,1.,1.,0.,0.005964215,1.,0.,        741P    675
0.,1.,0.,0.,1.;                                                      741P    676
110,-5.85,-1.35,3.948894778,-5.85,-7.192496529,3.948894778;          743P    677
126,1,1,1,0,1,0,0.,0.,1.,1.,1.,1.,0.005964215,1.,0.,                 745P    678
0.344965332,0.,0.,0.,1.,0.,0.,1.;                                    745P    679
110,-5.85,-7.192496529,3.948894778,-2.85,-5.2,7.4;                   747P    680
126,1,1,1,0,1,0,0.,0.,1.,1.,1.,1.,0.344965332,0.,0.,1.,0.,0.,        749P    681
0.,1.,0.,0.,1.;                                                      749P    682
110,-2.85,-5.2,7.4,-2.85,-1.35,7.4;                                  751P    683
126,1,1,1,0,1,0,0.,0.,1.,1.,1.,1.,1.,0.,0.,1.,1.,0.,0.,1.,0.,        753P    684
0.,1.;                                                               753P    685
110,-2.85,-1.35,7.4,-5.85,-1.35,3.948894778;                         755P    686
102,4,741,745,749,753;                                               757P    687
102,4,743,747,751,755;                                               759P    688
142,1,739,757,759,1;                                                 761P    689
144,739,1,0,761;                                                     763P    690
128,1,1,1,1,0,0,1,0,0,0.,0.,1.,1.,0.,0.,1.,1.,1.,1.,1.,1.,           765P    691
-5.85,-5.2,7.4,23.697157437,-5.2,7.4,-5.85,-7.2,3.935898385,         765P    692
23.697157437,-7.2,3.935898385,0.,1.,0.,1.;                           765P    693
126,1,1,1,0,1,0,0.,0.,1.,1.,1.,1.,0.,1.,0.,0.,0.996248264,0.,        767P    694
0.,1.,0.,0.,1.;                                                      767P    695
110,-5.85,-7.2,3.935898385,-5.85,-7.192496529,3.948894778;           769P    696
126,1,1,1,0,1,0,0.,0.,1.,1.,1.,1.,0.,0.996248264,0.,0.10153261,      771P    697
0.,0.,0.,1.,0.,0.,1.;                                                771P    698
110,-5.85,-7.192496529,3.948894778,-2.85,-5.2,7.4;                   773P    699
126,1,1,1,0,1,0,0.,0.,1.,1.,1.,1.,0.10153261,0.,0.,0.901948015,      775P    700
0.,0.,0.,1.,0.,0.,1.;                                                775P    701
110,-2.85,-5.2,7.4,20.8,-5.2,7.4;                                    777P    702
126,1,1,1,0,1,0,0.,0.,1.,1.,1.,1.,0.901948015,0.,0.,                 779P    703
0.994035785,0.903574543,0.,0.,1.,0.,0.,1.;                           779P    704
110,20.8,-5.2,7.4,23.520931846,-7.007149086,4.269925967;             781P    705
126,4,2,1,0,1,0,0.,0.,0.,0.5,0.5,1.,1.,1.,1.,1.,1.,1.,1.,            783P    706
0.994035785,0.903574543,0.,0.990354312,0.950239718,0.,               783P    707
0.985805203,0.975119859,0.,0.981256094,1.,0.,0.976405262,1.,0.,      783P    708
0.,1.,0.,0.,-1.;                                                     783P    709
126,3,3,1,0,0,0,0.,0.,0.,0.,1.,1.,1.,1.,1.,0.958533098235548,        785P    710
0.958533098235548,1.,23.520931846,-7.007149086,4.269925967,          785P    711
23.374327166,-7.132935401,4.052057678,23.193171243,-7.2,             785P    712
3.935898385,23.,-7.2,3.935898385,0.,1.,0.,-0.866025404,0.5;          785P    713
126,1,1,1,0,1,0,0.,0.,1.,1.,1.,1.,0.976405262,1.,0.,0.,1.,0.,        787P    714
0.,1.,0.,0.,1.;                                                      787P    715
110,23.,-7.2,3.935898385,-5.85,-7.2,3.935898385;                     789P    716
102,6,767,771,775,779,783,787;                                       791P    717
102,6,769,773,777,781,785,789;                                       793P    718
142,1,765,791,793,1;                                                 795P    719
144,765,1,0,795;                                                     797P    720
128,1,1,1,1,0,0,1,0,0,0.,0.,1.,1.,0.,0.,1.,1.,1.,1.,1.,1.,           799P    721
-1.323,5.6,7.4,-5.877,5.6,7.4,-1.323,4.6,6.4,-5.877,4.6,6.4,0.,      799P    722
1.,0.,1.;                                                            799P    723
126,1,1,1,0,1,0,0.,0.,1.,1.,1.,1.,0.77448397,0.,0.,0.994071146,      801P    724
1.,0.,0.,1.,0.,0.,1.;                                                801P    725
110,-4.85,5.6,7.4,-5.85,4.6,6.4;                                     803P    726
126,1,1,1,0,1,0,0.,0.,1.,1.,1.,1.,0.994071146,1.,0.,                 805P    727
0.005928854,1.,0.,0.,1.,0.,0.,1.;                                    805P    728
110,-5.85,4.6,6.4,-1.35,4.6,6.4;                                     807P    729
126,1,1,1,0,1,0,0.,0.,1.,1.,1.,1.,0.005928854,1.,0.,0.22551603,      809P    730
0.,0.,0.,1.,0.,0.,1.;                                                809P    731
110,-1.35,4.6,6.4,-2.35,5.6,7.4;                                     811P    732
126,1,1,1,0,1,0,0.,0.,1.,1.,1.,1.,0.22551603,0.,0.,0.77448397,       813P    733
0.,0.,0.,1.,0.,0.,1.;                                                813P    734
110,-2.35,5.6,7.4,-4.85,5.6,7.4;                                     815P    735
102,4,801,805,809,813;                                               817P    736
102,4,803,807,811,815;                                               819P    737
142,1,799,817,819,1;                                                 821P    738
144,799,1,0,821;                                                     823P    739
128,1,1,1,1,0,0,1,0,0,0.,0.,1.,1.,0.,0.,1.,1.,1.,1.,1.,1.,           825P    740
-2.35,29.9512,7.4,-2.35,4.4488,7.4,-1.35,29.9512,6.4,-1.35,          825P    741
4.4488,6.4,0.,1.,0.,1.;                                              825P    742
126,1,1,1,0,1,0,0.,0.,1.,1.,1.,1.,0.954859151,0.,0.,                 827P    743
0.994071146,1.,0.,0.,1.,0.,0.,1.;                                    827P    744
110,-2.35,5.6,7.4,-1.35,4.6,6.4;                                     829P    745
126,1,1,1,0,1,0,0.,0.,1.,1.,1.,1.,0.994071146,1.,0.,                 831P    746
0.005928854,1.,0.,0.,1.,0.,0.,1.;                                    831P    747
110,-1.35,4.6,6.4,-1.35,29.8,6.4;                                    833P    748
126,1,1,1,0,1,0,0.,0.,1.,1.,1.,1.,0.005928854,1.,0.,                 835P    749
0.045140849,0.,0.,0.,1.,0.,0.,1.;                                    835P    750
110,-1.35,29.8,6.4,-2.35,28.8,7.4;                                   837P    751
126,1,1,1,0,1,0,0.,0.,1.,1.,1.,1.,0.045140849,0.,0.,                 839P    752
0.954859151,0.,0.,0.,1.,0.,0.,1.;                                    839P    753
110,-2.35,28.8,7.4,-2.35,5.6,7.4;                                    841P    754
102,4,827,831,835,839;                                               843P    755
102,4,829,833,837,841;                                               845P    756
142,1,825,843,845,1;                                                 847P    757
144,825,1,0,847;                                                     849P    758
128,1,1,1,1,0,0,1,0,0,0.,0.,1.,1.,0.,0.,1.,1.,1.,1.,1.,1.,           851P    759
-4.85,4.4488,7.4,-4.85,29.9512,7.4,-5.85,4.4488,6.4,-5.85,           851P    760
29.9512,6.4,0.,1.,0.,1.;                                             851P    761
126,1,1,1,0,1,0,0.,0.,1.,1.,1.,1.,0.005928854,1.,0.,                 853P    762
0.045140849,0.,0.,0.,1.,0.,0.,1.;                                    853P    763
110,-5.85,4.6,6.4,-4.85,5.6,7.4;                                     855P    764
126,1,1,1,0,1,0,0.,0.,1.,1.,1.,1.,0.045140849,0.,0.,                 857P    765
0.954859151,0.,0.,0.,1.,0.,0.,1.;                                    857P    766
110,-4.85,5.6,7.4,-4.85,28.8,7.4;                                    859P    767
126,1,1,1,0,1,0,0.,0.,1.,1.,1.,1.,0.954859151,0.,0.,                 861P    768
0.994071146,1.,0.,0.,1.,0.,0.,1.;                                    861P    769
110,-4.85,28.8,7.4,-5.85,29.8,6.4;                                   863P    770
126,1,1,1,0,1,0,0.,0.,1.,1.,1.,1.,0.994071146,1.,0.,                 865P    771
0.005928854,1.,0.,0.,1.,0.,0.,1.;                                    865P    772
110,-5.85,29.8,6.4,-5.85,4.6,6.4;                                    867P    773
102,4,853,857,861,865;                                               869P    774
102,4,855,859,863,867;                                               871P    775
142,1,851,869,871,1;                                                 873P    776
144,851,1,0,873;                                                     875P    777
128,1,1,1,1,0,0,1,0,0,0.,0.,1.,1.,0.,0.,1.,1.,1.,1.,1.,1.,           877P    778
-1.323,28.8,7.4,-5.877,28.8,7.4,-1.323,29.8,6.4,-5.877,29.8,         877P    779
6.4,0.,1.,0.,1.;                                                     877P    780
126,1,1,1,0,1,0,0.,0.,1.,1.,1.,1.,0.22551603,0.,0.,0.77448397,       879P    781
0.,0.,0.,1.,0.,0.,1.;                                                879P    782
110,-2.35,28.8,7.4,-4.85,28.8,7.4;                                   881P    783
126,1,1,1,0,1,0,0.,0.,1.,1.,1.,1.,0.77448397,0.,0.,0.994071146,      883P    784
1.,0.,0.,1.,0.,0.,1.;                                                883P    785
110,-4.85,28.8,7.4,-5.85,29.8,6.4;                                   885P    786
126,1,1,1,0,1,0,0.,0.,1.,1.,1.,1.,0.994071146,1.,0.,                 887P    787
0.005928854,1.,0.,0.,1.,0.,0.,1.;                                    887P    788
110,-5.85,29.8,6.4,-1.35,29.8,6.4;                                   889P    789
126,1,1,1,0,1,0,0.,0.,1.,1.,1.,1.,0.005928854,1.,0.,0.22551603,      891P    790
0.,0.,0.,1.,0.,0.,1.;                                                891P    791
110,-1.35,29.8,6.4,-2.35,28.8,7.4;                                   893P    792
102,4,879,883,887,891;                                               895P    793
102,4,881,885,889,893;                                               897P    794
142,1,877,895,897,1;                                                 899P    795
144,877,1,0,899;                                                     901P    796
128,1,1,1,1,0,0,1,0,0,0.,0.,1.,1.,0.,0.,1.,1.,1.,1.,1.,1.,           903P    797
-5.85,29.8,-6.4,-5.85,4.6,-6.4,-5.85,29.8,-3.9,-5.85,4.6,-3.9,       903P    798
0.,1.,0.,1.;                                                         903P    799
126,1,1,1,0,1,0,0.,0.,1.,1.,1.,1.,0.,1.,0.,0.,0.,0.,0.,1.,0.,        905P    800
0.,1.;                                                               905P    801
110,-5.85,29.8,-3.9,-5.85,29.8,-6.4;                                 907P    802
126,1,1,1,0,1,0,0.,0.,1.,1.,1.,1.,0.,0.,0.,1.,0.,0.,0.,1.,0.,        909P    803
0.,1.;                                                               909P    804
110,-5.85,29.8,-6.4,-5.85,4.6,-6.4;                                  911P    805
126,1,1,1,0,1,0,0.,0.,1.,1.,1.,1.,1.,0.,0.,1.,1.,0.,0.,1.,0.,        913P    806
0.,1.;                                                               913P    807
110,-5.85,4.6,-6.4,-5.85,4.6,-3.9;                                   915P    808
126,1,1,1,0,1,0,0.,0.,1.,1.,1.,1.,1.,1.,0.,0.,1.,0.,0.,1.,0.,        917P    809
0.,1.;                                                               917P    810
110,-5.85,4.6,-3.9,-5.85,29.8,-3.9;                                  919P    811
102,4,905,909,913,917;                                               921P    812
102,4,907,911,915,919;                                               923P    813
142,1,903,921,923,1;                                                 925P    814
144,903,1,0,925;                                                     927P    815
128,1,1,1,1,0,0,1,0,0,0.,0.,1.,1.,0.,0.,1.,1.,1.,1.,1.,1.,           929P    816
-1.35,4.6,-6.4,-1.35,29.8,-6.4,-1.35,4.6,-3.9,-1.35,29.8,-3.9,       929P    817
0.,1.,0.,1.;                                                         929P    818
126,1,1,1,0,1,0,0.,0.,1.,1.,1.,1.,0.,1.,0.,0.,0.,0.,0.,1.,0.,        931P    819
0.,1.;                                                               931P    820
110,-1.35,4.6,-3.9,-1.35,4.6,-6.4;                                   933P    821
126,1,1,1,0,1,0,0.,0.,1.,1.,1.,1.,0.,0.,0.,1.,0.,0.,0.,1.,0.,        935P    822
0.,1.;                                                               935P    823
110,-1.35,4.6,-6.4,-1.35,29.8,-6.4;                                  937P    824
126,1,1,1,0,1,0,0.,0.,1.,1.,1.,1.,1.,0.,0.,1.,1.,0.,0.,1.,0.,        939P    825
0.,1.;                                                               939P    826
110,-1.35,29.8,-6.4,-1.35,29.8,-3.9;                                 941P    827
126,1,1,1,0,1,0,0.,0.,1.,1.,1.,1.,1.,1.,0.,0.,1.,0.,0.,1.,0.,        943P    828
0.,1.;                                                               943P    829
110,-1.35,29.8,-3.9,-1.35,4.6,-3.9;                                  945P    830
102,4,931,935,939,943;                                               947P    831
102,4,933,937,941,945;                                               949P    832
142,1,929,947,949,1;                                                 951P    833
144,929,1,0,951;                                                     953P    834
128,1,1,1,1,0,0,1,0,0,0.,0.,1.,1.,0.,0.,1.,1.,1.,1.,1.,1.,           955P    835
-5.85,4.6,-6.4,-1.35,4.6,-6.4,-5.85,4.6,-3.9,-1.35,4.6,-3.9,0.,      955P    836
1.,0.,1.;                                                            955P    837
126,1,1,1,0,1,0,0.,0.,1.,1.,1.,1.,0.,1.,0.,0.,0.,0.,0.,1.,0.,        957P    838
0.,1.;                                                               957P    839
110,-5.85,4.6,-3.9,-5.85,4.6,-6.4;                                   959P    840
126,1,1,1,0,1,0,0.,0.,1.,1.,1.,1.,0.,0.,0.,1.,0.,0.,0.,1.,0.,        961P    841
0.,1.;                                                               961P    842
110,-5.85,4.6,-6.4,-1.35,4.6,-6.4;                                   963P    843
126,1,1,1,0,1,0,0.,0.,1.,1.,1.,1.,1.,0.,0.,1.,1.,0.,0.,1.,0.,        965P    844
0.,1.;                                                               965P    845
110,-1.35,4.6,-6.4,-1.35,4.6,-3.9;                                   967P    846
126,1,1,1,0,1,0,0.,0.,1.,1.,1.,1.,1.,1.,0.,0.,1.,0.,0.,1.,0.,        969P    847
0.,1.;                                                               969P    848
110,-1.35,4.6,-3.9,-5.85,4.6,-3.9;                                   971P    849
102,4,957,961,965,969;                                               973P    850
102,4,959,963,967,971;                                               975P    851
142,1,955,973,975,1;                                                 977P    852
144,955,1,0,977;                                                     979P    853
128,1,1,1,1,0,0,1,0,0,0.,0.,1.,1.,0.,0.,1.,1.,1.,1.,1.,1.,           981P    854
-4.85,28.8,-7.4,-2.35,28.8,-7.4,-4.85,5.6,-7.4,-2.35,5.6,-7.4,       981P    855
0.,1.,0.,1.;                                                         981P    856
126,1,1,1,0,1,0,0.,0.,1.,1.,1.,1.,1.,0.,0.,1.,1.,0.,0.,1.,0.,        983P    857
0.,1.;                                                               983P    858
110,-2.35,28.8,-7.4,-2.35,5.6,-7.4;                                  985P    859
126,1,1,1,0,1,0,0.,0.,1.,1.,1.,1.,1.,1.,0.,0.,1.,0.,0.,1.,0.,        987P    860
0.,1.;                                                               987P    861
110,-2.35,5.6,-7.4,-4.85,5.6,-7.4;                                   989P    862
126,1,1,1,0,1,0,0.,0.,1.,1.,1.,1.,0.,1.,0.,0.,0.,0.,0.,1.,0.,        991P    863
0.,1.;                                                               991P    864
110,-4.85,5.6,-7.4,-4.85,28.8,-7.4;                                  993P    865
126,1,1,1,0,1,0,0.,0.,1.,1.,1.,1.,0.,0.,0.,1.,0.,0.,0.,1.,0.,        995P    866
0.,1.;                                                               995P    867
110,-4.85,28.8,-7.4,-2.35,28.8,-7.4;                                 997P    868
102,4,983,987,991,995;                                               999P    869
102,4,985,989,993,997;                                              1001P    870
142,1,981,999,1001,1;                                               1003P    871
144,981,1,0,1003;                                                   1005P    872
128,1,1,1,1,0,0,1,0,0,0.,0.,1.,1.,0.,0.,1.,1.,1.,1.,1.,1.,          1007P    873
-5.85,-1.35,-3.948894778,-5.85,-7.2,-3.948894778,-5.85,-1.35,       1007P    874
-3.9,-5.85,-7.2,-3.9,0.,1.,0.,1.;                                   1007P    875
126,1,1,1,0,1,0,0.,0.,1.,1.,1.,1.,0.,0.,0.,0.998717355,0.,0.,       1009P    876
0.,1.,0.,0.,1.;                                                     1009P    877
110,-5.85,-1.35,-3.948894778,-5.85,-7.192496529,-3.948894778;       1011P    878
126,1,1,1,0,1,0,0.,0.,1.,1.,1.,1.,0.998717355,0.,0.,1.,             1013P    879
0.265803301,0.,0.,1.,0.,0.,1.;                                      1013P    880
110,-5.85,-7.192496529,-3.948894778,-5.85,-7.2,-3.935898385;        1015P    881
126,1,1,1,0,1,0,0.,0.,1.,1.,1.,1.,1.,0.265803301,0.,1.,1.,0.,       1017P    882
0.,1.,0.,0.,1.;                                                     1017P    883
110,-5.85,-7.2,-3.935898385,-5.85,-7.2,-3.9;                        1019P    884
126,1,1,1,0,1,0,0.,0.,1.,1.,1.,1.,1.,1.,0.,0.,1.,0.,0.,1.,0.,       1021P    885
0.,1.;                                                              1021P    886
110,-5.85,-7.2,-3.9,-5.85,-1.35,-3.9;                               1023P    887
126,1,1,1,0,1,0,0.,0.,1.,1.,1.,1.,0.,1.,0.,0.,0.,0.,0.,1.,0.,       1025P    888
0.,1.;                                                              1025P    889
110,-5.85,-1.35,-3.9,-5.85,-1.35,-3.948894778;                      1027P    890
102,5,1009,1013,1017,1021,1025;                                     1029P    891
102,5,1011,1015,1019,1023,1027;                                     1031P    892
142,1,1007,1029,1031,1;                                             1033P    893
144,1007,1,0,1033;                                                  1035P    894
128,1,1,1,1,0,0,1,0,0,0.,0.,1.,1.,0.,0.,1.,1.,1.,1.,1.,1.,23.8,     1037P    895
-1.35,-7.4,-5.85,-1.35,-7.4,23.8,-1.35,-3.9,-5.85,-1.35,-3.9,       1037P    896
0.,1.,0.,1.;                                                        1037P    897
126,1,1,1,0,1,0,0.,0.,1.,1.,1.,1.,0.,1.,0.,0.,0.986030063,0.,       1039P    898
0.,1.,0.,0.,1.;                                                     1039P    899
110,23.8,-1.35,-3.9,23.8,-1.35,-3.948894778;                        1041P    900
126,1,1,1,0,1,0,0.,0.,1.,1.,1.,1.,0.,0.986030063,0.,                1043P    901
0.101180438,0.,0.,0.,1.,0.,0.,1.;                                   1043P    902
110,23.8,-1.35,-3.948894778,20.8,-1.35,-7.4;                        1045P    903
126,1,1,1,0,1,0,0.,0.,1.,1.,1.,1.,0.101180438,0.,0.,                1047P    904
0.898819562,0.,0.,0.,1.,0.,0.,1.;                                   1047P    905
110,20.8,-1.35,-7.4,-2.85,-1.35,-7.4;                               1049P    906
126,1,1,1,0,1,0,0.,0.,1.,1.,1.,1.,0.898819562,0.,0.,1.,             1051P    907
0.986030063,0.,0.,1.,0.,0.,1.;                                      1051P    908
110,-2.85,-1.35,-7.4,-5.85,-1.35,-3.948894778;                      1053P    909
126,1,1,1,0,1,0,0.,0.,1.,1.,1.,1.,1.,0.986030063,0.,1.,1.,0.,       1055P    910
0.,1.,0.,0.,1.;                                                     1055P    911
110,-5.85,-1.35,-3.948894778,-5.85,-1.35,-3.9;                      1057P    912
126,1,1,1,0,1,0,0.,0.,1.,1.,1.,1.,1.,1.,0.,0.,1.,0.,0.,1.,0.,       1059P    913
0.,1.;                                                              1059P    914
110,-5.85,-1.35,-3.9,23.8,-1.35,-3.9;                               1061P    915
102,6,1039,1043,1047,1051,1055,1059;                                1063P    916
102,6,1041,1045,1049,1053,1057,1061;                                1065P    917
142,1,1037,1063,1065,1;                                             1067P    918
144,1037,1,0,1067;                                                  1069P    919
128,1,1,1,1,0,0,1,0,0,0.,0.,1.,1.,0.,0.,1.,1.,1.,1.,1.,1.,          1071P    920
-2.85,-1.35,-7.4,20.8,-1.35,-7.4,-2.85,-5.2,-7.4,20.8,-5.2,         1071P    921
-7.4,0.,1.,0.,1.;                                                   1071P    922
126,1,1,1,0,1,0,0.,0.,1.,1.,1.,1.,1.,0.,0.,1.,1.,0.,0.,1.,0.,       1073P    923
0.,1.;                                                              1073P    924
110,20.8,-1.35,-7.4,20.8,-5.2,-7.4;                                 1075P    925
126,1,1,1,0,1,0,0.,0.,1.,1.,1.,1.,1.,1.,0.,0.,1.,0.,0.,1.,0.,       1077P    926
0.,1.;                                                              1077P    927
110,20.8,-5.2,-7.4,-2.85,-5.2,-7.4;                                 1079P    928
126,1,1,1,0,1,0,0.,0.,1.,1.,1.,1.,0.,1.,0.,0.,0.,0.,0.,1.,0.,       1081P    929
0.,1.;                                                              1081P    930
110,-2.85,-5.2,-7.4,-2.85,-1.35,-7.4;                               1083P    931
126,1,1,1,0,1,0,0.,0.,1.,1.,1.,1.,0.,0.,0.,1.,0.,0.,0.,1.,0.,       1085P    932
0.,1.;                                                              1085P    933
110,-2.85,-1.35,-7.4,20.8,-1.35,-7.4;                               1087P    934
102,4,1073,1077,1081,1085;                                          1089P    935
102,4,1075,1079,1083,1087;                                          1091P    936
142,1,1071,1089,1091,1;                                             1093P    937
144,1071,1,0,1093;                                                  1095P    938
128,1,1,1,1,0,0,1,0,0,0.,0.,1.,1.,0.,0.,1.,1.,1.,1.,1.,1.,23.8,     1097P    939
-7.04109198,-3.948894778,23.8,-1.35,-3.948894778,20.8,              1097P    940
-7.04109198,-7.4,20.8,-1.35,-7.4,0.,1.,0.,1.;                       1097P    941
126,1,1,1,0,1,0,0.,0.,1.,1.,1.,1.,1.,0.,0.,1.,1.,0.,0.,1.,0.,       1099P    942
0.,1.;                                                              1099P    943
110,23.8,-1.35,-3.948894778,20.8,-1.35,-7.4;                        1101P    944
126,1,1,1,0,1,0,0.,0.,1.,1.,1.,1.,1.,1.,0.,0.323504169,1.,0.,       1103P    945
0.,1.,0.,0.,1.;                                                     1103P    946
110,20.8,-1.35,-7.4,20.8,-5.2,-7.4;                                 1105P    947
126,1,1,1,0,1,0,0.,0.,1.,1.,1.,1.,0.323504169,1.,0.,                1107P    948
0.005964215,0.093022718,0.,0.,1.,0.,0.,1.;                          1107P    949
110,20.8,-5.2,-7.4,23.520931846,-7.007149086,-4.269925967;          1109P    950
126,4,2,1,0,1,0,0.,0.,0.,0.5,0.5,1.,1.,1.,1.,1.,1.,1.,1.,           1111P    951
0.005964215,0.093022718,0.,0.025993339,0.048738319,0.,              1111P    952
0.053941373,0.024369159,0.,0.081889408,0.,0.,0.112648325,0.,0.,     1111P    953
0.,1.,0.,0.,-1.;                                                    1111P    954
126,3,3,1,0,0,0,0.,0.,0.,0.,1.,1.,1.,1.,1.,0.939077101483353,       1113P    955
0.939077101483353,1.,23.520931846,-7.007149086,-4.269925967,        1113P    956
23.700942406,-6.852700638,-4.062847505,23.8,-6.637187952,           1113P    957
-3.948894778,23.8,-6.4,-3.948894778,0.,1.,0.75470958,0.,            1113P    958
-0.656059029;                                                       1113P    959
126,1,1,1,0,1,0,0.,0.,1.,1.,1.,1.,0.112648325,0.,0.,1.,0.,0.,       1115P    960
0.,1.,0.,0.,1.;                                                     1115P    961
110,23.8,-6.4,-3.948894778,23.8,-1.35,-3.948894778;                 1117P    962
102,5,1099,1103,1107,1111,1115;                                     1119P    963
102,5,1101,1105,1109,1113,1117;                                     1121P    964
142,1,1097,1119,1121,1;                                             1123P    965
144,1097,1,0,1123;                                                  1125P    966
128,1,1,1,1,0,0,1,0,0,0.,0.,1.,1.,0.,0.,1.,1.,1.,1.,1.,1.,          1127P    967
-5.85,-1.35,-3.948894778,-5.85,-7.227551508,-3.948894778,-2.85,     1127P    968
-1.35,-7.4,-2.85,-7.227551508,-7.4,0.,1.,0.,1.;                     1127P    969
126,1,1,1,0,1,0,0.,0.,1.,1.,1.,1.,0.,1.,0.,0.,0.,0.,0.,1.,0.,       1129P    970
0.,1.;                                                              1129P    971
110,-2.85,-1.35,-7.4,-5.85,-1.35,-3.948894778;                      1131P    972
126,1,1,1,0,1,0,0.,0.,1.,1.,1.,1.,0.,0.,0.,0.994035785,0.,0.,       1133P    973
0.,1.,0.,0.,1.;                                                     1133P    974
110,-5.85,-1.35,-3.948894778,-5.85,-7.192496529,-3.948894778;       1135P    975
126,1,1,1,0,1,0,0.,0.,1.,1.,1.,1.,0.994035785,0.,0.,                1137P    976
0.655034668,1.,0.,0.,1.,0.,0.,1.;                                   1137P    977
110,-5.85,-7.192496529,-3.948894778,-2.85,-5.2,-7.4;                1139P    978
126,1,1,1,0,1,0,0.,0.,1.,1.,1.,1.,0.655034668,1.,0.,0.,1.,0.,       1141P    979
0.,1.,0.,0.,1.;                                                     1141P    980
110,-2.85,-5.2,-7.4,-2.85,-1.35,-7.4;                               1143P    981
102,4,1129,1133,1137,1141;                                          1145P    982
102,4,1131,1135,1139,1143;                                          1147P    983
142,1,1127,1145,1147,1;                                             1149P    984
144,1127,1,0,1149;                                                  1151P    985
128,1,1,1,1,0,0,1,0,0,0.,0.,1.,1.,0.,0.,1.,1.,1.,1.,1.,1.,          1153P    986
-5.85,-7.2,-3.935898385,23.697157437,-7.2,-3.935898385,-5.85,       1153P    987
-5.2,-7.4,23.697157437,-5.2,-7.4,0.,1.,0.,1.;                       1153P    988
126,1,1,1,0,1,0,0.,0.,1.,1.,1.,1.,0.901948015,1.,0.,0.10153261,     1155P    989
1.,0.,0.,1.,0.,0.,1.;                                               1155P    990
110,20.8,-5.2,-7.4,-2.85,-5.2,-7.4;                                 1157P    991
126,1,1,1,0,1,0,0.,0.,1.,1.,1.,1.,0.10153261,1.,0.,0.,              1159P    992
0.003751736,0.,0.,1.,0.,0.,1.;                                      1159P    993
110,-2.85,-5.2,-7.4,-5.85,-7.192496529,-3.948894778;                1161P    994
126,1,1,1,0,1,0,0.,0.,1.,1.,1.,1.,0.,0.003751736,0.,0.,0.,0.,       1163P    995
0.,1.,0.,0.,1.;                                                     1163P    996
110,-5.85,-7.192496529,-3.948894778,-5.85,-7.2,-3.935898385;        1165P    997
126,1,1,1,0,1,0,0.,0.,1.,1.,1.,1.,0.,0.,0.,0.976405262,0.,0.,       1167P    998
0.,1.,0.,0.,1.;                                                     1167P    999
110,-5.85,-7.2,-3.935898385,23.,-7.2,-3.935898385;                  1169P   1000
126,4,2,1,0,1,0,0.,0.,0.,0.5,0.5,1.,1.,1.,1.,1.,1.,1.,1.,           1171P   1001
0.976405262,0.,0.,0.981256094,0.,0.,0.985805203,0.024880141,0.,     1171P   1002
0.990354312,0.049760282,0.,0.994035785,0.096425457,0.,0.,1.,0.,     1171P   1003
0.,-1.;                                                             1171P   1004
126,3,3,1,0,0,0,0.,0.,0.,0.,1.,1.,1.,1.,1.,0.958533098235546,       1173P   1005
0.958533098235546,1.,23.,-7.2,-3.935898385,23.193171243,-7.2,       1173P   1006
-3.935898385,23.374327166,-7.132935401,-4.052057678,                1173P   1007
23.520931846,-7.007149086,-4.269925967,0.,1.,0.,-0.866025404,       1173P   1008
-0.5;                                                               1173P   1009
126,1,1,1,0,1,0,0.,0.,1.,1.,1.,1.,0.994035785,0.096425457,0.,       1175P   1010
0.901948015,1.,0.,0.,1.,0.,0.,1.;                                   1175P   1011
110,23.520931846,-7.007149086,-4.269925967,20.8,-5.2,-7.4;          1177P   1012
102,6,1155,1159,1163,1167,1171,1175;                                1179P   1013
102,6,1157,1161,1165,1169,1173,1177;                                1181P   1014
142,1,1153,1179,1181,1;                                             1183P   1015
144,1153,1,0,1183;                                                  1185P   1016
128,1,1,1,1,0,0,1,0,0,0.,0.,1.,1.,0.,0.,1.,1.,1.,1.,1.,1.,          1187P   1017
-1.323,29.8,-6.4,-5.877,29.8,-6.4,-1.323,28.8,-7.4,-5.877,28.8,     1187P   1018
-7.4,0.,1.,0.,1.;                                                   1187P   1019
126,1,1,1,0,1,0,0.,0.,1.,1.,1.,1.,0.005928854,0.,0.,                1189P   1020
0.994071146,0.,0.,0.,1.,0.,0.,1.;                                   1189P   1021
110,-1.35,29.8,-6.4,-5.85,29.8,-6.4;                                1191P   1022
126,1,1,1,0,1,0,0.,0.,1.,1.,1.,1.,0.994071146,0.,0.,0.77448397,     1193P   1023
1.,0.,0.,1.,0.,0.,1.;                                               1193P   1024
110,-5.85,29.8,-6.4,-4.85,28.8,-7.4;                                1195P   1025
126,1,1,1,0,1,0,0.,0.,1.,1.,1.,1.,0.77448397,1.,0.,0.22551603,      1197P   1026
1.,0.,0.,1.,0.,0.,1.;                                               1197P   1027
110,-4.85,28.8,-7.4,-2.35,28.8,-7.4;                                1199P   1028
126,1,1,1,0,1,0,0.,0.,1.,1.,1.,1.,0.22551603,1.,0.,0.005928854,     1201P   1029
0.,0.,0.,1.,0.,0.,1.;                                               1201P   1030
110,-2.35,28.8,-7.4,-1.35,29.8,-6.4;                                1203P   1031
102,4,1189,1193,1197,1201;                                          1205P   1032
102,4,1191,1195,1199,1203;                                          1207P   1033
142,1,1187,1205,1207,1;                                             1209P   1034
144,1187,1,0,1209;                                                  1211P   1035
128,1,1,1,1,0,0,1,0,0,0.,0.,1.,1.,0.,0.,1.,1.,1.,1.,1.,1.,          1213P   1036
-5.85,29.9512,-6.4,-5.85,4.4488,-6.4,-4.85,29.9512,-7.4,-4.85,      1213P   1037
4.4488,-7.4,0.,1.,0.,1.;                                            1213P   1038
126,1,1,1,0,1,0,0.,0.,1.,1.,1.,1.,0.005928854,0.,0.,                1215P   1039
0.994071146,0.,0.,0.,1.,0.,0.,1.;                                   1215P   1040
110,-5.85,29.8,-6.4,-5.85,4.6,-6.4;                                 1217P   1041
126,1,1,1,0,1,0,0.,0.,1.,1.,1.,1.,0.994071146,0.,0.,                1219P   1042
0.954859151,1.,0.,0.,1.,0.,0.,1.;                                   1219P   1043
110,-5.85,4.6,-6.4,-4.85,5.6,-7.4;                                  1221P   1044
126,1,1,1,0,1,0,0.,0.,1.,1.,1.,1.,0.954859151,1.,0.,                1223P   1045
0.045140849,1.,0.,0.,1.,0.,0.,1.;                                   1223P   1046
110,-4.85,5.6,-7.4,-4.85,28.8,-7.4;                                 1225P   1047
126,1,1,1,0,1,0,0.,0.,1.,1.,1.,1.,0.045140849,1.,0.,                1227P   1048
0.005928854,0.,0.,0.,1.,0.,0.,1.;                                   1227P   1049
110,-4.85,28.8,-7.4,-5.85,29.8,-6.4;                                1229P   1050
102,4,1215,1219,1223,1227;                                          1231P   1051
102,4,1217,1221,1225,1229;                                          1233P   1052
142,1,1213,1231,1233,1;                                             1235P   1053
144,1213,1,0,1235;                                                  1237P   1054
128,1,1,1,1,0,0,1,0,0,0.,0.,1.,1.,0.,0.,1.,1.,1.,1.,1.,1.,          1239P   1055
-1.35,4.4488,-6.4,-1.35,29.9512,-6.4,-2.35,4.4488,-7.4,-2.35,       1239P   1056
29.9512,-7.4,0.,1.,0.,1.;                                           1239P   1057
126,1,1,1,0,1,0,0.,0.,1.,1.,1.,1.,0.954859151,1.,0.,                1241P   1058
0.045140849,1.,0.,0.,1.,0.,0.,1.;                                   1241P   1059
110,-2.35,28.8,-7.4,-2.35,5.6,-7.4;                                 1243P   1060
126,1,1,1,0,1,0,0.,0.,1.,1.,1.,1.,0.045140849,1.,0.,                1245P   1061
0.005928854,0.,0.,0.,1.,0.,0.,1.;                                   1245P   1062
110,-2.35,5.6,-7.4,-1.35,4.6,-6.4;                                  1247P   1063
126,1,1,1,0,1,0,0.,0.,1.,1.,1.,1.,0.005928854,0.,0.,                1249P   1064
0.994071146,0.,0.,0.,1.,0.,0.,1.;                                   1249P   1065
110,-1.35,4.6,-6.4,-1.35,29.8,-6.4;                                 1251P   1066
126,1,1,1,0,1,0,0.,0.,1.,1.,1.,1.,0.994071146,0.,0.,                1253P   1067
0.954859151,1.,0.,0.,1.,0.,0.,1.;                                   1253P   1068
110,-1.35,29.8,-6.4,-2.35,28.8,-7.4;                                1255P   1069
102,4,1241,1245,1249,1253;                                          1257P   1070
102,4,1243,1247,1251,1255;                                          1259P   1071
142,1,1239,1257,1259,1;                                             1261P   1072
144,1239,1,0,1261;                                                  1263P   1073
128,1,1,1,1,0,0,1,0,0,0.,0.,1.,1.,0.,0.,1.,1.,1.,1.,1.,1.,          1265P   1074
-5.877,4.6,-6.4,-1.323,4.6,-6.4,-5.877,5.6,-7.4,-1.323,5.6,         1265P   1075
-7.4,0.,1.,0.,1.;                                                   1265P   1076
126,1,1,1,0,1,0,0.,0.,1.,1.,1.,1.,0.005928854,0.,0.,                1267P   1077
0.994071146,0.,0.,0.,1.,0.,0.,1.;                                   1267P   1078
110,-5.85,4.6,-6.4,-1.35,4.6,-6.4;                                  1269P   1079
126,1,1,1,0,1,0,0.,0.,1.,1.,1.,1.,0.994071146,0.,0.,0.77448397,     1271P   1080
1.,0.,0.,1.,0.,0.,1.;                                               1271P   1081
110,-1.35,4.6,-6.4,-2.35,5.6,-7.4;                                  1273P   1082
126,1,1,1,0,1,0,0.,0.,1.,1.,1.,1.,0.77448397,1.,0.,0.22551603,      1275P   1083
1.,0.,0.,1.,0.,0.,1.;                                               1275P   1084
110,-2.35,5.6,-7.4,-4.85,5.6,-7.4;                                  1277P   1085
126,1,1,1,0,1,0,0.,0.,1.,1.,1.,1.,0.22551603,1.,0.,0.005928854,     1279P   1086
0.,0.,0.,1.,0.,0.,1.;                                               1279P   1087
110,-4.85,5.6,-7.4,-5.85,4.6,-6.4;                                  1281P   1088
102,4,1267,1271,1275,1279;                                          1283P   1089
102,4,1269,1273,1277,1281;                                          1285P   1090
142,1,1265,1283,1285,1;                                             1287P   1091
144,1265,1,0,1287;                                                  1289P   1092
110,12.8,-7.201,0.,12.8,992.799,0.;                                 1291P   1093
110,12.8,-7.2,3.,12.8,0.,3.;                                        1293P   1094
120,1291,1293,0.,6.28318530717959;                                  1295P   1095
126,1,1,1,0,1,0,0.,0.,1.,1.,1.,1.,1.,3.141592654,0.,1.,0.,0.,       1297P   1096
0.,1.,0.,0.,1.;                                                     1297P   1097
124,1.40271576953299E-014,1.,0.,12.7999999999998,                   1299P   1098
-6.12323399573677E-017,8.58915688636046E-031,-1.,                   1299P   1099
7.83773951454306E-016,-1.,1.40271576953299E-014,                    1299P   1100
6.12323399573677E-017,12.8;                                         1299P   1101
100,0.,12.8,0.,15.8,0.,9.8,0.;                                      1301P   1102
126,1,1,1,0,1,0,0.,0.,1.,1.,1.,1.,1.,0.,0.,0.,0.,0.,0.,1.,0.,       1303P   1103
0.,1.;                                                              1303P   1104
110,12.8,0.,3.,12.8,-7.2,3.;                                        1305P   1105
126,1,1,1,0,1,0,0.,0.,1.,1.,1.,1.,0.,0.,0.,0.,3.141592654,0.,       1307P   1106
0.,1.,0.,0.,1.;                                                     1307P   1107
124,1.38592812299128E-014,1.,-1.6787646541711E-016,                 1309P   1108
19.9999999999998,-6.12323399573653E-017,1.67876465417111E-016,      1309P   1109
1.,-7.2,1.,-1.38592812299128E-014,6.12323399573677E-017,            1309P   1110
-12.8000000000001;                                                  1309P   1111
100,0.,12.8,-7.2,15.8,-7.2,9.8,-7.2;                                1311P   1112
126,1,1,1,0,1,0,0.,0.,1.,1.,1.,1.,0.,3.141592654,0.,1.,             1313P   1113
3.141592654,0.,0.,1.,0.,0.,1.;                                      1313P   1114
110,12.8,-7.2,-3.,12.8,0.,-3.;                                      1315P   1115
102,4,1297,1303,1307,1313;                                          1317P   1116
102,4,1301,1305,1311,1315;                                          1319P   1117
142,1,1295,1317,1319,1;                                             1321P   1118
144,1295,1,0,1321;                                                  1323P   1119
110,-6.4,29.,-3.9,-6.4,29.,996.1;                                   1325P   1120
110,-5.6,29.,-3.9,-5.6,29.,3.9;                                     1327P   1121
120,1325,1327,0.,6.28318530717959;                                  1329P   1122
126,1,1,1,0,1,0,0.,0.,1.,1.,1.,1.,0.,1.570796327,0.,0.,             1331P   1123
3.141592654,0.,0.,1.,0.,0.,1.;                                      1331P   1124
100,-3.9,-6.4,29.,-6.4,29.8,-7.2,29.;                               1333P   1125
126,1,1,1,0,1,0,0.,0.,1.,1.,1.,1.,0.,3.141592654,0.,1.,             1335P   1126
3.141592654,0.,0.,1.,0.,0.,1.;                                      1335P   1127
110,-7.2,29.,-3.9,-7.2,29.,3.9;                                     1337P   1128
126,1,1,1,0,1,0,0.,0.,1.,1.,1.,1.,1.,3.141592654,0.,1.,             1339P   1129
1.570796327,0.,0.,1.,0.,0.,1.;                                      1339P   1130
124,-1.,-6.66133814775094E-016,6.98296267768627E-015,-12.8,         1341P   1131
-6.66133814775094E-016,1.,0.,-5.05706587716757E-015,                1341P   1132
-6.98296267768627E-015,-4.65158756923706E-030,-1.,                  1341P   1133
7.79999999999996;                                                   1341P   1134
100,3.9,-6.4,29.,-5.6,29.,-6.4,29.8;                                1343P   1135
126,1,1,1,0,1,0,0.,0.,1.,1.,1.,1.,1.,1.570796327,0.,0.,             1345P   1136
1.570796327,0.,0.,1.,0.,0.,1.;                                      1345P   1137
110,-6.4,29.8,3.9,-6.4,29.8,-3.9;                                   1347P   1138
102,4,1331,1335,1339,1345;                                          1349P   1139
102,4,1333,1337,1343,1347;                                          1351P   1140
142,1,1329,1349,1351,1;                                             1353P   1141
144,1329,1,0,1353;                                                  1355P   1142
110,23.,-6.4,-3.9,23.,-6.4,996.1;                                   1357P   1143
110,23.8,-6.4,-4.321165078,23.8,-6.4,4.321165078;                   1359P   1144
120,1357,1359,0.,6.28318530717959;                                  1361P   1145
126,4,2,1,0,1,0,0.,0.,0.,0.5,0.5,1.,1.,1.,1.,1.,1.,1.,1.,           1363P   1146
0.005928854,5.421507197,0.,0.024284277,5.648631161,0.,              1363P   1147
0.03334399,5.852346252,0.,0.043075223,6.071161039,0.,               1363P   1148
0.043075223,6.283185307,0.,0.,1.,0.,0.,1.;                          1363P   1149
126,3,3,1,0,0,0,0.,0.,0.,0.,1.,1.,1.,1.,1.,0.939077101483353,       1365P   1150
0.939077101483353,1.,23.520931846,-7.007149086,-4.269925967,        1365P   1151
23.700942406,-6.852700638,-4.062847505,23.8,-6.637187952,           1365P   1152
-3.948894778,23.8,-6.4,-3.948894778,0.,1.,0.75470958,0.,            1365P   1153
-0.656059029;                                                       1365P   1154
126,1,1,1,0,1,0,0.,0.,1.,1.,1.,1.,0.043075223,6.283185307,0.,       1367P   1155
0.956924777,6.283185307,0.,0.,1.,0.,0.,1.;                          1367P   1156
110,23.8,-6.4,-3.948894778,23.8,-6.4,3.948894778;                   1369P   1157
126,4,2,1,0,1,0,0.,0.,0.,0.5,0.5,1.,1.,1.,1.,1.,1.,1.,1.,           1371P   1158
0.956924777,6.283185307,0.,0.956924777,6.071161039,0.,              1371P   1159
0.96665601,5.852346252,0.,0.975715723,5.648631161,0.,               1371P   1160
0.994071146,5.421507197,0.,0.,1.,0.,0.,1.;                          1371P   1161
126,3,3,1,0,0,0,0.,0.,0.,0.,1.,1.,1.,1.,1.,0.939077101483352,       1373P   1162
0.939077101483352,1.,23.8,-6.4,3.948894778,23.8,-6.637187952,       1373P   1163
3.948894778,23.700942406,-6.852700638,4.062847505,23.520931846,     1373P   1164
-7.007149086,4.269925967,0.,1.,0.75470958,0.,0.656059029;           1373P   1165
126,4,2,1,0,1,0,0.,0.,0.,0.5,0.5,1.,1.,1.,1.,1.,1.,1.,1.,           1375P   1166
0.994071146,5.421507197,0.,0.97491784,5.238050713,0.,               1375P   1167
0.965393667,5.066948089,0.,0.95542097,4.887787704,0.,               1375P   1168
0.95542097,4.71238898,0.,0.,1.,0.,0.,1.;                            1375P   1169
126,3,3,1,0,0,0,0.,0.,0.,0.,1.,1.,1.,1.,1.,0.958533098235548,       1377P   1170
0.958533098235548,1.,23.520931846,-7.007149086,4.269925967,         1377P   1171
23.374327166,-7.132935401,4.052057678,23.193171243,-7.2,            1377P   1172
3.935898385,23.,-7.2,3.935898385,0.,1.,0.,-0.866025404,0.5;         1377P   1173
126,1,1,1,0,1,0,0.,0.,1.,1.,1.,1.,0.95542097,4.71238898,0.,         1379P   1174
0.04457903,4.71238898,0.,0.,1.,0.,0.,1.;                            1379P   1175
110,23.,-7.2,3.935898385,23.,-7.2,-3.935898385;                     1381P   1176
126,4,2,1,0,1,0,0.,0.,0.,0.5,0.5,1.,1.,1.,1.,1.,1.,1.,1.,           1383P   1177
0.04457903,4.71238898,0.,0.04457903,4.887787704,0.,0.034606333,     1383P   1178
5.066948089,0.,0.02508216,5.238050713,0.,0.005928854,               1383P   1179
5.421507197,0.,0.,1.,0.,0.,1.;                                      1383P   1180
126,3,3,1,0,0,0,0.,0.,0.,0.,1.,1.,1.,1.,1.,0.958533098235546,       1385P   1181
0.958533098235546,1.,23.,-7.2,-3.935898385,23.193171243,-7.2,       1385P   1182
-3.935898385,23.374327166,-7.132935401,-4.052057678,                1385P   1183
23.520931846,-7.007149086,-4.269925967,0.,1.,0.,-0.866025404,       1385P   1184
-0.5;                                                               1385P   1185
102,6,1363,1367,1371,1375,1379,1383;                                1387P   1186
102,6,1365,1369,1373,1377,1381,1385;                                1389P   1187
142,1,1361,1387,1389,1;                                             1391P   1188
144,1361,1,0,1391;                                                  1393P   1189
110,23.,-0.8,-3.9,23.,-0.8,996.1;                                   1395P   1190
110,23.8,-0.8,-3.9,23.8,-0.8,3.9;                                   1397P   1191
120,1395,1397,0.,6.28318530717959;                                  1399P   1192
126,1,1,1,0,1,0,0.,0.,1.,1.,1.,1.,0.,0.,0.,0.,1.570796327,0.,       1401P   1193
0.,1.,0.,0.,1.;                                                     1401P   1194
100,-3.9,23.,-0.8,23.8,-0.8,23.,0.;                                 1403P   1195
126,1,1,1,0,1,0,0.,0.,1.,1.,1.,1.,0.,1.570796327,0.,1.,             1405P   1196
1.570796327,0.,0.,1.,0.,0.,1.;                                      1405P   1197
110,23.,0.,-3.9,23.,0.,3.9;                                         1407P   1198
126,1,1,1,0,1,0,0.,0.,1.,1.,1.,1.,1.,1.570796327,0.,1.,0.,0.,       1409P   1199
0.,1.,0.,0.,1.;                                                     1409P   1200
124,1.44712469037817E-014,1.,0.,23.7999999999997,1.,                1411P   1201
-1.44712469037817E-014,-6.98296267768627E-015,-23.8,                1411P   1202
-6.98296267768627E-015,1.01052177035048E-028,-1.,                   1411P   1203
7.80000000000016;                                                   1411P   1204
100,3.9,23.,-0.8,23.8,-0.8,23.,0.;                                  1413P   1205
126,1,1,1,0,1,0,0.,0.,1.,1.,1.,1.,1.,0.,0.,0.,0.,0.,0.,1.,0.,       1415P   1206
0.,1.;                                                              1415P   1207
110,23.8,-0.8,3.9,23.8,-0.8,-3.9;                                   1417P   1208
102,4,1401,1405,1409,1415;                                          1419P   1209
102,4,1403,1407,1413,1417;                                          1421P   1210
142,1,1399,1419,1421,1;                                             1423P   1211
144,1399,1,0,1423;                                                  1425P   1212
110,-0.8,29.,-3.9,-0.8,29.,996.1;                                   1427P   1213
110,0.,29.,-3.9,0.,29.,3.9;                                         1429P   1214
120,1427,1429,0.,6.28318530717959;                                  1431P   1215
126,1,1,1,0,1,0,0.,0.,1.,1.,1.,1.,0.,0.,0.,0.,1.570796327,0.,       1433P   1216
0.,1.,0.,0.,1.;                                                     1433P   1217
100,-3.9,-0.8,29.,0.,29.,-0.8,29.8;                                 1435P   1218
126,1,1,1,0,1,0,0.,0.,1.,1.,1.,1.,0.,1.570796327,0.,1.,             1437P   1219
1.570796327,0.,0.,1.,0.,0.,1.;                                      1437P   1220
110,-0.8,29.8,-3.9,-0.8,29.8,3.9;                                   1439P   1221
126,1,1,1,0,1,0,0.,0.,1.,1.,1.,1.,1.,1.570796327,0.,1.,0.,0.,       1441P   1222
0.,1.,0.,0.,1.;                                                     1441P   1223
124,1.40271576922773E-014,1.,0.,-29.8,1.,                           1443P   1224
-1.40271576922773E-014,-6.98296267768627E-015,29.8000000000004,     1443P   1225
-6.98296267768627E-015,9.79511186594754E-029,-1.,                   1443P   1226
7.79999999999999;                                                   1443P   1227
100,3.9,-0.8,29.,0.,29.,-0.8,29.8;                                  1445P   1228
126,1,1,1,0,1,0,0.,0.,1.,1.,1.,1.,1.,0.,0.,0.,0.,0.,0.,1.,0.,       1447P   1229
0.,1.;                                                              1447P   1230
110,0.,29.,3.9,0.,29.,-3.9;                                         1449P   1231
102,4,1433,1437,1441,1447;                                          1451P   1232
102,4,1435,1439,1445,1449;                                          1453P   1233
142,1,1431,1451,1453,1;                                             1455P   1234
144,1431,1,0,1455;                                                  1457P   1235
110,-7.201,17.8,0.,992.799,17.8,0.;                                 1459P   1236
110,-7.2,20.8,0.,0.,20.8,0.;                                        1461P   1237
120,1459,1461,0.,6.28318530717959;                                  1463P   1238
126,1,1,1,0,1,0,0.,0.,1.,1.,1.,1.,1.,3.141592654,0.,1.,0.,0.,       1465P   1239
0.,1.,0.,0.,1.;                                                     1465P   1240
124,2.9106098590215E-016,6.12323399573637E-017,-1.,                 1467P   1241
-6.27082120029932E-015,-1.,1.37360967094278E-014,                   1467P   1242
-2.91060985902149E-016,17.7999999999997,1.37360967094278E-014,      1467P   1243
1.,6.12323399573677E-017,-17.8;                                     1467P   1244
100,0.,0.,17.8,3.,17.8,-3.,17.8;                                    1469P   1245
126,1,1,1,0,1,0,0.,0.,1.,1.,1.,1.,1.,0.,0.,0.,0.,0.,0.,1.,0.,       1471P   1246
0.,1.;                                                              1471P   1247
110,0.,20.8,0.,-7.2,20.8,0.;                                        1473P   1248
126,1,1,1,0,1,0,0.,0.,1.,1.,1.,1.,0.,0.,0.,0.,3.141592654,0.,       1475P   1249
0.,1.,0.,0.,1.;                                                     1475P   1250
124,3.74939945665464E-033,-6.12323399573677E-017,1.,                1477P   1251
-7.20000000000001,1.,6.12323399573677E-017,0.,25.,                  1477P   1252
-6.12323399573677E-017,1.,6.12323399573677E-017,-17.8;              1477P   1253
100,0.,-7.2,17.8,-4.2,17.8,-10.2,17.8;                              1479P   1254
126,1,1,1,0,1,0,0.,0.,1.,1.,1.,1.,0.,3.141592654,0.,1.,             1481P   1255
3.141592654,0.,0.,1.,0.,0.,1.;                                      1481P   1256
110,-7.2,14.8,0.,0.,14.8,0.;                                        1483P   1257
102,4,1465,1471,1475,1481;                                          1485P   1258
102,4,1469,1473,1479,1483;                                          1487P   1259
142,1,1463,1485,1487,1;                                             1489P   1260
144,1463,1,0,1489;                                                  1491P   1261
S      1G      4D   1492P   1261                                        T      1
